receivedAt,Unnamed: 0_mean,Unnamed: 0_std,dewpoint_mean_mean,dewpoint_mean_std,temperature_mean_mean,temperature_mean_std,humidity_mean_mean,humidity_mean_std,vaporPressureDeficit_mean_mean,vaporPressureDeficit_mean_std,dewpoint_max_mean,dewpoint_max_std,temperature_max_mean,temperature_max_std,humidity_max_mean,humidity_max_std,vaporPressureDeficit_max_mean,vaporPressureDeficit_max_std,dewpoint_min_mean,dewpoint_min_std,temperature_min_mean,temperature_min_std,humidity_min_mean,humidity_min_std,vaporPressureDeficit_min_mean,vaporPressureDeficit_min_std,t_above_threshold_mean,t_above_threshold_std,temperature_daytime_mean_mean,temperature_daytime_mean_std,temperature_nighttime_mean_mean,temperature_nighttime_mean_std,photosyntheticallyActiveRadiation_mean_mean,DLI_mol m-2 d-1
2024-06-30 00:00:00+00:00,0.0,0.0,15.75,0.0,17.733333333333334,0.0,88.33333333333333,0.0,0.2383333333333333,0.0,15.800000000000002,0.0,18.0,0.0,89.55000000000001,0.0,0.265,0.0,15.699999999999998,0.0,17.5,0.0,87.2,0.0,0.21,0.0,0.0,0.0,,,17.733333333333334,0.0,0.0,0.0
2024-07-01 00:00:00+00:00,1.0,0.0,16.537499999999998,0.0,20.57361111111111,0.0,79.90138888888889,0.0,0.655,0.0,17.0875,0.0,21.445833333333336,0.0,81.98333333333333,0.0,0.7654166666666667,0.0,16.125,0.0,19.8875,0.0,77.63333333333334,0.0,0.5604166666666667,0.0,0.0,0.0,23.39047619047619,0.0,16.630000000000003,0.0,197.05555555555557,17.0256
2024-07-02 00:00:00+00:00,2.0,0.0,15.790277777777776,0.0,22.74722222222222,0.0,68.99027777777778,0.0,1.1595833333333332,0.0,16.358333333333334,0.0,23.712499999999995,0.0,71.73333333333333,0.0,1.3329166666666667,0.0,15.2125,0.0,21.774999999999995,0.0,66.24166666666666,0.0,0.9883333333333332,0.0,0.0,0.0,27.361904761904764,0.0,16.286666666666665,0.0,359.94166666666666,31.09896
2024-07-03 00:00:00+00:00,3.0,0.0,15.043055555555556,0.0,18.72777777777777,0.0,80.8013888888889,0.0,0.4972222222222222,0.0,15.333333333333334,0.0,19.241666666666667,0.0,82.57083333333334,0.0,0.5670833333333333,0.0,14.741666666666667,0.0,18.275,0.0,78.83749999999999,0.0,0.4345833333333333,0.0,0.0,0.0,21.085714285714285,0.0,15.426666666666668,0.0,158.90902777777777,13.72974
2024-07-04 00:00:00+00:00,4.0,0.0,15.197222222222225,0.0,22.075,0.0,69.40416666666667,0.0,1.15125,0.0,15.758333333333333,0.0,22.870833333333334,0.0,72.02916666666667,0.0,1.2954166666666669,0.0,14.566666666666668,0.0,21.275,0.0,66.675,0.0,1.0033333333333332,0.0,0.0,0.0,27.15714285714285,0.0,14.96,0.0,384.4506944444444,33.216539999999995
2024-07-05 00:00:00+00:00,5.0,0.0,16.481944444444444,0.0,23.191666666666663,0.0,69.81527777777778,0.0,1.2045833333333331,0.0,16.95416666666667,0.0,23.866666666666664,0.0,72.08333333333333,0.0,1.33625,0.0,15.975,0.0,22.52916666666667,0.0,67.41250000000001,0.0,1.0879166666666666,0.0,0.0,0.0,28.47619047619048,0.0,15.793333333333331,0.0,360.2986111111111,31.1298
2024-07-06 00:00:00+00:00,6.0,0.0,17.789583333333333,0.0,23.178472222222226,0.0,73.55277777777778,0.0,0.9148611111111112,0.0,18.27083333333333,0.0,24.03333333333333,0.0,75.925,0.0,1.0633333333333332,0.0,17.295833333333334,0.0,22.412500000000005,0.0,70.91250000000001,0.0,0.7725,0.0,0.0,0.0,26.73333333333333,0.0,18.201666666666668,0.0,216.76319444444445,18.72834
2024-07-07 00:00:00+00:00,7.0,0.0,17.8625,0.0,21.479166666666668,0.0,80.71527777777779,0.0,0.5519444444444445,0.0,18.370833333333334,0.0,22.27083333333333,0.0,82.88333333333334,0.0,0.6466666666666666,0.0,17.420833333333334,0.0,20.75,0.0,78.75416666666666,0.0,0.45625,0.0,0.0,0.0,23.7,0.0,18.37,0.0,149.47916666666666,12.915
2024-07-08 00:00:00+00:00,8.0,0.0,18.4375,0.0,24.126388888888886,0.0,74.04652777777778,0.0,1.1036805555555556,0.0,18.979166666666668,0.0,24.875,0.0,76.24583333333334,0.0,1.25125,0.0,18.04583333333333,0.0,23.479166666666668,0.0,71.72083333333333,0.0,0.98375,0.0,0.0,0.0,28.633333333333336,0.0,17.816666666666666,0.0,317.01666666666665,27.39024
2024-07-09 00:00:00+00:00,9.0,0.0,18.820833333333333,0.0,24.59861111111111,0.0,73.35000000000001,0.0,1.1222222222222222,0.0,19.254166666666663,0.0,25.3875,0.0,75.92083333333333,0.0,1.2866666666666666,0.0,18.441666666666663,0.0,23.741666666666664,0.0,70.97916666666667,0.0,0.9554166666666668,0.0,0.0,0.0,29.495238095238097,0.0,17.743333333333332,0.0,269.49375000000003,23.28426
2024-07-10 00:00:00+00:00,10.0,0.0,19.8125,0.0,26.94861111111111,0.0,69.18333333333334,0.0,1.561388888888889,0.0,20.29583333333333,0.0,27.758333333333336,0.0,71.39166666666667,0.0,1.7354166666666666,0.0,19.329166666666666,0.0,26.22083333333333,0.0,67.14583333333333,0.0,1.3949999999999998,0.0,1.9486111111111093,0.0,32.66428571428572,0.0,18.946666666666665,0.0,348.4534722222222,30.10638
2024-07-11 00:00:00+00:00,11.0,0.0,20.641666666666666,0.0,27.52986111111112,0.0,69.47569444444444,0.0,1.5361805555555554,0.0,21.029166666666665,0.0,28.2375,0.0,71.65416666666667,0.0,1.694583333333333,0.0,20.2625,0.0,26.791666666666668,0.0,67.32916666666667,0.0,1.379166666666667,0.0,2.5298611111111136,0.0,32.76309523809524,0.0,20.203333333333333,0.0,346.9520833333333,29.97666
2024-07-12 00:00:00+00:00,12.0,0.0,18.90972222222222,0.0,23.243749999999995,0.0,78.07847222222223,0.0,0.7388194444444444,0.0,19.34583333333333,0.0,24.27083333333333,0.0,80.8625,0.0,0.8958333333333334,0.0,18.495833333333334,0.0,22.337499999999995,0.0,74.90833333333333,0.0,0.5954166666666666,0.0,0.0,0.0,25.45595238095238,0.0,20.14666666666667,0.0,239.4833333333333,20.69136
2024-07-13 00:00:00+00:00,13.0,0.0,18.888194444444444,0.0,25.552777777777777,0.0,69.88055555555556,0.0,1.3158333333333334,0.0,19.375,0.0,26.2625,0.0,72.08333333333333,0.0,1.47625,0.0,18.39583333333333,0.0,24.8125,0.0,67.35416666666667,0.0,1.17625,0.0,0.0,0.0,30.242857142857144,0.0,18.986666666666668,0.0,317.3305555555556,27.41736
2024-07-14 00:00:00+00:00,14.0,0.0,18.820833333333333,0.0,25.41111111111111,0.0,70.59861111111111,0.0,1.353611111111111,0.0,19.291666666666668,0.0,26.09166666666667,0.0,72.83749999999999,0.0,1.4895833333333333,0.0,18.329166666666666,0.0,24.745833333333334,0.0,68.1125,0.0,1.2145833333333331,0.0,0.0,0.0,31.011904761904763,0.0,17.57,0.0,344.24652777777777,29.742899999999995
2024-07-15 00:00:00+00:00,15.0,0.0,18.95208333333333,0.0,26.070833333333336,0.0,69.42222222222223,0.0,1.5160416666666665,0.0,19.4,0.0,26.649999999999995,0.0,71.45833333333333,0.0,1.6391666666666664,0.0,18.5125,0.0,25.42083333333333,0.0,67.44583333333334,0.0,1.382083333333333,0.0,1.0708333333333364,0.0,31.88095238095238,0.0,17.936666666666667,0.0,358.16388888888883,30.94536
2024-07-16 00:00:00+00:00,16.0,0.0,19.75555555555556,0.0,26.55972222222222,0.0,69.86111111111111,0.0,1.4619444444444445,0.0,20.308333333333334,0.0,27.412500000000005,0.0,72.32916666666667,0.0,1.612083333333333,0.0,19.22083333333333,0.0,25.72083333333333,0.0,67.4875,0.0,1.3008333333333333,0.0,1.55972222222222,0.0,32.05714285714286,0.0,18.863333333333333,0.0,362.3319444444445,31.30548
2024-07-17 00:00:00+00:00,17.0,0.0,20.08888888888889,0.0,25.429166666666664,0.0,74.65416666666667,0.0,1.0648611111111113,0.0,20.716666666666665,0.0,26.537500000000005,0.0,77.60000000000001,0.0,1.2666666666666666,0.0,19.620833333333334,0.0,24.3875,0.0,71.70416666666667,0.0,0.8641666666666666,0.0,0.0,0.0,29.90714285714285,0.0,19.16,0.0,233.2173611111111,20.14998
2024-07-18 00:00:00+00:00,18.0,0.0,20.216666666666665,0.0,27.13055555555556,0.0,70.125,0.0,1.5481944444444444,0.0,20.725,0.0,27.879166666666663,0.0,72.21666666666667,0.0,1.7025,0.0,19.766666666666666,0.0,26.445833333333336,0.0,68.06666666666668,0.0,1.419166666666667,0.0,2.1305555555555564,0.0,32.75714285714286,0.0,19.25333333333333,0.0,360.6430555555556,31.159560000000003
2024-07-19 00:00:00+00:00,19.0,0.0,19.709722222222226,0.0,24.47083333333333,0.0,77.87083333333334,0.0,0.9977777777777778,0.0,20.10833333333333,0.0,25.041666666666668,0.0,79.99583333333334,0.0,1.1025,0.0,19.354166666666668,0.0,23.899999999999995,0.0,75.82916666666667,0.0,0.8929166666666667,0.0,0.0,0.0,28.495238095238097,0.0,18.836666666666662,0.0,255.59722222222223,22.083600000000004
2024-07-20 00:00:00+00:00,20.0,0.0,18.916666666666668,0.0,23.222222222222225,0.0,78.96111111111111,0.0,0.7981944444444444,0.0,19.35,0.0,24.120833333333334,0.0,81.3,0.0,0.9499999999999998,0.0,18.491666666666667,0.0,22.337499999999995,0.0,76.66250000000001,0.0,0.6491666666666667,0.0,0.0,0.0,26.77142857142857,0.0,18.25333333333333,0.0,212.3652777777778,18.348360000000003
2024-07-21 00:00:00+00:00,21.0,0.0,19.904166666666665,0.0,25.105555555555554,0.0,75.53472222222221,0.0,1.0558333333333334,0.0,20.35,0.0,26.016666666666666,0.0,79.05416666666666,0.0,1.24375,0.0,19.45833333333333,0.0,24.129166666666663,0.0,72.47500000000001,0.0,0.8454166666666666,0.0,0.0,0.0,29.80238095238096,0.0,18.53,0.0,327.3236111111111,28.28076
2024-07-22 00:00:00+00:00,22.0,0.0,20.86458333333333,0.0,24.28333333333333,0.0,81.92083333333333,0.0,0.619375,0.0,21.35833333333333,0.0,25.229166666666668,0.0,84.31666666666666,0.0,0.7620833333333333,0.0,20.383333333333333,0.0,23.29583333333333,0.0,79.27083333333333,0.0,0.4883333333333333,0.0,0.0,0.0,27.592857142857145,0.0,19.65,0.0,353.7076388888889,30.56034
2024-07-23 00:00:00+00:00,23.0,0.0,19.904166666666665,0.0,23.45138888888889,0.0,81.70833333333333,0.0,0.6397222222222222,0.0,20.308333333333334,0.0,24.45833333333333,0.0,85.10000000000001,0.0,0.8233333333333334,0.0,19.5125,0.0,22.508333333333336,0.0,78.425,0.0,0.46875,0.0,0.0,0.0,26.27380952380952,0.0,19.5,0.0,231.63333333333333,20.01312
2024-07-24 00:00:00+00:00,24.0,0.0,19.184722222222224,0.0,24.563888888888886,0.0,75.16805555555555,0.0,1.0752777777777778,0.0,19.625,0.0,25.25,0.0,77.75833333333334,0.0,1.2154166666666668,0.0,18.7875,0.0,23.72083333333333,0.0,72.83333333333333,0.0,0.89875,0.0,0.0,0.0,28.861904761904764,0.0,18.546666666666667,0.0,299.6708333333333,25.89156
2024-07-25 00:00:00+00:00,25.0,0.0,19.97222222222222,0.0,25.016666666666666,0.0,75.19166666666666,0.0,0.94375,0.0,20.4375,0.0,25.899999999999995,0.0,78.12083333333334,0.0,1.13125,0.0,19.529166666666665,0.0,24.133333333333336,0.0,71.86666666666666,0.0,0.77875,0.0,0.0,0.0,28.63809523809524,0.0,19.946666666666665,0.0,303.30069444444445,26.20518
2024-07-26 00:00:00+00:00,26.0,0.0,20.07361111111111,0.0,26.14583333333333,0.0,70.78888888888889,0.0,1.180625,0.0,20.616666666666667,0.0,26.954166666666666,0.0,74.74166666666666,0.0,1.42,0.0,19.508333333333333,0.0,25.304166666666664,0.0,67.3125,0.0,0.9220833333333333,0.0,1.145833333333332,0.0,29.95238095238096,0.0,20.816666666666663,0.0,313.6451388888889,27.09894
2024-07-27 00:00:00+00:00,27.0,0.0,21.211111111111112,0.0,26.462499999999995,0.0,75.18472222222222,0.0,1.0963888888888889,0.0,21.854166666666668,0.0,27.33333333333333,0.0,79.46666666666667,0.0,1.3687499999999997,0.0,20.529166666666665,0.0,25.5125,0.0,70.70833333333333,0.0,0.8441666666666667,0.0,1.462500000000002,0.0,31.019047619047612,0.0,20.08333333333333,0.0,343.1583333333333,29.648879999999995
2024-07-28 00:00:00+00:00,28.0,0.0,21.99652777777777,0.0,26.31041666666667,0.0,79.28958333333334,0.0,0.9492361111111112,0.0,22.508333333333336,0.0,27.23333333333333,0.0,82.39166666666667,0.0,1.18625,0.0,21.445833333333336,0.0,25.433333333333334,0.0,75.62083333333334,0.0,0.7525,0.0,1.3104166666666686,0.0,31.075,0.0,19.64,0.0,330.85,28.58544
2024-07-29 00:00:00+00:00,29.0,0.0,21.44305555555556,0.0,25.940277777777776,0.0,78.13194444444444,0.0,0.9368055555555556,0.0,21.837499999999995,0.0,26.70833333333333,0.0,80.91250000000001,0.0,1.10875,0.0,21.058333333333334,0.0,25.212499999999995,0.0,75.49583333333334,0.0,0.7579166666666667,0.0,0.0,0.0,30.104761904761904,0.0,20.11,0.0,349.2097222222222,30.17172
2024-07-30 00:00:00+00:00,30.0,0.0,21.791666666666668,0.0,25.469444444444445,0.0,81.97361111111111,0.0,0.7780555555555555,0.0,22.1875,0.0,26.258333333333336,0.0,85.52916666666665,0.0,0.9720833333333334,0.0,21.416666666666668,0.0,24.566666666666663,0.0,78.825,0.0,0.56625,0.0,0.0,0.0,29.559523809523807,0.0,19.74333333333333,0.0,328.6430555555556,28.39476
2024-07-31 00:00:00+00:00,31.0,0.0,22.979166666666668,0.0,25.99236111111111,0.0,84.88819444444444,0.0,0.6697222222222222,0.0,23.45,0.0,26.695833333333336,0.0,87.17083333333333,0.0,0.82125,0.0,22.475000000000005,0.0,25.229166666666668,0.0,82.35416666666667,0.0,0.5295833333333334,0.0,0.0,0.0,30.175,0.0,20.136666666666667,0.0,321.6638888888889,27.79176
2024-08-01 00:00:00+00:00,32.0,0.0,21.089583333333334,0.0,23.88888888888889,0.0,85.45069444444444,0.0,0.5407638888888889,0.0,21.758333333333336,0.0,24.59583333333333,0.0,88.175,0.0,0.6687500000000001,0.0,20.45833333333333,0.0,23.179166666666664,0.0,82.92083333333333,0.0,0.4054166666666667,0.0,0.0,0.0,26.973809523809525,0.0,19.57,0.0,255.02847222222223,22.03446
2024-08-02 00:00:00+00:00,33.0,0.0,19.95138888888889,0.0,22.25,0.0,87.39861111111111,0.0,0.3966666666666666,0.0,20.48333333333333,0.0,22.962499999999995,0.0,88.96666666666665,0.0,0.4675,0.0,19.45416666666667,0.0,21.579166666666666,0.0,85.77916666666665,0.0,0.3308333333333333,0.0,0.0,0.0,25.361904761904764,0.0,17.893333333333334,0.0,261.9472222222222,22.63224
2024-08-03 00:00:00+00:00,34.0,0.0,20.154166666666665,0.0,23.22361111111111,0.0,83.85000000000001,0.0,0.54625,0.0,20.758333333333333,0.0,24.229166666666668,0.0,86.37916666666666,0.0,0.7129166666666666,0.0,19.54583333333333,0.0,22.375,0.0,80.97916666666667,0.0,0.41375,0.0,0.0,0.0,26.71428571428571,0.0,18.336666666666662,0.0,305.2263888888889,26.37156
2024-08-04 00:00:00+00:00,35.0,0.0,20.356944444444444,0.0,23.87361111111112,0.0,81.27499999999999,0.0,0.6131944444444445,0.0,20.85833333333333,0.0,24.78333333333333,0.0,84.075,0.0,0.7666666666666666,0.0,19.90833333333333,0.0,23.100000000000005,0.0,78.22083333333333,0.0,0.4845833333333333,0.0,0.0,0.0,26.985714285714284,0.0,19.516666666666666,0.0,309.4638888888889,26.73768
2024-08-05 00:00:00+00:00,36.0,0.0,21.459722222222226,0.0,25.162500000000005,0.0,81.24861111111112,0.0,0.7494444444444444,0.0,22.27083333333333,0.0,26.04583333333333,0.0,84.08333333333333,0.0,0.9812499999999998,0.0,20.695833333333333,0.0,24.162500000000005,0.0,77.3,0.0,0.56375,0.0,0.0,0.0,28.828571428571436,0.0,20.03,0.0,309.09166666666664,26.70552
2024-08-06 00:00:00+00:00,37.0,0.0,21.093055555555555,0.0,25.85972222222222,0.0,77.12777777777778,0.0,1.0084722222222222,0.0,21.829166666666666,0.0,26.604166666666668,0.0,81.11666666666666,0.0,1.2325000000000002,0.0,20.504166666666663,0.0,25.191666666666663,0.0,73.52916666666667,0.0,0.7741666666666668,0.0,0.0,0.0,30.00952380952381,0.0,20.05,0.0,291.3027777777777,25.16856
2024-08-07 00:00:00+00:00,38.0,0.0,18.87638888888889,0.0,21.90138888888889,0.0,84.63194444444444,0.0,0.5641666666666666,0.0,19.629166666666663,0.0,22.587499999999995,0.0,87.77499999999999,0.0,0.7012499999999999,0.0,18.266666666666666,0.0,21.225,0.0,81.9875,0.0,0.41625,0.0,0.0,0.0,24.83095238095238,0.0,17.8,0.0,206.56527777777777,17.84724
2024-08-08 00:00:00+00:00,39.0,0.0,19.846527777777776,0.0,23.92638888888889,0.0,80.61041666666667,0.0,0.8324305555555557,0.0,20.70833333333333,0.0,24.60833333333333,0.0,84.9875,0.0,1.0433333333333332,0.0,19.066666666666663,0.0,23.2,0.0,76.81666666666666,0.0,0.5962500000000001,0.0,0.0,0.0,28.695238095238096,0.0,17.25,0.0,321.47083333333336,27.77508
2024-08-09 00:00:00+00:00,40.0,0.0,21.42222222222222,0.0,25.25,0.0,82.28611111111111,0.0,0.8852777777777777,0.0,22.1125,0.0,25.941666666666663,0.0,85.25416666666666,0.0,1.05125,0.0,20.7875,0.0,24.52916666666667,0.0,79.71249999999999,0.0,0.6970833333333334,0.0,0.0,0.0,30.28571428571429,0.0,18.2,0.0,315.0222222222222,27.21792
2024-08-10 00:00:00+00:00,41.0,0.0,22.199305555555554,0.0,26.152430555555554,0.0,81.41701388888889,0.0,0.9333680555555556,0.0,22.58333333333333,0.0,26.729166666666668,0.0,83.04583333333333,0.0,1.035,0.0,21.8125,0.0,25.52083333333333,0.0,79.9375,0.0,0.8233333333333334,0.0,1.1524305555555543,0.0,31.00654761904762,0.0,19.356666666666666,0.0,312.71250000000003,27.01836
2024-08-11 00:00:00+00:00,42.0,0.0,23.355555555555554,0.0,26.659722222222225,0.0,83.21666666666667,0.0,0.7594444444444445,0.0,23.8125,0.0,27.2625,0.0,84.78750000000001,0.0,0.8516666666666667,0.0,22.829166666666666,0.0,26.05,0.0,81.47916666666667,0.0,0.67125,0.0,1.659722222222225,0.0,31.35952380952381,0.0,20.08,0.0,294.6548611111111,25.45818
2024-08-12 00:00:00+00:00,43.0,0.0,22.82777777777778,0.0,26.17361111111111,0.0,82.87361111111112,0.0,0.7286111111111112,0.0,23.479166666666668,0.0,26.90833333333333,0.0,85.175,0.0,0.8691666666666666,0.0,22.1375,0.0,25.462499999999995,0.0,80.3,0.0,0.6041666666666666,0.0,1.1736111111111107,0.0,30.39523809523809,0.0,20.26333333333333,0.0,254.03611111111115,21.94872
2024-08-13 00:00:00+00:00,44.0,0.0,20.60555555555556,0.0,24.67361111111111,0.0,80.52777777777779,0.0,0.857361111111111,0.0,21.1,0.0,25.6125,0.0,83.26666666666667,0.0,1.015,0.0,20.104166666666668,0.0,23.820833333333336,0.0,77.71666666666667,0.0,0.7029166666666667,0.0,0.0,0.0,28.86428571428572,0.0,18.806666666666665,0.0,259.1958333333333,22.39452
2024-08-14 00:00:00+00:00,45.0,0.0,19.479166666666668,0.0,20.72083333333333,0.0,92.90833333333336,0.0,0.2018055555555555,0.0,20.066666666666663,0.0,21.495833333333334,0.0,93.92916666666667,0.0,0.2545833333333333,0.0,19.008333333333333,0.0,20.09583333333333,0.0,91.67916666666667,0.0,0.1608333333333333,0.0,0.0,0.0,22.84523809523809,0.0,17.746666666666666,0.0,104.8027777777778,9.05496
2024-08-15 00:00:00+00:00,46.0,0.0,20.086111111111112,0.0,22.76944444444445,0.0,85.99722222222222,0.0,0.5116666666666667,0.0,20.78333333333333,0.0,23.579166666666666,0.0,88.10000000000001,0.0,0.6354166666666666,0.0,19.3375,0.0,22.0,0.0,83.10416666666667,0.0,0.4145833333333333,0.0,0.0,0.0,26.76428571428572,0.0,17.17666666666667,0.0,249.02222222222224,21.51552
2024-08-16 00:00:00+00:00,47.0,0.0,21.15833333333333,0.0,24.15833333333333,0.0,85.15416666666667,0.0,0.6223611111111111,0.0,21.808333333333334,0.0,24.962499999999995,0.0,87.86666666666667,0.0,0.7833333333333333,0.0,20.4875,0.0,23.2625,0.0,81.76666666666667,0.0,0.4795833333333333,0.0,0.0,0.0,28.183333333333334,0.0,18.523333333333333,0.0,236.1652777777778,20.40468
2024-08-17 00:00:00+00:00,48.0,0.0,20.648611111111112,0.0,23.337499999999995,0.0,86.06388888888888,0.0,0.5251388888888889,0.0,21.179166666666667,0.0,23.945833333333336,0.0,88.60833333333333,0.0,0.63625,0.0,20.054166666666667,0.0,22.6125,0.0,83.71249999999999,0.0,0.4016666666666666,0.0,0.0,0.0,27.276190476190475,0.0,17.82333333333333,0.0,222.30416666666667,19.20708
2024-08-18 00:00:00+00:00,49.0,0.0,19.01111111111111,0.0,20.76805555555556,0.0,90.5791666666667,0.0,0.3093055555555555,0.0,19.629166666666663,0.0,21.712499999999995,0.0,92.59999999999998,0.0,0.4108333333333333,0.0,18.466666666666665,0.0,19.85,0.0,88.60416666666667,0.0,0.2129166666666665,0.0,0.0,0.0,22.885714285714283,0.0,17.803333333333335,0.0,151.31666666666666,13.07376
2024-08-19 00:00:00+00:00,50.0,0.0,18.56388888888889,0.0,19.5375,0.0,94.34999999999998,0.0,0.1429166666666666,0.0,18.820833333333333,0.0,19.916666666666668,0.0,95.0,0.0,0.1729166666666667,0.0,18.3,0.0,19.2,0.0,93.425,0.0,0.1216666666666666,0.0,0.0,0.0,21.00714285714286,0.0,17.48,0.0,90.0486111111111,7.780199999999999
2024-08-20 00:00:00+00:00,51.0,0.0,19.32361111111111,0.0,22.11180555555556,0.0,85.3875,0.0,0.4786805555555555,0.0,19.9375,0.0,22.766666666666666,0.0,87.90416666666665,0.0,0.5675,0.0,18.85833333333333,0.0,21.554166666666664,0.0,83.25,0.0,0.3812499999999999,0.0,0.0,0.0,24.90595238095238,0.0,18.2,0.0,159.45347222222222,13.77678
2024-08-21 00:00:00+00:00,52.0,0.0,21.81111111111112,0.0,25.425,0.0,81.39027777777778,0.0,0.757361111111111,0.0,22.416666666666668,0.0,26.183333333333334,0.0,83.68333333333334,0.0,0.8904166666666667,0.0,21.14583333333333,0.0,24.516666666666666,0.0,79.02916666666667,0.0,0.6308333333333334,0.0,0.0,0.0,29.83095238095238,0.0,19.256666666666668,0.0,285.6791666666667,24.68268
2024-08-22 00:00:00+00:00,53.0,0.0,20.631944444444446,0.0,24.19305555555556,0.0,81.40833333333333,0.0,0.6604166666666667,0.0,21.183333333333334,0.0,25.041666666666668,0.0,83.94583333333334,0.0,0.8145833333333333,0.0,20.04583333333333,0.0,23.42083333333333,0.0,78.47083333333333,0.0,0.5325,0.0,0.0,0.0,27.428571428571427,0.0,19.66333333333333,0.0,245.11944444444444,21.17832
2024-08-23 00:00:00+00:00,54.0,0.0,21.337499999999995,0.0,24.55555555555556,0.0,83.56944444444444,0.0,0.6727083333333334,0.0,21.779166666666665,0.0,25.2375,0.0,85.50833333333333,0.0,0.7983333333333333,0.0,20.8625,0.0,23.90416666666667,0.0,81.31666666666668,0.0,0.5741666666666666,0.0,0.0,0.0,28.973809523809525,0.0,18.37,0.0,272.96527777777777,23.5842
2024-08-24 00:00:00+00:00,55.0,0.0,21.11875,0.0,24.834722222222226,0.0,81.54305555555555,0.0,0.7813194444444443,0.0,21.59583333333333,0.0,25.554166666666664,0.0,83.80833333333332,0.0,0.9383333333333334,0.0,20.666666666666668,0.0,24.22083333333333,0.0,78.8625,0.0,0.6629166666666667,0.0,0.0,0.0,29.31428571428572,0.0,18.563333333333333,0.0,274.2347222222222,23.69388
2024-08-25 00:00:00+00:00,56.0,0.0,20.759722222222223,0.0,24.72777777777777,0.0,80.09861111111111,0.0,0.8091666666666667,0.0,21.604166666666668,0.0,25.53333333333333,0.0,83.46666666666667,0.0,1.0058333333333334,0.0,20.07916666666667,0.0,24.054166666666664,0.0,76.71249999999999,0.0,0.6308333333333334,0.0,0.0,0.0,29.52857142857143,0.0,18.006666666666668,0.0,264.2291666666667,22.8294
2024-08-26 00:00:00+00:00,57.0,0.0,18.566666666666663,0.0,22.32777777777778,0.0,81.4263888888889,0.0,0.6627777777777778,0.0,19.304166666666667,0.0,23.17083333333333,0.0,85.91666666666667,0.0,0.85125,0.0,17.85,0.0,21.337499999999995,0.0,77.52916666666667,0.0,0.44625,0.0,0.0,0.0,25.71904761904762,0.0,17.580000000000002,0.0,195.975,16.93224
2024-08-27 00:00:00+00:00,58.0,0.0,18.979166666666668,0.0,20.99305555555556,0.0,89.2986111111111,0.0,0.3634722222222222,0.0,19.541666666666668,0.0,22.0,0.0,91.74583333333334,0.0,0.4949999999999999,0.0,18.429166666666667,0.0,20.02083333333333,0.0,86.78333333333335,0.0,0.2379166666666666,0.0,0.0,0.0,24.21428571428571,0.0,16.483333333333334,0.0,151.725,13.10904
2024-08-28 00:00:00+00:00,59.0,0.0,17.981944444444444,0.0,20.42638888888889,0.0,87.2361111111111,0.0,0.41625,0.0,18.466666666666665,0.0,21.329166666666666,0.0,90.08333333333331,0.0,0.5645833333333333,0.0,17.458333333333332,0.0,19.579166666666666,0.0,83.8875,0.0,0.29375,0.0,0.0,0.0,23.72619047619048,0.0,15.806666666666668,0.0,154.51944444444445,13.35048
2024-08-29 00:00:00+00:00,60.0,0.0,18.875,0.0,23.141666666666666,0.0,80.42777777777778,0.0,0.893611111111111,0.0,19.641666666666666,0.0,23.933333333333334,0.0,83.2625,0.0,1.0329166666666667,0.0,18.091666666666665,0.0,22.245833333333334,0.0,77.79166666666667,0.0,0.7341666666666667,0.0,0.0,0.0,28.53095238095238,0.0,15.59666666666667,0.0,264.3569444444444,22.84044
2024-08-30 00:00:00+00:00,61.0,0.0,20.829166666666666,0.0,22.883333333333336,0.0,88.89999999999999,0.0,0.39125,0.0,21.425,0.0,23.83333333333333,0.0,90.69166666666666,0.0,0.4970833333333333,0.0,20.279166666666665,0.0,22.1375,0.0,86.83749999999999,0.0,0.3083333333333333,0.0,0.0,0.0,26.64523809523809,0.0,17.616666666666667,0.0,234.95138888888889,20.2998
2024-08-31 00:00:00+00:00,62.0,0.0,20.79930555555556,0.0,23.909722222222225,0.0,83.73402777777777,0.0,0.5729166666666666,0.0,21.504166666666663,0.0,24.72083333333333,0.0,87.12916666666666,0.0,0.6870833333333333,0.0,20.029166666666665,0.0,23.004166666666663,0.0,80.77083333333333,0.0,0.4320833333333333,0.0,0.0,0.0,26.952380952380956,0.0,19.65,0.0,166.14305555555555,14.35476
2024-09-01 00:00:00+00:00,63.0,0.0,19.146527777777777,0.0,21.35833333333333,0.0,88.03888888888889,0.0,0.3605555555555556,0.0,19.67083333333333,0.0,22.1125,0.0,90.46250000000002,0.0,0.4591666666666666,0.0,18.633333333333333,0.0,20.620833333333334,0.0,85.48333333333333,0.0,0.2645833333333333,0.0,0.0,0.0,24.08095238095238,0.0,17.546666666666667,0.0,171.24027777777778,14.79516
2024-09-02 00:00:00+00:00,64.0,0.0,18.04722222222222,0.0,19.95833333333333,0.0,89.27638888888889,0.0,0.2968055555555555,0.0,18.616666666666667,0.0,20.83333333333333,0.0,91.40416666666664,0.0,0.3820833333333333,0.0,17.454166666666666,0.0,19.154166666666665,0.0,86.91666666666667,0.0,0.2216666666666666,0.0,0.0,0.0,23.354761904761904,0.0,15.203333333333331,0.0,190.79583333333332,16.48476
2024-09-03 00:00:00+00:00,65.0,0.0,17.59027777777778,0.0,19.58055555555556,0.0,89.19722222222221,0.0,0.3209722222222222,0.0,17.945833333333333,0.0,20.479166666666668,0.0,91.8916666666667,0.0,0.45125,0.0,17.191666666666666,0.0,18.75,0.0,85.88333333333333,0.0,0.21875,0.0,0.0,0.0,22.93095238095238,0.0,14.89,0.0,133.61041666666665,11.543939999999996
2024-09-04 00:00:00+00:00,66.0,0.0,17.779166666666665,0.0,18.23055555555556,0.0,97.29722222222222,0.0,0.0706944444444444,0.0,18.141666666666666,0.0,18.620833333333334,0.0,97.85416666666669,0.0,0.0841666666666666,0.0,17.404166666666665,0.0,17.783333333333335,0.0,96.83750000000002,0.0,0.0525,0.0,0.0,0.0,20.402380952380952,0.0,15.19,0.0,105.34305555555557,9.10164
2024-09-05 00:00:00+00:00,67.0,0.0,17.001388888888886,0.0,17.51388888888889,0.0,96.9486111111111,0.0,0.0679166666666666,0.0,17.220833333333335,0.0,17.795833333333334,0.0,97.59999999999998,0.0,0.0829166666666666,0.0,16.808333333333334,0.0,17.220833333333335,0.0,96.375,0.0,0.0499999999999999,0.0,0.0,0.0,18.29523809523809,0.0,16.419999999999998,0.0,53.68333333333334,4.63824
2024-09-06 00:00:00+00:00,68.0,0.0,17.961805555555554,0.0,21.054861111111112,0.0,84.35208333333334,0.0,0.5377777777777778,0.0,18.508333333333333,0.0,21.975000000000005,0.0,86.60000000000001,0.0,0.6616666666666667,0.0,17.520833333333332,0.0,20.195833333333333,0.0,82.18333333333334,0.0,0.4187499999999999,0.0,0.0,0.0,24.47142857142857,0.0,16.27166666666667,0.0,227.37777777777777,19.64544
2024-09-07 00:00:00+00:00,69.0,0.0,17.4875,0.0,21.73611111111111,0.0,80.05972222222222,0.0,0.8061111111111111,0.0,18.066666666666663,0.0,22.412500000000005,0.0,82.17083333333333,0.0,0.895,0.0,16.966666666666665,0.0,21.03333333333333,0.0,78.20416666666667,0.0,0.7083333333333334,0.0,0.0,0.0,26.38095238095238,0.0,15.233333333333334,0.0,253.0895833333333,21.86694
2024-09-08 00:00:00+00:00,70.0,0.0,17.295833333333334,0.0,18.415972222222223,0.0,93.63124999999998,0.0,0.1613888888888889,0.0,17.495833333333334,0.0,18.7,0.0,94.31666666666666,0.0,0.1820833333333333,0.0,17.1125,0.0,18.14583333333333,0.0,92.89583333333331,0.0,0.1408333333333333,0.0,0.0,0.0,20.060714285714287,0.0,16.113333333333333,0.0,60.50416666666667,5.227560000000001
2024-09-09 00:00:00+00:00,71.0,0.0,15.799305555555556,0.0,20.440277777777776,0.0,78.46875,0.0,0.7440972222222223,0.0,16.416666666666668,0.0,21.2875,0.0,80.72500000000001,0.0,0.8450000000000001,0.0,15.266666666666666,0.0,19.575,0.0,76.64583333333333,0.0,0.635,0.0,0.0,0.0,23.81904761904762,0.0,15.71,0.0,232.3472222222222,20.0748
2024-09-10 00:00:00+00:00,72.0,0.0,14.009722222222225,0.0,19.5375,0.0,75.31527777777778,0.0,0.91125,0.0,14.416666666666666,0.0,20.183333333333334,0.0,77.3875,0.0,0.9954166666666668,0.0,13.591666666666669,0.0,18.883333333333333,0.0,73.425,0.0,0.8183333333333334,0.0,0.0,0.0,24.914285714285715,0.0,12.01,0.0,249.18194444444444,21.52932
2024-09-11 00:00:00+00:00,73.0,0.0,16.12013888888889,0.0,19.2625,0.0,84.34027777777779,0.0,0.5008333333333334,0.0,16.525000000000002,0.0,19.8875,0.0,86.77083333333333,0.0,0.5933333333333334,0.0,15.691666666666668,0.0,18.59583333333333,0.0,82.22916666666667,0.0,0.4054166666666667,0.0,0.0,0.0,22.57380952380952,0.0,14.62666666666667,0.0,164.475,14.21064
2024-09-12 00:00:00+00:00,74.0,0.0,11.167361111111113,0.0,11.394444444444444,0.0,98.4888888888889,0.0,0.0190277777777777,0.0,11.324999999999998,0.0,11.541666666666666,0.0,98.7333333333333,0.0,0.0220833333333333,0.0,11.012499999999998,0.0,11.25,0.0,98.22916666666669,0.0,0.0158333333333333,0.0,0.0,0.0,10.533333333333331,0.0,12.6,0.0,28.4375,2.457
2024-09-13 00:00:00+00:00,75.0,0.0,5.945833333333333,0.0,13.747916666666669,0.0,62.03055555555556,0.0,0.6684722222222222,0.0,6.5625,0.0,14.25,0.0,64.325,0.0,0.7245833333333334,0.0,5.354166666666667,0.0,13.233333333333334,0.0,59.79166666666666,0.0,0.6091666666666666,0.0,0.0,0.0,16.198809523809523,0.0,10.316666666666666,0.0,124.80833333333334,10.78344
2024-09-14 00:00:00+00:00,76.0,0.0,4.036111111111111,0.0,14.811111111111112,0.0,49.04583333333333,0.0,0.87125,0.0,4.754166666666666,0.0,15.366666666666667,0.0,52.10833333333333,0.0,0.9454166666666668,0.0,3.3166666666666664,0.0,14.316666666666668,0.0,46.01666666666666,0.0,0.80125,0.0,0.0,0.0,15.716666666666669,0.0,13.543333333333331,0.0,73.32777777777777,6.33552
2024-09-15 00:00:00+00:00,77.0,0.0,6.183333333333334,0.0,15.426388888888887,0.0,55.25555555555556,0.0,0.8258333333333333,0.0,6.995833333333334,0.0,16.099999999999998,0.0,59.49166666666667,0.0,0.9270833333333334,0.0,5.2375,0.0,14.820833333333333,0.0,51.27916666666667,0.0,0.7225,0.0,0.0,0.0,17.423809523809524,0.0,12.63,0.0,90.87916666666666,7.85196
2024-09-16 00:00:00+00:00,78.0,0.0,7.908333333333334,0.0,14.1875,0.0,67.05972222222222,0.0,0.5790972222222223,0.0,8.495833333333334,0.0,14.875,0.0,70.29583333333333,0.0,0.6541666666666667,0.0,7.375,0.0,13.5625,0.0,63.725,0.0,0.51,0.0,0.0,0.0,16.12857142857143,0.0,11.47,0.0,92.77361111111112,8.01564
2024-09-17 00:00:00+00:00,79.0,0.0,11.228472222222225,0.0,14.558333333333332,0.0,82.07430555555555,0.0,0.3940277777777778,0.0,11.8375,0.0,15.525,0.0,84.67083333333333,0.0,0.48625,0.0,10.554166666666667,0.0,13.675000000000002,0.0,79.375,0.0,0.3104166666666667,0.0,0.0,0.0,18.054761904761904,0.0,9.663333333333332,0.0,188.4430555555556,16.28148
2024-09-18 00:00:00+00:00,80.0,0.0,9.635416666666666,0.0,12.111805555555556,0.0,86.39513888888888,0.0,0.2681944444444444,0.0,10.070833333333333,0.0,12.7125,0.0,88.1125,0.0,0.3195833333333333,0.0,9.170833333333333,0.0,11.550000000000002,0.0,84.46666666666667,0.0,0.225,0.0,0.0,0.0,15.71904761904762,0.0,7.061666666666667,0.0,112.49444444444444,9.71952
2024-09-19 00:00:00+00:00,81.0,0.0,11.300000000000002,0.0,13.44513888888889,0.0,87.96527777777777,0.0,0.2402083333333332,0.0,11.6625,0.0,13.991666666666667,0.0,89.64999999999999,0.0,0.2799999999999999,0.0,10.954166666666666,0.0,12.883333333333333,0.0,86.41250000000001,0.0,0.1945833333333333,0.0,0.0,0.0,16.258333333333333,0.0,9.506666666666668,0.0,90.18888888888888,7.79232
2024-09-20 00:00:00+00:00,82.0,0.0,12.497916666666669,0.0,14.191666666666668,0.0,90.25624999999998,0.0,0.1966666666666666,0.0,12.800000000000002,0.0,14.5875,0.0,91.675,0.0,0.2345833333333332,0.0,12.154166666666669,0.0,13.816666666666668,0.0,88.54166666666667,0.0,0.16125,0.0,0.0,0.0,16.25,0.0,11.31,0.0,85.1451388888889,7.35654
2024-09-21 00:00:00+00:00,83.0,0.0,13.193055555555556,0.0,14.583333333333334,0.0,92.29375,0.0,0.1774305555555555,0.0,13.65,0.0,15.354166666666666,0.0,94.2333333333333,0.0,0.2466666666666666,0.0,12.824999999999998,0.0,14.012499999999998,0.0,89.9875,0.0,0.1241666666666666,0.0,0.0,0.0,17.347619047619048,0.0,10.713333333333331,0.0,87.39166666666667,7.55064
2024-09-22 00:00:00+00:00,84.0,0.0,13.225,0.0,14.463888888888889,0.0,92.87986111111113,0.0,0.1645833333333333,0.0,13.683333333333332,0.0,15.108333333333334,0.0,94.1416666666667,0.0,0.2016666666666665,0.0,12.758333333333333,0.0,13.7875,0.0,91.61666666666667,0.0,0.1291666666666666,0.0,0.0,0.0,17.98333333333333,0.0,9.536666666666669,0.0,138.26527777777778,11.94612
2024-09-23 00:00:00+00:00,85.0,0.0,12.955555555555556,0.0,14.327777777777778,0.0,92.21944444444443,0.0,0.1719444444444443,0.0,13.204166666666666,0.0,14.766666666666666,0.0,93.3,0.0,0.2033333333333332,0.0,12.65,0.0,13.862500000000002,0.0,91.1416666666667,0.0,0.1429166666666666,0.0,0.0,0.0,16.89047619047619,0.0,10.74,0.0,90.82777777777778,7.84752
2024-09-24 00:00:00+00:00,86.0,0.0,14.297222222222222,0.0,16.65972222222222,0.0,87.46875,0.0,0.3223611111111111,0.0,14.65,0.0,17.179166666666667,0.0,88.94583333333333,0.0,0.3683333333333333,0.0,13.929166666666667,0.0,16.079166666666666,0.0,86.175,0.0,0.2679166666666667,0.0,0.0,0.0,19.20952380952381,0.0,13.089999999999998,0.0,129.33124999999998,11.17422
2024-09-25 00:00:00+00:00,87.0,0.0,13.719444444444443,0.0,15.981944444444444,0.0,87.50972222222221,0.0,0.2925,0.0,14.050000000000002,0.0,16.566666666666666,0.0,89.12083333333334,0.0,0.3441666666666667,0.0,13.354166666666666,0.0,15.391666666666666,0.0,85.95,0.0,0.2420833333333333,0.0,0.0,0.0,18.55238095238096,0.0,12.383333333333333,0.0,119.15833333333336,10.29528
2024-09-26 00:00:00+00:00,88.0,0.0,13.788194444444445,0.0,14.887499999999998,0.0,93.28402777777778,0.0,0.1147222222222222,0.0,13.904166666666669,0.0,15.008333333333333,0.0,93.72083333333336,0.0,0.1237499999999999,0.0,13.683333333333332,0.0,14.770833333333334,0.0,92.80833333333334,0.0,0.1058333333333333,0.0,0.0,0.0,15.361904761904762,0.0,14.223333333333334,0.0,30.3875,2.62548
2024-09-27 00:00:00+00:00,89.0,0.0,16.553472222222222,0.0,18.56736111111111,0.0,89.41666666666667,0.0,0.3423611111111111,0.0,16.912499999999998,0.0,19.23333333333333,0.0,91.075,0.0,0.4170833333333333,0.0,16.1375,0.0,17.795833333333334,0.0,87.89166666666667,0.0,0.2566666666666666,0.0,0.0,0.0,21.36904761904762,0.0,14.645,0.0,125.19722222222224,10.81704
2024-09-28 00:00:00+00:00,90.0,0.0,11.221527777777778,0.0,15.94375,0.0,77.61736111111111,0.0,0.6026388888888888,0.0,11.85,0.0,16.958333333333332,0.0,80.325,0.0,0.7183333333333333,0.0,10.595833333333331,0.0,14.949999999999998,0.0,74.41250000000001,0.0,0.4895833333333333,0.0,0.0,0.0,19.25952380952381,0.0,11.301666666666668,0.0,162.54861111111111,14.0442
2024-09-29 00:00:00+00:00,91.0,0.0,8.718055555555555,0.0,13.709722222222224,0.0,77.02708333333334,0.0,0.6069444444444444,0.0,9.1,0.0,14.4,0.0,79.41666666666667,0.0,0.6904166666666667,0.0,8.237499999999999,0.0,12.9,0.0,74.55,0.0,0.5254166666666666,0.0,0.0,0.0,18.007142857142856,0.0,7.693333333333332,0.0,183.52638888888887,15.85668
2024-09-30 00:00:00+00:00,92.0,0.0,10.136111111111113,0.0,12.72777777777778,0.0,85.22222222222221,0.0,0.2513888888888889,0.0,10.35,0.0,13.095833333333331,0.0,86.625,0.0,0.2808333333333333,0.0,9.954166666666667,0.0,12.379166666666668,0.0,83.8875,0.0,0.2220833333333333,0.0,0.0,0.0,14.435714285714283,0.0,10.336666666666666,0.0,74.59930555555555,6.44538
2024-10-01 00:00:00+00:00,93.0,0.0,11.390277777777778,0.0,13.294444444444444,0.0,89.03611111111111,0.0,0.2004166666666667,0.0,11.583333333333334,0.0,13.5375,0.0,89.94166666666666,0.0,0.2183333333333333,0.0,11.183333333333332,0.0,13.025,0.0,88.125,0.0,0.1816666666666665,0.0,0.0,0.0,15.283333333333331,0.0,10.51,0.0,77.58541666666666,6.70338
2024-10-02 00:00:00+00:00,94.0,0.0,13.745138888888889,0.0,15.138888888888888,0.0,92.1729166666667,0.0,0.178125,0.0,14.066666666666668,0.0,15.666666666666666,0.0,93.3875,0.0,0.22375,0.0,13.479166666666666,0.0,14.679166666666667,0.0,90.77916666666664,0.0,0.1354166666666666,0.0,0.0,0.0,16.535714285714285,0.0,13.183333333333332,0.0,85.6138888888889,7.39704
2024-10-03 00:00:00+00:00,95.0,0.0,10.856944444444444,0.0,11.551736111111111,0.0,95.58541666666666,0.0,0.0608333333333333,0.0,11.025,0.0,11.7125,0.0,95.85416666666669,0.0,0.0641666666666666,0.0,10.720833333333331,0.0,11.425000000000002,0.0,95.31666666666666,0.0,0.0570833333333333,0.0,0.0,0.0,11.78154761904762,0.0,11.23,0.0,28.475,2.46024
2024-10-04 00:00:00+00:00,96.0,0.0,9.093055555555557,0.0,10.21111111111111,0.0,93.10208333333333,0.0,0.0955555555555555,0.0,9.304166666666667,0.0,10.45,0.0,94.0,0.0,0.10875,0.0,8.883333333333333,0.0,9.966666666666669,0.0,92.25,0.0,0.0820833333333333,0.0,0.0,0.0,11.116666666666664,0.0,8.943333333333333,0.0,54.348611111111104,4.69572
2024-10-05 00:00:00+00:00,97.0,0.0,9.845138888888888,0.0,11.286111111111111,0.0,91.6395833333333,0.0,0.1419444444444444,0.0,10.108333333333333,0.0,11.7125,0.0,92.82083333333333,0.0,0.1687499999999998,0.0,9.620833333333334,0.0,10.887499999999998,0.0,90.46666666666664,0.0,0.1154166666666666,0.0,0.0,0.0,13.19285714285714,0.0,8.616666666666667,0.0,77.15972222222221,6.6666
2024-10-06 00:00:00+00:00,98.0,0.0,9.256944444444445,0.0,11.133333333333333,0.0,89.40208333333334,0.0,0.1790972222222222,0.0,9.533333333333331,0.0,11.516666666666666,0.0,90.54166666666669,0.0,0.2008333333333333,0.0,8.983333333333333,0.0,10.737500000000002,0.0,88.325,0.0,0.1570833333333333,0.0,0.0,0.0,13.199999999999998,0.0,8.24,0.0,81.0625,7.0038
2024-10-07 00:00:00+00:00,99.0,0.0,11.104166666666666,0.0,12.18888888888889,0.0,94.0625,0.0,0.1233333333333333,0.0,11.4125,0.0,12.754166666666668,0.0,95.3625,0.0,0.1749999999999999,0.0,10.791666666666666,0.0,11.645833333333334,0.0,92.30833333333334,0.0,0.0874999999999999,0.0,0.0,0.0,14.085714285714287,0.0,9.533333333333331,0.0,80.23958333333333,6.9327
2024-10-08 00:00:00+00:00,100.0,0.0,13.595138888888888,0.0,13.635416666666666,0.0,99.74722222222222,0.0,0.0040277777777777,0.0,13.716666666666669,0.0,13.766666666666666,0.0,99.84166666666664,0.0,0.0058333333333332,0.0,13.4625,0.0,13.491666666666667,0.0,99.6416666666667,0.0,0.0025,0.0,0.0,0.0,14.31547619047619,0.0,12.683333333333332,0.0,31.405555555555555,2.71344
2024-10-09 00:00:00+00:00,101.0,0.0,14.21111111111111,0.0,15.54027777777778,0.0,92.47499999999998,0.0,0.1633333333333333,0.0,14.479166666666666,0.0,16.020833333333332,0.0,93.6083333333333,0.0,0.1975,0.0,13.933333333333332,0.0,15.104166666666666,0.0,91.3125,0.0,0.1316666666666666,0.0,0.0,0.0,17.06904761904762,0.0,13.4,0.0,81.33194444444445,7.02708
2024-10-10 00:00:00+00:00,102.0,0.0,12.03472222222222,0.0,12.477777777777776,0.0,97.2076388888889,0.0,0.0438888888888887,0.0,12.2875,0.0,12.725,0.0,97.5791666666667,0.0,0.0499999999999999,0.0,11.791666666666666,0.0,12.225,0.0,96.8,0.0,0.0391666666666666,0.0,0.0,0.0,13.33809523809524,0.0,11.273333333333332,0.0,25.991666666666664,2.24568
2024-10-11 00:00:00+00:00,103.0,0.0,8.854861111111111,0.0,11.363888888888887,0.0,87.24444444444445,0.0,0.3161111111111111,0.0,9.3875,0.0,12.25,0.0,89.24166666666667,0.0,0.3775,0.0,8.395833333333334,0.0,10.4875,0.0,85.42083333333333,0.0,0.24875,0.0,0.0,0.0,15.35,0.0,5.783333333333334,0.0,127.66736111111112,11.03046
2024-10-12 00:00:00+00:00,104.0,0.0,9.740277777777775,0.0,11.669444444444444,0.0,89.50833333333333,0.0,0.2220833333333333,0.0,10.15,0.0,12.304166666666667,0.0,90.99583333333334,0.0,0.2645833333333333,0.0,9.333333333333334,0.0,11.066666666666668,0.0,87.89999999999999,0.0,0.1854166666666666,0.0,0.0,0.0,14.769047619047615,0.0,7.330000000000001,0.0,124.56388888888888,10.76232
2024-10-13 00:00:00+00:00,105.0,0.0,10.006944444444445,0.0,11.881944444444445,0.0,89.86319444444445,0.0,0.2170138888888888,0.0,10.320833333333333,0.0,12.362500000000002,0.0,91.0,0.0,0.2483333333333333,0.0,9.7375,0.0,11.475,0.0,88.64999999999999,0.0,0.1891666666666666,0.0,0.0,0.0,14.821428571428571,0.0,7.766666666666666,0.0,102.15972222222224,8.8266
2024-10-14 00:00:00+00:00,106.0,0.0,10.52361111111111,0.0,12.116666666666667,0.0,91.2625,0.0,0.1831944444444444,0.0,11.012499999999998,0.0,12.783333333333331,0.0,92.4875,0.0,0.2145833333333332,0.0,10.0375,0.0,11.395833333333334,0.0,90.08750000000002,0.0,0.1445833333333333,0.0,0.0,0.0,14.564285714285717,0.0,8.690000000000001,0.0,159.63333333333333,13.79232
2024-10-15 00:00:00+00:00,107.0,0.0,10.0875,0.0,11.198611111111113,0.0,93.6875,0.0,0.125,0.0,10.595833333333331,0.0,11.895833333333334,0.0,94.7041666666667,0.0,0.1566666666666666,0.0,9.641666666666667,0.0,10.595833333333331,0.0,92.42916666666667,0.0,0.0979166666666666,0.0,0.0,0.0,13.842857142857143,0.0,7.496666666666667,0.0,147.18472222222223,12.71676
2024-10-16 00:00:00+00:00,108.0,0.0,11.4625,0.0,11.545833333333334,0.0,99.45833333333331,0.0,0.0080555555555555,0.0,11.6,0.0,11.695833333333333,0.0,99.6083333333333,0.0,0.0108333333333333,0.0,11.316666666666668,0.0,11.383333333333333,0.0,99.31666666666666,0.0,0.0054166666666666,0.0,0.0,0.0,12.46904761904762,0.0,10.253333333333334,0.0,71.525,6.179760000000001
2024-10-17 00:00:00+00:00,109.0,0.0,14.334027777777775,0.0,14.411805555555556,0.0,99.49444444444444,0.0,0.0088888888888888,0.0,14.441666666666668,0.0,14.5375,0.0,99.61666666666667,0.0,0.01125,0.0,14.216666666666669,0.0,14.279166666666669,0.0,99.35416666666669,0.0,0.0066666666666666,0.0,0.0,0.0,15.046428571428573,0.0,13.523333333333332,0.0,83.07777777777777,7.17792
2024-10-18 00:00:00+00:00,110.0,0.0,13.585416666666667,0.0,13.668749999999998,0.0,99.50694444444444,0.0,0.0112499999999999,0.0,13.770833333333334,0.0,13.870833333333332,0.0,99.58750000000002,0.0,0.01375,0.0,13.379166666666668,0.0,13.454166666666666,0.0,99.40000000000002,0.0,0.0095833333333333,0.0,0.0,0.0,14.16547619047619,0.0,12.973333333333334,0.0,56.725,4.90104
2024-10-19 00:00:00+00:00,111.0,0.0,12.256944444444445,0.0,12.269444444444444,0.0,99.91527777777776,0.0,0.00125,0.0,12.416666666666666,0.0,12.4375,0.0,99.96250000000002,0.0,0.0020833333333333,0.0,12.112500000000002,0.0,12.120833333333332,0.0,99.8583333333333,0.0,0.0004166666666666,0.0,0.0,0.0,12.828571428571427,0.0,11.48666666666667,0.0,57.99444444444445,5.01072
2024-10-20 00:00:00+00:00,112.0,0.0,14.66388888888889,0.0,14.869444444444444,0.0,98.75694444444444,0.0,0.0286111111111111,0.0,15.045833333333334,0.0,15.341666666666669,0.0,99.24583333333334,0.0,0.0433333333333333,0.0,14.320833333333333,0.0,14.458333333333334,0.0,98.22499999999998,0.0,0.0154166666666666,0.0,0.0,0.0,16.07857142857143,0.0,13.176666666666668,0.0,131.7111111111111,11.37984
2024-10-21 00:00:00+00:00,113.0,0.0,14.979166666666666,0.0,16.955555555555556,0.0,90.09444444444443,0.0,0.3026388888888889,0.0,15.308333333333332,0.0,17.479166666666668,0.0,91.4541666666667,0.0,0.35625,0.0,14.633333333333333,0.0,16.379166666666666,0.0,88.64999999999999,0.0,0.2529166666666667,0.0,0.0,0.0,19.59047619047619,0.0,13.266666666666666,0.0,205.2180555555556,17.73084
2024-10-22 00:00:00+00:00,114.0,0.0,13.440277777777778,0.0,15.09027777777778,0.0,91.4576388888889,0.0,0.2385416666666665,0.0,13.891666666666666,0.0,15.729166666666666,0.0,93.2625,0.0,0.30125,0.0,12.970833333333331,0.0,14.470833333333331,0.0,89.625,0.0,0.1775,0.0,0.0,0.0,17.57857142857143,0.0,11.606666666666664,0.0,186.54444444444445,16.11744
2024-10-23 00:00:00+00:00,115.0,0.0,13.41527777777778,0.0,13.694444444444445,0.0,98.29166666666669,0.0,0.03125,0.0,13.5625,0.0,13.875,0.0,98.625,0.0,0.0379166666666666,0.0,13.283333333333331,0.0,13.525,0.0,97.94583333333333,0.0,0.0249999999999999,0.0,0.0,0.0,14.561904761904762,0.0,12.48,0.0,61.44513888888889,5.30886
2024-10-24 00:00:00+00:00,116.0,0.0,13.934722222222222,0.0,14.180555555555555,0.0,98.45555555555556,0.0,0.0279166666666666,0.0,14.095833333333331,0.0,14.379166666666668,0.0,98.7958333333333,0.0,0.0349999999999999,0.0,13.762499999999998,0.0,13.9625,0.0,98.1083333333333,0.0,0.02125,0.0,0.0,0.0,15.114285714285714,0.0,12.873333333333337,0.0,96.04027777777776,8.29788
2024-10-25 00:00:00+00:00,117.0,0.0,13.845833333333331,0.0,15.319444444444445,0.0,91.69305555555556,0.0,0.1823611111111111,0.0,14.083333333333334,0.0,15.816666666666668,0.0,92.90416666666664,0.0,0.2275,0.0,13.629166666666668,0.0,14.929166666666667,0.0,90.25416666666666,0.0,0.1470833333333333,0.0,0.0,0.0,17.026190476190475,0.0,12.93,0.0,145.40416666666667,12.56292
2024-10-26 00:00:00+00:00,118.0,0.0,13.918055555555556,0.0,13.97638888888889,0.0,99.62777777777778,0.0,0.0070833333333333,0.0,14.1,0.0,14.179166666666667,0.0,99.7958333333333,0.0,0.01,0.0,13.737500000000002,0.0,13.775,0.0,99.4833333333333,0.0,0.00375,0.0,0.0,0.0,14.621428571428572,0.0,13.073333333333332,0.0,78.52916666666667,6.78492
2024-10-27 00:00:00+00:00,119.0,0.0,14.636111111111113,0.0,15.779166666666669,0.0,93.85277777777776,0.0,0.1622222222222222,0.0,14.979166666666666,0.0,16.3125,0.0,95.2625,0.0,0.2129166666666665,0.0,14.3125,0.0,15.300000000000002,0.0,92.2333333333333,0.0,0.1187499999999999,0.0,0.0,0.0,17.414285714285715,0.0,13.49,0.0,166.03055555555557,14.34504
2024-10-28 00:00:00+00:00,120.0,0.0,13.261111111111113,0.0,14.737500000000002,0.0,92.0513888888889,0.0,0.1905555555555555,0.0,13.612500000000002,0.0,15.4,0.0,93.61666666666667,0.0,0.2491666666666666,0.0,12.933333333333332,0.0,14.125,0.0,90.1875,0.0,0.1404166666666666,0.0,0.0,0.0,16.204761904761906,0.0,12.683333333333332,0.0,139.1472222222222,12.02232
2024-10-29 00:00:00+00:00,121.0,0.0,10.90625,0.0,11.856249999999998,0.0,94.94444444444444,0.0,0.1298611111111111,0.0,11.504166666666668,0.0,12.658333333333331,0.0,96.2958333333333,0.0,0.1733333333333333,0.0,10.4375,0.0,11.245833333333332,0.0,93.3625,0.0,0.0933333333333333,0.0,0.0,0.0,14.342857142857142,0.0,8.375,0.0,137.92916666666667,11.91708
2024-10-30 00:00:00+00:00,122.0,0.0,9.9625,0.0,11.47222222222222,0.0,92.38194444444444,0.0,0.2088888888888889,0.0,10.4125,0.0,12.158333333333331,0.0,93.7041666666667,0.0,0.2566666666666666,0.0,9.4625,0.0,10.804166666666667,0.0,90.86666666666667,0.0,0.1666666666666666,0.0,0.0,0.0,14.957142857142856,0.0,6.593333333333334,0.0,169.4909722222222,14.64402
2024-10-31 00:00:00+00:00,123.0,0.0,8.966666666666667,0.0,10.63472222222222,0.0,91.6736111111111,0.0,0.2216666666666666,0.0,9.608333333333333,0.0,11.458333333333334,0.0,93.34166666666664,0.0,0.27375,0.0,8.308333333333334,0.0,9.783333333333331,0.0,89.88333333333333,0.0,0.1716666666666666,0.0,0.0,0.0,14.233333333333334,0.0,5.596666666666667,0.0,169.76666666666668,14.66784
2024-11-01 00:00:00+00:00,124.0,0.0,8.115277777777777,0.0,9.890277777777778,0.0,91.12916666666666,0.0,0.2268055555555555,0.0,8.745833333333334,0.0,10.741666666666667,0.0,92.77916666666664,0.0,0.2770833333333333,0.0,7.454166666666667,0.0,9.029166666666669,0.0,89.425,0.0,0.1779166666666666,0.0,0.0,0.0,13.55952380952381,0.0,4.753333333333333,0.0,168.81527777777777,14.58564
2024-11-02 00:00:00+00:00,125.0,0.0,7.291666666666667,0.0,9.03125,0.0,91.2986111111111,0.0,0.2159027777777777,0.0,7.883333333333333,0.0,9.779166666666669,0.0,92.69166666666666,0.0,0.2595833333333333,0.0,6.6125,0.0,8.141666666666667,0.0,89.78750000000001,0.0,0.1754166666666666,0.0,0.0,0.0,12.725,0.0,3.86,0.0,166.75694444444443,14.4078
2024-11-03 00:00:00+00:00,126.0,0.0,6.104166666666667,0.0,7.704166666666667,0.0,91.8861111111111,0.0,0.1840277777777778,0.0,6.616666666666667,0.0,8.4625,0.0,93.45833333333331,0.0,0.2258333333333333,0.0,5.545833333333333,0.0,6.908333333333332,0.0,90.22916666666669,0.0,0.1420833333333333,0.0,0.0,0.0,11.342857142857143,0.0,2.6100000000000003,0.0,162.61319444444445,14.04978
2024-11-04 00:00:00+00:00,127.0,0.0,5.837500000000001,0.0,7.399999999999999,0.0,92.05555555555556,0.0,0.1809722222222222,0.0,6.358333333333333,0.0,8.174999999999999,0.0,93.77500000000002,0.0,0.2312499999999998,0.0,5.2,0.0,6.55,0.0,90.21666666666664,0.0,0.13375,0.0,0.0,0.0,11.14761904761905,0.0,2.1533333333333333,0.0,159.87222222222223,13.81296
2024-11-05 00:00:00+00:00,128.0,0.0,4.241666666666666,0.0,5.384722222222222,0.0,93.78055555555557,0.0,0.11,0.0,4.820833333333334,0.0,6.150000000000001,0.0,95.45833333333331,0.0,0.1491666666666666,0.0,3.6375000000000006,0.0,4.629166666666667,0.0,92.0166666666667,0.0,0.0745833333333333,0.0,0.0,0.0,8.769047619047619,0.0,0.6466666666666667,0.0,132.13611111111112,11.41656
2024-11-06 00:00:00+00:00,129.0,0.0,3.4277777777777776,0.0,5.455555555555556,0.0,90.08194444444445,0.0,0.2076388888888889,0.0,4.141666666666667,0.0,6.45,0.0,92.09583333333336,0.0,0.2695833333333333,0.0,2.833333333333333,0.0,4.608333333333333,0.0,87.83333333333333,0.0,0.15375,0.0,0.0,0.0,9.285714285714286,0.0,0.0933333333333333,0.0,156.68055555555554,13.5372
2024-11-07 00:00:00+00:00,130.0,0.0,3.4916666666666667,0.0,5.164583333333334,0.0,91.55763888888887,0.0,0.166875,0.0,4.2375,0.0,6.066666666666666,0.0,93.4541666666667,0.0,0.21,0.0,2.8708333333333336,0.0,4.320833333333334,0.0,89.76666666666667,0.0,0.1233333333333333,0.0,0.0,0.0,8.877380952380951,0.0,-0.0333333333333333,0.0,147.9,12.778560000000002
2024-11-08 00:00:00+00:00,131.0,0.0,3.4402777777777778,0.0,4.345833333333333,0.0,94.80694444444444,0.0,0.0791666666666666,0.0,4.079166666666667,0.0,5.091666666666667,0.0,96.11666666666667,0.0,0.1025,0.0,2.9291666666666667,0.0,3.7708333333333335,0.0,93.49166666666667,0.0,0.0554166666666665,0.0,0.0,0.0,7.216666666666666,0.0,0.3266666666666665,0.0,118.39305555555556,10.22916
2024-11-09 00:00:00+00:00,132.0,0.0,3.9902777777777776,0.0,4.872222222222223,0.0,95.24305555555556,0.0,0.0855555555555555,0.0,4.754166666666666,0.0,5.654166666666666,0.0,96.90833333333336,0.0,0.1125,0.0,3.4166666666666665,0.0,4.216666666666667,0.0,94.03333333333336,0.0,0.0516666666666666,0.0,0.0,0.0,7.833333333333333,0.0,0.7266666666666667,0.0,126.8125,10.9566
2024-11-10 00:00:00+00:00,133.0,0.0,2.784722222222222,0.0,4.172222222222222,0.0,92.77083333333331,0.0,0.1313888888888889,0.0,3.3625000000000003,0.0,4.925,0.0,94.40000000000002,0.0,0.1725,0.0,2.216666666666667,0.0,3.470833333333333,0.0,90.7333333333333,0.0,0.0970833333333333,0.0,0.0,0.0,7.711904761904762,0.0,-0.7833333333333335,0.0,131.39027777777778,11.35212
2024-11-11 00:00:00+00:00,134.0,0.0,1.8763888888888889,0.0,3.243055555555556,0.0,92.74305555555556,0.0,0.1169444444444444,0.0,2.404166666666667,0.0,3.970833333333333,0.0,94.46666666666664,0.0,0.1525,0.0,1.4083333333333332,0.0,2.5916666666666663,0.0,90.96250000000002,0.0,0.0833333333333333,0.0,0.0,0.0,6.45,0.0,-1.2466666666666666,0.0,127.1388888888889,10.9848
2024-11-12 00:00:00+00:00,135.0,0.0,0.6930555555555554,0.0,2.3791666666666664,0.0,91.325,0.0,0.1397222222222222,0.0,1.1666666666666663,0.0,3.0583333333333336,0.0,92.94166666666666,0.0,0.1749999999999999,0.0,0.3125,0.0,1.7250000000000003,0.0,89.69583333333333,0.0,0.1025,0.0,0.0,0.0,5.621428571428571,0.0,-2.16,0.0,126.40416666666668,10.92132
2024-11-13 00:00:00+00:00,136.0,0.0,1.745833333333333,0.0,3.254861111111111,0.0,91.4541666666667,0.0,0.1086805555555555,0.0,2.216666666666667,0.0,3.9583333333333335,0.0,93.75833333333333,0.0,0.15375,0.0,1.225,0.0,2.5916666666666663,0.0,89.17083333333333,0.0,0.0670833333333333,0.0,0.0,0.0,5.591666666666666,0.0,-0.0166666666666665,0.0,115.93194444444444,10.016519999999998
2024-11-14 00:00:00+00:00,137.0,0.0,1.4652777777777777,0.0,3.908333333333333,0.0,87.93333333333334,0.0,0.1902777777777776,0.0,1.8833333333333333,0.0,4.6625000000000005,0.0,90.2041666666667,0.0,0.2383333333333333,0.0,1.1333333333333333,0.0,3.2000000000000006,0.0,85.97500000000001,0.0,0.1374999999999999,0.0,0.0,0.0,6.19047619047619,0.0,0.7133333333333333,0.0,116.03055555555557,10.02504
2024-11-15 00:00:00+00:00,138.0,0.0,-0.6138888888888889,0.0,0.8305555555555556,0.0,92.18194444444444,0.0,0.0993055555555555,0.0,-0.0333333333333332,0.0,1.5958333333333334,0.0,93.6416666666667,0.0,0.12875,0.0,-1.125,0.0,0.0916666666666666,0.0,90.30833333333334,0.0,0.0758333333333333,0.0,0.0,0.0,3.6404761904761904,0.0,-3.103333333333333,0.0,114.16111111111113,9.86352
2024-11-16 00:00:00+00:00,139.0,0.0,-0.7319444444444444,0.0,0.975,0.0,91.29444444444444,0.0,0.1276388888888888,0.0,-0.1625,0.0,1.8291666666666664,0.0,92.80416666666667,0.0,0.1604166666666666,0.0,-1.3083333333333331,0.0,0.1374999999999999,0.0,89.63333333333333,0.0,0.0974999999999999,0.0,0.0,0.0,3.997619047619048,0.0,-3.2566666666666664,0.0,115.57916666666668,9.98604
2024-11-17 00:00:00+00:00,140.0,0.0,-0.8180555555555555,0.0,0.5708333333333332,0.0,92.46180555555556,0.0,0.0939583333333333,0.0,-0.0708333333333333,0.0,1.4750000000000003,0.0,94.2625,0.0,0.1158333333333333,0.0,-1.5458333333333334,0.0,-0.2958333333333334,0.0,90.90416666666664,0.0,0.0687499999999999,0.0,0.0,0.0,3.142857142857143,0.0,-3.03,0.0,112.32916666666668,9.70524
2024-11-18 00:00:00+00:00,141.0,0.0,0.6138888888888889,0.0,1.3736111111111111,0.0,95.27083333333331,0.0,0.0463888888888887,0.0,0.875,0.0,1.7625,0.0,96.11666666666667,0.0,0.0566666666666666,0.0,0.3708333333333333,0.0,1.0375,0.0,94.34583333333336,0.0,0.0375,0.0,0.0,0.0,3.021428571428572,0.0,-0.9333333333333332,0.0,75.36111111111111,6.5112
2024-11-19 00:00:00+00:00,142.0,0.0,1.772222222222222,0.0,2.6527777777777777,0.0,94.89305555555556,0.0,0.0630555555555555,0.0,2.220833333333333,0.0,3.270833333333333,0.0,95.94166666666666,0.0,0.08,0.0,1.3333333333333333,0.0,2.0625,0.0,93.8125,0.0,0.0475,0.0,0.0,0.0,4.414285714285714,0.0,0.1866666666666666,0.0,77.69305555555556,6.71268
2024-11-20 00:00:00+00:00,143.0,0.0,0.3986111111111111,0.0,4.95,0.0,77.20277777777778,0.0,0.2162499999999999,0.0,0.9250000000000002,0.0,5.45,0.0,79.64583333333333,0.0,0.25,0.0,-0.1708333333333333,0.0,4.525,0.0,74.45416666666667,0.0,0.18875,0.0,0.0,0.0,6.878571428571429,0.0,2.25,0.0,89.72361111111111,7.75212
2024-11-21 00:00:00+00:00,144.0,0.0,-5.108333333333333,0.0,-0.5388888888888889,0.0,74.16527777777777,0.0,0.1802777777777778,0.0,-4.7875000000000005,0.0,-0.0333333333333333,0.0,77.2375,0.0,0.205,0.0,-5.433333333333334,0.0,-1.0708333333333333,0.0,71.20416666666667,0.0,0.1579166666666666,0.0,0.0,0.0,0.9,0.0,-2.5533333333333337,0.0,60.60277777777777,5.236079999999999
2024-11-22 00:00:00+00:00,145.0,0.0,-5.827777777777778,0.0,2.1840277777777777,0.0,63.22708333333333,0.0,0.3359722222222221,0.0,-5.1375,0.0,2.766666666666667,0.0,66.99166666666666,0.0,0.37375,0.0,-6.516666666666667,0.0,1.5125,0.0,59.958333333333336,0.0,0.2920833333333333,0.0,0.0,0.0,5.027380952380952,0.0,-1.7966666666666662,0.0,102.5875,8.86356
2024-11-23 00:00:00+00:00,146.0,0.0,-4.644444444444445,0.0,-0.8027777777777779,0.0,78.59305555555555,0.0,0.1745833333333333,0.0,-4.3125,0.0,-0.0541666666666665,0.0,81.65833333333333,0.0,0.21,0.0,-4.941666666666666,0.0,-1.4916666666666665,0.0,75.27083333333333,0.0,0.1429166666666666,0.0,0.0,0.0,1.5166666666666664,0.0,-4.05,0.0,95.47083333333336,8.24868
2024-11-24 00:00:00+00:00,147.0,0.0,-2.6694444444444443,0.0,-0.1249999999999999,0.0,85.5,0.0,0.1281944444444444,0.0,-2.370833333333333,0.0,0.4833333333333334,0.0,87.72500000000001,0.0,0.1529166666666666,0.0,-2.983333333333333,0.0,-0.7208333333333333,0.0,83.45416666666667,0.0,0.1054166666666666,0.0,0.0,0.0,2.3380952380952382,0.0,-3.573333333333333,0.0,93.09166666666664,8.043119999999998
2024-11-25 00:00:00+00:00,148.0,0.0,-1.2458333333333331,0.0,0.1819444444444445,0.0,91.60416666666669,0.0,0.0804166666666666,0.0,-0.9583333333333334,0.0,0.8458333333333332,0.0,93.65833333333336,0.0,0.1070833333333333,0.0,-1.5458333333333334,0.0,-0.5166666666666666,0.0,89.64166666666667,0.0,0.0516666666666666,0.0,0.0,0.0,1.5738095238095238,0.0,-1.7666666666666668,0.0,67.49583333333334,5.83164
2024-11-26 00:00:00+00:00,149.0,0.0,2.7927083333333336,0.0,3.7770833333333336,0.0,93.7645833333333,0.0,0.0605902777777777,0.0,3.029166666666667,0.0,4.15,0.0,94.95,0.0,0.07375,0.0,2.5708333333333333,0.0,3.408333333333333,0.0,92.59583333333336,0.0,0.0483333333333333,0.0,0.0,0.0,5.370238095238096,0.0,1.5466666666666669,0.0,55.31111111111111,4.77888
2024-11-27 00:00:00+00:00,150.0,0.0,5.643055555555556,0.0,6.495833333333334,0.0,94.95972222222224,0.0,0.0697222222222222,0.0,6.016666666666667,0.0,7.075,0.0,96.5458333333333,0.0,0.09125,0.0,5.3125,0.0,5.904166666666666,0.0,93.65833333333336,0.0,0.0429166666666666,0.0,0.0,0.0,7.847619047619047,0.0,4.6033333333333335,0.0,65.65277777777779,5.6724
2024-11-28 00:00:00+00:00,151.0,0.0,4.965277777777778,0.0,6.080555555555556,0.0,93.44027777777778,0.0,0.0880555555555555,0.0,5.3125,0.0,6.675,0.0,94.77916666666664,0.0,0.1108333333333333,0.0,4.575,0.0,5.458333333333333,0.0,92.11666666666667,0.0,0.0658333333333333,0.0,0.0,0.0,7.952380952380952,0.0,3.4599999999999995,0.0,83.06736111111111,7.17702
2024-11-29 00:00:00+00:00,152.0,0.0,-1.301388888888889,0.0,-0.3249999999999999,0.0,94.45277777777778,0.0,0.0577777777777777,0.0,-0.7208333333333332,0.0,0.3333333333333334,0.0,96.41249999999998,0.0,0.0770833333333333,0.0,-1.7749999999999997,0.0,-0.9375,0.0,92.97499999999998,0.0,0.0329166666666666,0.0,0.0,0.0,1.4904761904761905,0.0,-2.8666666666666667,0.0,84.22777777777777,7.27728
2024-11-30 00:00:00+00:00,153.0,0.0,-2.734722222222222,0.0,-1.4472222222222222,0.0,93.08888888888887,0.0,0.08125,0.0,-2.2333333333333334,0.0,-0.7416666666666667,0.0,94.62083333333334,0.0,0.10625,0.0,-3.1791666666666667,0.0,-2.0875,0.0,91.36666666666667,0.0,0.06,0.0,0.0,0.0,0.8428571428571429,0.0,-4.653333333333333,0.0,81.17361111111111,7.0134
2024-12-01 00:00:00+00:00,154.0,0.0,-3.1152777777777776,0.0,-1.125,0.0,89.425,0.0,0.1177777777777777,0.0,-2.4833333333333334,0.0,-0.3416666666666665,0.0,91.64583333333331,0.0,0.1416666666666666,0.0,-3.6125,0.0,-1.9208333333333327,0.0,87.73333333333333,0.0,0.0891666666666666,0.0,0.0,0.0,1.2714285714285716,0.0,-4.48,0.0,81.95277777777778,7.08072
2024-12-02 00:00:00+00:00,155.0,0.0,-3.061111111111112,0.0,-1.3625,0.0,90.84305555555557,0.0,0.1015277777777777,0.0,-2.4625,0.0,-0.6291666666666668,0.0,92.55416666666667,0.0,0.1254166666666666,0.0,-3.5875,0.0,-2.0500000000000003,0.0,89.13333333333333,0.0,0.08125,0.0,0.0,0.0,1.0523809523809524,0.0,-4.743333333333333,0.0,84.54444444444444,7.30464
2024-12-03 00:00:00+00:00,156.0,0.0,3.23815048849004e-17,0.0,1.3208333333333333,0.0,91.61944444444444,0.0,0.0698611111111111,0.0,0.2416666666666667,0.0,1.6666666666666667,0.0,92.71666666666664,0.0,0.0808333333333333,0.0,-0.2374999999999999,0.0,0.9875000000000002,0.0,90.43333333333334,0.0,0.0595833333333333,0.0,0.0,0.0,3.183333333333333,0.0,-1.2866666666666666,0.0,53.31527777777777,4.60644
2024-12-04 00:00:00+00:00,157.0,0.0,1.7041666666666666,0.0,2.1625,0.0,97.0125,0.0,0.0275,0.0,2.0375,0.0,2.529166666666667,0.0,97.47499999999998,0.0,0.0316666666666666,0.0,1.3833333333333335,0.0,1.8208333333333333,0.0,96.53749999999998,0.0,0.0233333333333333,0.0,0.0,0.0,3.897619047619048,0.0,-0.2666666666666667,0.0,47.78333333333333,4.12848
2024-12-05 00:00:00+00:00,158.0,0.0,-2.404166666666667,0.0,-1.965277777777778,0.0,97.02638888888887,0.0,0.0226388888888888,0.0,-1.6875,0.0,-1.1791666666666667,0.0,98.125,0.0,0.0341666666666666,0.0,-2.983333333333333,0.0,-2.691666666666667,0.0,95.63333333333333,0.0,0.0129166666666665,0.0,0.0,0.0,-0.388095238095238,0.0,-4.173333333333334,0.0,83.00555555555555,7.17168
2024-12-06 00:00:00+00:00,159.0,0.0,-2.219444444444445,0.0,1.7930555555555554,0.0,78.99722222222222,0.0,0.2072222222222222,0.0,-1.7666666666666666,0.0,2.4958333333333336,0.0,82.11666666666666,0.0,0.2479166666666666,0.0,-2.6416666666666666,0.0,1.025,0.0,76.25,0.0,0.1633333333333333,0.0,0.0,0.0,3.7166666666666655,0.0,-0.9,0.0,84.64999999999999,7.31376
2024-12-07 00:00:00+00:00,160.0,0.0,-2.0277777777777777,0.0,0.1291666666666666,0.0,86.35138888888889,0.0,0.0981944444444444,0.0,-1.7708333333333333,0.0,0.5666666666666667,0.0,88.52916666666665,0.0,0.115,0.0,-2.2625,0.0,-0.3083333333333333,0.0,84.22083333333333,0.0,0.0820833333333333,0.0,0.0,0.0,1.4023809523809525,0.0,-1.6533333333333335,0.0,58.24166666666667,5.03208
2024-12-08 00:00:00+00:00,161.0,0.0,0.6291666666666667,0.0,0.6291666666666667,0.0,99.99583333333334,0.0,0.0,0.0,0.7208333333333333,0.0,0.7208333333333333,0.0,100.0,0.0,0.0,0.0,0.5458333333333333,0.0,0.5458333333333333,0.0,99.9875,0.0,0.0,0.0,0.0,0.0,0.7833333333333333,0.0,0.4133333333333333,0.0,14.352777777777776,1.24008
2024-12-09 00:00:00+00:00,162.0,0.0,1.459722222222222,0.0,1.459722222222222,0.0,100.0,0.0,0.0,0.0,1.6666666666666667,0.0,1.6666666666666667,0.0,100.0,0.0,0.0,0.0,1.2375,0.0,1.2375,0.0,100.0,0.0,0.0,0.0,0.0,0.0,2.1,0.0,0.5633333333333332,0.0,61.22361111111112,5.28972
2024-12-10 00:00:00+00:00,163.0,0.0,1.89375,0.0,1.89375,0.0,100.0,0.0,0.0,0.0,2.1375,0.0,2.1375,0.0,100.0,0.0,0.0,0.0,1.6791666666666665,0.0,1.6791666666666665,0.0,100.0,0.0,0.0,0.0,0.0,0.0,2.5226190476190475,0.0,1.0133333333333332,0.0,49.25,4.2552
2024-12-11 00:00:00+00:00,164.0,0.0,-0.5965277777777778,0.0,-0.4979166666666668,0.0,99.34097222222222,0.0,0.0069444444444444,0.0,0.1125,0.0,0.2374999999999999,0.0,99.5791666666667,0.0,0.0091666666666666,0.0,-1.3208333333333333,0.0,-1.2583333333333333,0.0,99.15416666666664,0.0,0.0041666666666666,0.0,0.0,0.0,0.8297619047619046,0.0,-2.3566666666666665,0.0,78.17777777777778,6.75456
2024-12-12 00:00:00+00:00,165.0,0.0,-3.3569444444444443,0.0,-3.277777777777778,0.0,99.47499999999998,0.0,0.0052777777777777,0.0,-2.645833333333333,0.0,-2.5500000000000003,0.0,99.62083333333334,0.0,0.0070833333333333,0.0,-4.095833333333333,0.0,-4.033333333333333,0.0,99.325,0.0,0.00375,0.0,0.0,0.0,-1.5214285714285716,0.0,-5.736666666666667,0.0,81.09861111111111,7.00692
2024-12-13 00:00:00+00:00,166.0,0.0,-2.638888888888889,0.0,-2.5625000000000004,0.0,99.4833333333333,0.0,0.0047222222222222,0.0,-2.0458333333333334,0.0,-1.95,0.0,99.68333333333334,0.0,0.0062499999999998,0.0,-3.2875,0.0,-3.2416666666666667,0.0,99.33750000000002,0.0,0.0025,0.0,0.0,0.0,-1.0880952380952382,0.0,-4.626666666666667,0.0,80.06319444444445,6.917460000000001
2024-12-14 00:00:00+00:00,167.0,0.0,0.5305555555555556,0.0,0.5319444444444444,0.0,99.98888888888888,0.0,0.0001388888888888,0.0,0.8333333333333334,0.0,0.8375,0.0,100.0,0.0,0.0004166666666666,0.0,0.2666666666666666,0.0,0.2666666666666666,0.0,99.96666666666664,0.0,0.0,0.0,0.0,0.0,1.2119047619047618,0.0,-0.4199999999999999,0.0,60.93055555555555,5.2644
2024-12-15 00:00:00+00:00,168.0,0.0,-0.1361111111111111,0.0,0.0416666666666667,0.0,98.83472222222224,0.0,0.0102777777777777,0.0,0.4708333333333334,0.0,0.7000000000000001,0.0,99.2,0.0,0.015,0.0,-0.7374999999999999,0.0,-0.6,0.0,98.3583333333333,0.0,0.0066666666666666,0.0,0.0,0.0,0.8595238095238097,0.0,-1.1033333333333333,0.0,75.78750000000001,6.54804
2024-12-16 00:00:00+00:00,169.0,0.0,0.323611111111111,0.0,2.558333333333333,0.0,87.04027777777777,0.0,0.136875,0.0,0.6458333333333334,0.0,3.2875,0.0,89.1375,0.0,0.1670833333333333,0.0,0.0249999999999999,0.0,1.8875,0.0,84.78333333333333,0.0,0.11,0.0,0.0,0.0,4.466666666666667,0.0,-0.1133333333333332,0.0,85.67777777777779,7.402560000000001
2024-12-17 00:00:00+00:00,170.0,0.0,-0.075,0.0,0.5277777777777777,0.0,96.44583333333333,0.0,0.0429166666666666,0.0,0.65,0.0,1.4125000000000003,0.0,97.34583333333336,0.0,0.05875,0.0,-0.7125,0.0,-0.1541666666666667,0.0,95.425,0.0,0.03,0.0,0.0,0.0,2.164285714285714,0.0,-1.763333333333333,0.0,72.26388888888889,6.2436
2024-12-18 00:00:00+00:00,171.0,0.0,-0.5875,0.0,-0.1402777777777777,0.0,97.28194444444443,0.0,0.0302777777777777,0.0,0.1333333333333333,0.0,0.7541666666666665,0.0,98.7625,0.0,0.0441666666666666,0.0,-1.2916666666666667,0.0,-1.1041666666666667,0.0,96.2958333333333,0.0,0.0108333333333333,0.0,0.0,0.0,1.5785714285714283,0.0,-2.5466666666666664,0.0,74.50138888888888,6.43692
2024-12-19 00:00:00+00:00,172.0,0.0,0.3854166666666666,0.0,0.3854166666666666,0.0,100.0,0.0,0.0,0.0,0.6333333333333333,0.0,0.6333333333333333,0.0,100.0,0.0,0.0,0.0,0.1416666666666666,0.0,0.1416666666666666,0.0,100.0,0.0,0.0,0.0,0.0,0.0,1.5142857142857142,0.0,-1.195,0.0,44.00972222222222,3.80244
2024-12-20 00:00:00+00:00,173.0,0.0,-2.1034722222222224,0.0,4.483333333333333,0.0,66.75277777777778,0.0,0.3084027777777777,0.0,-1.5458333333333334,0.0,4.991666666666666,0.0,69.39999999999999,0.0,0.3416666666666666,0.0,-2.645833333333333,0.0,3.966666666666667,0.0,64.20416666666667,0.0,0.2745833333333333,0.0,0.0,0.0,6.214285714285714,0.0,2.06,0.0,61.706944444444446,5.33148
2024-12-21 00:00:00+00:00,174.0,0.0,-4.697222222222222,0.0,-1.59375,0.0,82.03055555555555,0.0,0.1355555555555555,0.0,-4.329166666666667,0.0,-0.6124999999999999,0.0,85.4875,0.0,0.1720833333333332,0.0,-5.095833333333333,0.0,-2.4875000000000003,0.0,78.64583333333333,0.0,0.1020833333333333,0.0,0.0,0.0,-0.5523809523809524,0.0,-3.051666666666667,0.0,70.075,6.05448
2024-12-22 00:00:00+00:00,175.0,0.0,-2.45,0.0,-1.6555555555555557,0.0,94.75694444444444,0.0,0.0330555555555555,0.0,-2.2208333333333337,0.0,-1.3583333333333334,0.0,95.72916666666669,0.0,0.0408333333333333,0.0,-2.670833333333333,0.0,-1.95,0.0,93.6083333333333,0.0,0.0266666666666666,0.0,0.0,0.0,-0.8261904761904763,0.0,-2.816666666666667,0.0,34.518750000000004,2.98242
2024-12-23 00:00:00+00:00,176.0,0.0,-7.429166666666667,0.0,4.2652777777777775,0.0,46.1875,0.0,0.4965277777777777,0.0,-6.758333333333333,0.0,5.270833333333333,0.0,49.1,0.0,0.5670833333333333,0.0,-8.025,0.0,3.2916666666666665,0.0,42.958333333333336,0.0,0.4333333333333333,0.0,0.0,0.0,5.121428571428572,0.0,3.0666666666666664,0.0,68.14305555555555,5.887559999999999
2024-12-24 00:00:00+00:00,177.0,0.0,-7.32361111111111,0.0,5.673611111111111,0.0,40.03333333333333,0.0,0.5801388888888889,0.0,-6.833333333333333,0.0,6.4375,0.0,42.62083333333333,0.0,0.6375000000000001,0.0,-7.854166666666667,0.0,4.8375,0.0,37.62083333333333,0.0,0.5220833333333333,0.0,0.0,0.0,6.840476190476191,0.0,4.04,0.0,67.0763888888889,5.795400000000001
2024-12-25 00:00:00+00:00,178.0,0.0,-5.918055555555555,0.0,-2.3041666666666667,0.0,79.7375,0.0,0.1588888888888888,0.0,-5.470833333333334,0.0,-1.2875,0.0,83.27083333333333,0.0,0.1941666666666666,0.0,-6.358333333333333,0.0,-3.358333333333333,0.0,76.32083333333334,0.0,0.12125,0.0,0.0,0.0,-0.7238095238095238,0.0,-4.516666666666668,0.0,69.19097222222223,5.978100000000001
2024-12-26 00:00:00+00:00,179.0,0.0,-6.466666666666666,0.0,-4.238888888888889,0.0,88.01527777777778,0.0,0.1038888888888888,0.0,-5.8500000000000005,0.0,-3.2541666666666664,0.0,90.65416666666664,0.0,0.1320833333333333,0.0,-7.016666666666667,0.0,-5.229166666666667,0.0,85.73333333333333,0.0,0.0741666666666666,0.0,0.0,0.0,-1.819047619047619,0.0,-7.626666666666668,0.0,68.16527777777777,5.88948
2024-12-27 00:00:00+00:00,180.0,0.0,-5.47986111111111,0.0,-3.6041666666666665,0.0,89.73958333333333,0.0,0.0951388888888888,0.0,-4.895833333333333,0.0,-2.8000000000000003,0.0,92.08750000000002,0.0,0.1149999999999999,0.0,-6.0125,0.0,-4.408333333333333,0.0,87.58333333333333,0.0,0.0708333333333333,0.0,0.0,0.0,-1.2547619047619043,0.0,-6.8933333333333335,0.0,71.40972222222221,6.1698
2024-12-28 00:00:00+00:00,181.0,0.0,-3.029166666666667,0.0,-1.3902777777777775,0.0,91.03611111111113,0.0,0.0991666666666665,0.0,-2.3416666666666663,0.0,-0.4124999999999999,0.0,92.8916666666667,0.0,0.1241666666666666,0.0,-3.6,0.0,-2.2625,0.0,89.10416666666667,0.0,0.075,0.0,0.0,0.0,0.8738095238095239,0.0,-4.5600000000000005,0.0,75.65833333333335,6.536880000000001
2024-12-29 00:00:00+00:00,182.0,0.0,-2.355555555555556,0.0,-1.3388888888888888,0.0,94.31944444444444,0.0,0.0697222222222222,0.0,-1.5541666666666665,0.0,-0.3875,0.0,95.53333333333336,0.0,0.0858333333333333,0.0,-3.125,0.0,-2.316666666666667,0.0,93.18333333333334,0.0,0.0516666666666666,0.0,0.0,0.0,0.8928571428571429,0.0,-4.463333333333333,0.0,76.43333333333332,6.603839999999999
2024-12-30 00:00:00+00:00,183.0,0.0,-2.473611111111111,0.0,-1.7666666666666666,0.0,95.83888888888887,0.0,0.0487499999999999,0.0,-1.754166666666667,0.0,-0.8458333333333335,0.0,97.04166666666669,0.0,0.0658333333333333,0.0,-3.145833333333333,0.0,-2.658333333333333,0.0,94.6708333333333,0.0,0.0316666666666666,0.0,0.0,0.0,0.2976190476190477,0.0,-4.656666666666666,0.0,78.2375,6.75972
2024-12-31 00:00:00+00:00,184.0,0.0,-3.263888888888889,0.0,-2.5722222222222224,0.0,95.92569444444445,0.0,0.045,0.0,-2.5541666666666667,0.0,-1.6875,0.0,96.91666666666669,0.0,0.0591666666666666,0.0,-3.9375,0.0,-3.4125,0.0,94.94583333333333,0.0,0.0320833333333333,0.0,0.0,0.0,-0.4428571428571428,0.0,-5.553333333333332,0.0,77.59027777777779,6.7038
2025-01-01 00:00:00+00:00,185.0,0.0,-4.093055555555556,0.0,-3.408333333333333,0.0,95.8291666666667,0.0,0.0398611111111111,0.0,-3.233333333333333,0.0,-2.4791666666666665,0.0,96.6125,0.0,0.0479166666666666,0.0,-4.916666666666667,0.0,-4.333333333333333,0.0,95.1416666666667,0.0,0.0308333333333333,0.0,0.0,0.0,-1.373809523809524,0.0,-6.256666666666665,0.0,77.02916666666667,6.65532
2025-01-02 00:00:00+00:00,186.0,0.0,-2.7625000000000006,0.0,-2.402777777777778,0.0,97.59861111111113,0.0,0.0166666666666666,0.0,-2.433333333333333,0.0,-2.0458333333333334,0.0,98.125,0.0,0.0191666666666666,0.0,-3.1,0.0,-2.779166666666667,0.0,97.27083333333331,0.0,0.0129166666666665,0.0,0.0,0.0,-0.8166666666666668,0.0,-4.623333333333333,0.0,54.68611111111111,4.72488
2025-01-03 00:00:00+00:00,187.0,0.0,-2.961111111111111,0.0,-0.0847222222222221,0.0,85.83888888888889,0.0,0.1584722222222222,0.0,-2.404166666666667,0.0,0.7083333333333334,0.0,87.675,0.0,0.1908333333333333,0.0,-3.5375,0.0,-0.8041666666666666,0.0,83.66250000000001,0.0,0.13375,0.0,0.0,0.0,1.8904761904761904,0.0,-2.85,0.0,76.29027777777777,6.59148
2025-01-04 00:00:00+00:00,188.0,0.0,-6.184722222222223,0.0,-5.023611111111111,0.0,93.20972222222224,0.0,0.0519444444444444,0.0,-5.525000000000001,0.0,-4.270833333333333,0.0,94.46250000000002,0.0,0.0641666666666666,0.0,-6.833333333333333,0.0,-5.783333333333334,0.0,91.83333333333331,0.0,0.0416666666666666,0.0,0.0,0.0,-3.154761904761905,0.0,-7.640000000000001,0.0,72.10138888888888,6.229559999999999
2025-01-05 00:00:00+00:00,189.0,0.0,-2.0541666666666667,0.0,-0.8722222222222222,0.0,92.2333333333333,0.0,0.0511111111111111,0.0,-1.8416666666666668,0.0,-0.65,0.0,93.49583333333334,0.0,0.06,0.0,-2.283333333333333,0.0,-1.1,0.0,90.84999999999998,0.0,0.0425,0.0,0.0,0.0,0.3928571428571428,0.0,-2.643333333333333,0.0,30.9125,2.67084
2025-01-06 00:00:00+00:00,190.0,0.0,0.4347222222222222,0.0,1.2430555555555556,0.0,94.48472222222222,0.0,0.0380555555555555,0.0,0.6458333333333334,0.0,1.5375000000000003,0.0,95.50833333333333,0.0,0.0454166666666666,0.0,0.225,0.0,0.9499999999999998,0.0,93.49583333333334,0.0,0.0304166666666666,0.0,0.0,0.0,1.8404761904761904,0.0,0.4066666666666668,0.0,22.772222222222226,1.96752
2025-01-07 00:00:00+00:00,191.0,0.0,3.719444444444445,0.0,3.719444444444445,0.0,100.0,0.0,0.0,0.0,4.025,0.0,4.025,0.0,100.0,0.0,0.0,0.0,3.4416666666666664,0.0,3.4416666666666664,0.0,100.0,0.0,0.0,0.0,0.0,0.0,4.345238095238096,0.0,2.8433333333333333,0.0,40.99444444444445,3.54192
2025-01-08 00:00:00+00:00,192.0,0.0,3.6972222222222224,0.0,3.7916666666666665,0.0,99.37777777777778,0.0,0.006111111111111,0.0,4.041666666666667,0.0,4.170833333333333,0.0,99.74166666666667,0.0,0.01,0.0,3.4,0.0,3.4500000000000006,0.0,99.02083333333331,0.0,0.0025,0.0,0.0,0.0,4.483333333333333,0.0,2.823333333333333,0.0,68.02916666666667,5.87772
2025-01-09 00:00:00+00:00,193.0,0.0,4.302777777777778,0.0,4.302777777777778,0.0,100.0,0.0,0.0,0.0,4.45,0.0,4.45,0.0,100.0,0.0,0.0,0.0,4.1625,0.0,4.1625,0.0,100.0,0.0,0.0,0.0,0.0,0.0,4.626190476190476,0.0,3.85,0.0,32.984722222222224,2.84988
2025-01-10 00:00:00+00:00,194.0,0.0,-0.4958333333333333,0.0,2.766666666666667,0.0,82.98611111111111,0.0,0.1559722222222222,0.0,0.0625,0.0,3.3708333333333336,0.0,85.42083333333333,0.0,0.1845833333333333,0.0,-0.975,0.0,2.2041666666666666,0.0,80.76666666666667,0.0,0.12625,0.0,0.0,0.0,3.2214285714285715,0.0,2.13,0.0,62.114583333333336,5.3667
2025-01-11 00:00:00+00:00,195.0,0.0,-3.448611111111111,0.0,-1.3958333333333333,0.0,87.98333333333333,0.0,0.0993055555555555,0.0,-3.15,0.0,-0.8583333333333333,0.0,89.77499999999999,0.0,0.115,0.0,-3.779166666666667,0.0,-1.9083333333333328,0.0,86.07083333333333,0.0,0.0845833333333333,0.0,0.0,0.0,-0.2166666666666666,0.0,-3.0466666666666664,0.0,77.15972222222223,6.666600000000001
2025-01-12 00:00:00+00:00,196.0,0.0,-5.395833333333333,0.0,-2.173611111111111,0.0,81.87569444444445,0.0,0.1438888888888888,0.0,-5.095833333333333,0.0,-1.5625,0.0,84.34166666666667,0.0,0.1691666666666666,0.0,-5.7250000000000005,0.0,-2.8000000000000003,0.0,79.35416666666667,0.0,0.1179166666666666,0.0,0.0,0.0,-0.1380952380952381,0.0,-5.023333333333333,0.0,83.82083333333334,7.24212
2025-01-13 00:00:00+00:00,197.0,0.0,-6.358333333333333,0.0,-2.9055555555555554,0.0,80.9375,0.0,0.1494444444444444,0.0,-6.045833333333333,0.0,-2.2125,0.0,83.96666666666667,0.0,0.1741666666666666,0.0,-6.679166666666667,0.0,-3.595833333333333,0.0,77.75,0.0,0.1241666666666666,0.0,0.0,0.0,-0.8285714285714284,0.0,-5.8133333333333335,0.0,84.41805555555554,7.293719999999999
2025-01-14 00:00:00+00:00,198.0,0.0,-5.754166666666666,0.0,-3.679166666666666,0.0,88.79236111111112,0.0,0.1020138888888888,0.0,-5.254166666666666,0.0,-2.9416666666666664,0.0,90.55,0.0,0.12875,0.0,-6.270833333333333,0.0,-4.333333333333333,0.0,86.40416666666665,0.0,0.0820833333333333,0.0,0.0,0.0,-1.045238095238095,0.0,-7.366666666666667,0.0,84.68611111111112,7.31688
2025-01-15 00:00:00+00:00,199.0,0.0,-4.8125,0.0,-1.9916666666666665,0.0,84.65694444444445,0.0,0.1344444444444444,0.0,-4.420833333333333,0.0,-1.1833333333333331,0.0,87.25416666666666,0.0,0.16375,0.0,-5.245833333333334,0.0,-2.875,0.0,81.89999999999999,0.0,0.1054166666666666,0.0,0.0,0.0,0.6404761904761906,0.0,-5.676666666666667,0.0,90.18055555555554,7.791599999999999
2025-01-16 00:00:00+00:00,200.0,0.0,-3.209722222222222,0.0,-0.3361111111111112,0.0,83.85972222222222,0.0,0.1480555555555555,0.0,-2.8666666666666667,0.0,0.4125000000000001,0.0,86.41666666666667,0.0,0.1779166666666666,0.0,-3.5625,0.0,-1.0625000000000002,0.0,81.16250000000001,0.0,0.1187499999999999,0.0,0.0,0.0,1.6119047619047615,0.0,-3.063333333333333,0.0,95.79722222222225,8.27688
2025-01-17 00:00:00+00:00,201.0,0.0,-3.722222222222222,0.0,-2.529166666666667,0.0,93.31944444444444,0.0,0.0731944444444444,0.0,-3.1166666666666667,0.0,-1.7375,0.0,94.925,0.0,0.09625,0.0,-4.3,0.0,-3.391666666666666,0.0,91.625,0.0,0.0508333333333333,0.0,0.0,0.0,-0.1214285714285714,0.0,-5.900000000000001,0.0,102.46527777777776,8.853
2025-01-18 00:00:00+00:00,202.0,0.0,-4.095138888888889,0.0,-2.163194444444444,0.0,89.52916666666665,0.0,0.107361111111111,0.0,-3.470833333333333,0.0,-1.375,0.0,91.59166666666664,0.0,0.1316666666666666,0.0,-4.741666666666666,0.0,-3.0875,0.0,87.76666666666667,0.0,0.0833333333333333,0.0,0.0,0.0,0.155952380952381,0.0,-5.41,0.0,105.78055555555557,9.13944
2025-01-19 00:00:00+00:00,203.0,0.0,0.3638888888888889,0.0,1.502777777777778,0.0,92.5458333333333,0.0,0.0540277777777777,0.0,0.5541666666666667,0.0,1.7666666666666666,0.0,93.4541666666667,0.0,0.0633333333333333,0.0,0.1541666666666666,0.0,1.225,0.0,91.38333333333333,0.0,0.0466666666666666,0.0,0.0,0.0,2.5904761904761906,0.0,-0.0199999999999999,0.0,28.13611111111111,2.43096
2025-01-20 00:00:00+00:00,204.0,0.0,1.9569444444444448,0.0,1.9569444444444448,0.0,100.0,0.0,0.0,0.0,2.1875,0.0,2.1875,0.0,100.0,0.0,0.0,0.0,1.7375,0.0,1.7375,0.0,100.0,0.0,0.0,0.0,0.0,0.0,2.7642857142857147,0.0,0.8266666666666668,0.0,48.6625,4.20444
2025-01-21 00:00:00+00:00,205.0,0.0,2.2163194444444443,0.0,2.236111111111111,0.0,99.86875000000002,0.0,0.001875,0.0,2.954166666666667,0.0,2.9916666666666667,0.0,100.0,0.0,0.00375,0.0,1.6416666666666668,0.0,1.6416666666666668,0.0,99.75416666666666,0.0,0.0,0.0,0.0,0.0,3.897619047619048,0.0,-0.09,0.0,90.55972222222222,7.82436
2025-01-22 00:00:00+00:00,206.0,0.0,1.3652777777777778,0.0,1.3652777777777778,0.0,100.0,0.0,0.0,0.0,1.6541666666666668,0.0,1.6541666666666668,0.0,100.0,0.0,0.0,0.0,1.0958333333333334,0.0,1.0958333333333334,0.0,100.0,0.0,0.0,0.0,0.0,0.0,2.628571428571429,0.0,-0.4033333333333334,0.0,69.3138888888889,5.988720000000001
2025-01-23 00:00:00+00:00,207.0,0.0,2.752083333333333,0.0,2.752083333333333,0.0,100.0,0.0,0.0,0.0,3.016666666666667,0.0,3.016666666666667,0.0,100.0,0.0,0.0,0.0,2.475,0.0,2.475,0.0,100.0,0.0,0.0,0.0,0.0,0.0,3.5559523809523808,0.0,1.6266666666666665,0.0,42.44444444444444,3.6672
2025-01-24 00:00:00+00:00,208.0,0.0,1.7402777777777778,0.0,1.7625,0.0,99.84999999999998,0.0,0.0016666666666666,0.0,2.3000000000000003,0.0,2.3375,0.0,99.99166666666667,0.0,0.0033333333333333,0.0,1.175,0.0,1.1875,0.0,99.69583333333333,0.0,0.0,0.0,0.0,0.0,3.230952380952381,0.0,-0.2933333333333333,0.0,108.1,9.33984
2025-01-25 00:00:00+00:00,209.0,0.0,4.172222222222222,0.0,4.815277777777777,0.0,96.11805555555556,0.0,0.0473611111111111,0.0,4.470833333333333,0.0,5.208333333333333,0.0,96.72916666666669,0.0,0.0566666666666666,0.0,3.8250000000000006,0.0,4.3875,0.0,95.40833333333336,0.0,0.0391666666666666,0.0,0.0,0.0,6.014285714285715,0.0,3.1366666666666667,0.0,99.02777777777776,8.556
2025-01-26 00:00:00+00:00,210.0,0.0,5.670833333333333,0.0,5.673611111111111,0.0,99.97777777777776,0.0,0.0002777777777777,0.0,5.941666666666666,0.0,5.95,0.0,100.0,0.0,0.0008333333333333,0.0,5.4125000000000005,0.0,5.4125000000000005,0.0,99.94166666666666,0.0,0.0,0.0,0.0,0.0,6.1761904761904765,0.0,4.970000000000001,0.0,48.04027777777778,4.15068
2025-01-27 00:00:00+00:00,211.0,0.0,5.465277777777778,0.0,5.465277777777778,0.0,100.0,0.0,0.0,0.0,5.579166666666667,0.0,5.579166666666667,0.0,100.0,0.0,0.0,0.0,5.345833333333334,0.0,5.345833333333334,0.0,100.0,0.0,0.0,0.0,0.0,0.0,5.75,0.0,5.066666666666666,0.0,41.66944444444445,3.60024
2025-01-28 00:00:00+00:00,212.0,0.0,7.002777777777777,0.0,7.002777777777777,0.0,100.0,0.0,0.0,0.0,7.291666666666667,0.0,7.291666666666667,0.0,100.0,0.0,0.0,0.0,6.7,0.0,6.7,0.0,100.0,0.0,0.0,0.0,0.0,0.0,8.45,0.0,4.976666666666667,0.0,46.327777777777776,4.002719999999999
2025-01-29 00:00:00+00:00,213.0,0.0,2.336805555555556,0.0,2.8937500000000003,0.0,96.73472222222222,0.0,0.0438888888888887,0.0,2.895833333333333,0.0,3.5041666666666664,0.0,97.3625,0.0,0.0533333333333333,0.0,1.7583333333333335,0.0,2.275,0.0,96.09166666666664,0.0,0.0345833333333333,0.0,0.0,0.0,4.954761904761904,0.0,0.0083333333333333,0.0,111.98472222222222,9.67548
2025-01-30 00:00:00+00:00,214.0,0.0,0.8791666666666668,0.0,1.6222222222222225,0.0,95.53472222222224,0.0,0.0529166666666665,0.0,1.4458333333333335,0.0,2.3625000000000003,0.0,96.7958333333333,0.0,0.0720833333333333,0.0,0.325,0.0,0.8708333333333332,0.0,94.3,0.0,0.0349999999999999,0.0,0.0,0.0,4.080952380952381,0.0,-1.82,0.0,110.90138888888887,9.58188
2025-01-31 00:00:00+00:00,215.0,0.0,1.5013888888888889,0.0,1.679166666666667,0.0,98.8625,0.0,0.0116666666666665,0.0,1.8041666666666665,0.0,2.029166666666667,0.0,99.25833333333333,0.0,0.0158333333333333,0.0,1.1916666666666669,0.0,1.3083333333333331,0.0,98.53749999999998,0.0,0.0070833333333333,0.0,0.0,0.0,3.1023809523809525,0.0,-0.3133333333333333,0.0,77.94027777777778,6.734040000000001
2025-02-01 00:00:00+00:00,216.0,0.0,3.783333333333333,0.0,3.783333333333333,0.0,100.0,0.0,0.0,0.0,4.004166666666666,0.0,4.004166666666666,0.0,100.0,0.0,0.0,0.0,3.595833333333333,0.0,3.595833333333333,0.0,100.0,0.0,0.0,0.0,0.0,0.0,4.538095238095238,0.0,2.7266666666666666,0.0,37.74930555555556,3.26154
2025-02-02 00:00:00+00:00,217.0,0.0,2.645833333333333,0.0,2.772222222222222,0.0,99.21805555555557,0.0,0.0101388888888888,0.0,3.2916666666666665,0.0,3.4375,0.0,99.79166666666669,0.0,0.0154166666666666,0.0,2.1041666666666665,0.0,2.1666666666666665,0.0,98.80833333333334,0.0,0.0020833333333333,0.0,0.0,0.0,4.478571428571429,0.0,0.3833333333333333,0.0,127.71666666666668,11.034720000000002
2025-02-03 00:00:00+00:00,218.0,0.0,1.0625,0.0,2.2805555555555554,0.0,93.4472222222222,0.0,0.0995833333333333,0.0,1.6000000000000003,0.0,3.0083333333333333,0.0,95.4833333333333,0.0,0.1283333333333333,0.0,0.4749999999999999,0.0,1.433333333333333,0.0,91.70833333333331,0.0,0.0633333333333333,0.0,0.0,0.0,5.364285714285714,0.0,-2.036666666666666,0.0,152.03055555555554,13.13544
2025-02-04 00:00:00+00:00,219.0,0.0,-0.0090277777777777,0.0,2.285416666666667,0.0,88.21319444444445,0.0,0.1696527777777778,0.0,0.4624999999999999,0.0,3.0416666666666665,0.0,89.7375,0.0,0.2024999999999999,0.0,-0.5416666666666666,0.0,1.4708333333333334,0.0,86.60416666666667,0.0,0.13625,0.0,0.0,0.0,5.446428571428572,0.0,-2.14,0.0,151.79861111111111,13.1154
2025-02-05 00:00:00+00:00,220.0,0.0,-0.8361111111111109,0.0,1.8125,0.0,86.9236111111111,0.0,0.1934722222222221,0.0,-0.2833333333333332,0.0,2.7000000000000006,0.0,89.13333333333333,0.0,0.2312499999999998,0.0,-1.3166666666666669,0.0,0.8750000000000001,0.0,85.10000000000001,0.0,0.1483333333333333,0.0,0.0,0.0,5.261904761904762,0.0,-3.016666666666667,0.0,157.24027777777778,13.58556
2025-02-06 00:00:00+00:00,221.0,0.0,-1.4388888888888889,0.0,1.363888888888889,0.0,85.72083333333335,0.0,0.1904166666666666,0.0,-0.9875000000000002,0.0,2.2125,0.0,88.00416666666666,0.0,0.22875,0.0,-1.8333333333333333,0.0,0.4916666666666665,0.0,83.94583333333334,0.0,0.1441666666666666,0.0,0.0,0.0,4.919047619047618,0.0,-3.613333333333333,0.0,156.1527777777778,13.491600000000002
2025-02-07 00:00:00+00:00,222.0,0.0,-1.4388888888888889,0.0,0.15,0.0,90.68888888888888,0.0,0.0918055555555555,0.0,-1.0041666666666669,0.0,0.8833333333333333,0.0,92.17916666666667,0.0,0.1175,0.0,-1.820833333333333,0.0,-0.4291666666666665,0.0,88.7375,0.0,0.0720833333333333,0.0,0.0,0.0,2.735714285714286,0.0,-3.47,0.0,106.26805555555556,9.18156
2025-02-08 00:00:00+00:00,223.0,0.0,0.9291666666666668,0.0,2.1375,0.0,92.2986111111111,0.0,0.0631944444444444,0.0,1.0791666666666666,0.0,2.379166666666667,0.0,93.50416666666666,0.0,0.0733333333333333,0.0,0.775,0.0,1.870833333333333,0.0,91.125,0.0,0.0529166666666665,0.0,0.0,0.0,3.335714285714286,0.0,0.4600000000000001,0.0,50.48194444444445,4.36164
2025-02-09 00:00:00+00:00,224.0,0.0,2.9819444444444443,0.0,2.9819444444444443,0.0,100.0,0.0,0.0,0.0,3.108333333333333,0.0,3.108333333333333,0.0,100.0,0.0,0.0,0.0,2.8666666666666667,0.0,2.8666666666666667,0.0,100.0,0.0,0.0,0.0,0.0,0.0,3.414285714285714,0.0,2.3766666666666665,0.0,59.30694444444444,5.12412
2025-02-10 00:00:00+00:00,225.0,0.0,6.120833333333334,0.0,6.122222222222223,0.0,99.9875,0.0,0.0001388888888888,0.0,6.55,0.0,6.554166666666667,0.0,100.0,0.0,0.0004166666666666,0.0,5.808333333333334,0.0,5.808333333333334,0.0,99.96250000000002,0.0,0.0,0.0,0.0,0.0,7.326190476190476,0.0,4.4366666666666665,0.0,106.95,9.24048
2025-02-11 00:00:00+00:00,226.0,0.0,6.654166666666668,0.0,6.979166666666667,0.0,97.94027777777778,0.0,0.0252777777777777,0.0,6.825,0.0,7.170833333333333,0.0,98.30833333333334,0.0,0.0295833333333333,0.0,6.504166666666666,0.0,6.795833333333333,0.0,97.66249999999998,0.0,0.0204166666666666,0.0,0.0,0.0,8.076190476190476,0.0,5.4433333333333325,0.0,84.49305555555556,7.3002
2025-02-12 00:00:00+00:00,227.0,0.0,6.741666666666667,0.0,6.940277777777777,0.0,98.74166666666667,0.0,0.0168055555555555,0.0,7.004166666666666,0.0,7.295833333333333,0.0,99.24583333333334,0.0,0.0270833333333333,0.0,6.508333333333333,0.0,6.629166666666666,0.0,98.08333333333331,0.0,0.0091666666666666,0.0,0.0,0.0,7.899999999999999,0.0,5.596666666666667,0.0,88.97222222222223,7.687200000000001
2025-02-13 00:00:00+00:00,228.0,0.0,6.505555555555556,0.0,6.694444444444444,0.0,98.77916666666664,0.0,0.0138888888888888,0.0,6.645833333333333,0.0,6.854166666666667,0.0,99.14583333333331,0.0,0.0175,0.0,6.366666666666666,0.0,6.541666666666667,0.0,98.47083333333336,0.0,0.0095833333333333,0.0,0.0,0.0,7.395238095238095,0.0,5.713333333333334,0.0,53.661111111111104,4.63632
2025-02-14 00:00:00+00:00,229.0,0.0,3.022222222222222,0.0,3.4416666666666664,0.0,97.40833333333336,0.0,0.0252777777777777,0.0,3.404166666666667,0.0,3.858333333333333,0.0,98.34999999999998,0.0,0.0375,0.0,2.6416666666666666,0.0,3.0750000000000006,0.0,96.09583333333336,0.0,0.01625,0.0,0.0,0.0,3.8190476190476192,0.0,2.9133333333333327,0.0,61.47777777777778,5.31168
2025-02-15 00:00:00+00:00,230.0,0.0,-2.0708333333333333,0.0,1.6805555555555556,0.0,82.00694444444444,0.0,0.23875,0.0,-1.5833333333333333,0.0,2.3291666666666666,0.0,83.8125,0.0,0.2704166666666667,0.0,-2.4541666666666666,0.0,1.0916666666666666,0.0,80.2625,0.0,0.2029166666666666,0.0,0.0,0.0,5.340476190476191,0.0,-3.443333333333333,0.0,193.02222222222224,16.677120000000002
2025-02-16 00:00:00+00:00,231.0,0.0,-0.3666666666666667,0.0,1.9750000000000003,0.0,87.36388888888888,0.0,0.1540277777777778,0.0,0.025,0.0,2.795833333333333,0.0,89.84583333333335,0.0,0.1916666666666665,0.0,-0.7458333333333332,0.0,1.1,0.0,85.03333333333333,0.0,0.1133333333333333,0.0,0.0,0.0,5.1000000000000005,0.0,-2.4,0.0,171.21805555555557,14.79324
2025-02-17 00:00:00+00:00,232.0,0.0,0.3055555555555556,0.0,2.3694444444444445,0.0,87.80555555555556,0.0,0.1177777777777777,0.0,0.5583333333333333,0.0,2.845833333333333,0.0,89.32916666666667,0.0,0.1395833333333333,0.0,0.0874999999999999,0.0,1.8958333333333333,0.0,86.32083333333333,0.0,0.095,0.0,0.0,0.0,4.095238095238096,0.0,-0.0466666666666666,0.0,114.63055555555556,9.90408
2025-02-18 00:00:00+00:00,233.0,0.0,-0.6798611111111111,0.0,2.5819444444444444,0.0,81.22708333333334,0.0,0.1826388888888889,0.0,-0.4333333333333333,0.0,3.079166666666667,0.0,82.92916666666666,0.0,0.205,0.0,-0.9208333333333334,0.0,2.0625,0.0,79.5625,0.0,0.1595833333333333,0.0,0.0,0.0,4.492857142857143,0.0,-0.0933333333333333,0.0,152.11666666666665,13.142879999999998
2025-02-19 00:00:00+00:00,234.0,0.0,-2.084722222222222,0.0,-0.2722222222222222,0.0,88.94583333333333,0.0,0.0879166666666666,0.0,-1.8541666666666667,0.0,0.0958333333333334,0.0,89.95833333333333,0.0,0.0970833333333333,0.0,-2.2916666666666665,0.0,-0.6,0.0,87.94583333333333,0.0,0.07875,0.0,0.0,0.0,1.8,0.0,-3.1733333333333333,0.0,98.38194444444444,8.5002
2025-02-20 00:00:00+00:00,235.0,0.0,-1.0,0.0,2.1305555555555555,0.0,84.20416666666667,0.0,0.2186111111111111,0.0,-0.6124999999999999,0.0,2.8875000000000006,0.0,85.81666666666666,0.0,0.2516666666666666,0.0,-1.370833333333333,0.0,1.441666666666667,0.0,82.36666666666666,0.0,0.1879166666666666,0.0,0.0,0.0,5.961904761904762,0.0,-3.233333333333333,0.0,193.30000000000004,16.701120000000003
2025-02-21 00:00:00+00:00,236.0,0.0,0.0458333333333333,0.0,3.344444444444445,0.0,83.48055555555555,0.0,0.25625,0.0,0.3791666666666666,0.0,3.929166666666666,0.0,84.85000000000001,0.0,0.2891666666666667,0.0,-0.3916666666666666,0.0,2.7125000000000004,0.0,81.99583333333334,0.0,0.2258333333333333,0.0,0.0,0.0,7.742857142857143,0.0,-2.813333333333333,0.0,201.87361111111116,17.44188
2025-02-22 00:00:00+00:00,237.0,0.0,1.2347222222222225,0.0,3.076388888888889,0.0,89.64444444444445,0.0,0.1344444444444444,0.0,1.5541666666666665,0.0,3.6625,0.0,90.99583333333334,0.0,0.1591666666666666,0.0,0.8666666666666667,0.0,2.458333333333333,0.0,88.31666666666666,0.0,0.1116666666666666,0.0,0.0,0.0,6.45952380952381,0.0,-1.6599999999999997,0.0,149.75277777777777,12.93864
2025-02-23 00:00:00+00:00,238.0,0.0,3.3208333333333333,0.0,5.527777777777778,0.0,88.05,0.0,0.1854166666666666,0.0,3.675,0.0,6.158333333333334,0.0,89.64583333333333,0.0,0.2175,0.0,2.9875000000000003,0.0,4.9375,0.0,86.41250000000001,0.0,0.1558333333333333,0.0,0.0,0.0,8.902380952380952,0.0,0.8033333333333333,0.0,167.7513888888889,14.49372
2025-02-24 00:00:00+00:00,239.0,0.0,4.273611111111111,0.0,6.154166666666666,0.0,89.74166666666667,0.0,0.1648611111111111,0.0,4.854166666666667,0.0,7.125,0.0,91.75,0.0,0.21,0.0,3.720833333333333,0.0,5.216666666666667,0.0,87.60000000000001,0.0,0.125,0.0,0.0,0.0,9.1,0.0,2.03,0.0,151.175,13.061520000000002
2025-02-25 00:00:00+00:00,240.0,0.0,6.641666666666667,0.0,7.511111111111112,0.0,94.97638888888888,0.0,0.0736111111111111,0.0,6.883333333333333,0.0,7.895833333333333,0.0,95.8625,0.0,0.0891666666666666,0.0,6.370833333333334,0.0,7.116666666666667,0.0,94.09166666666664,0.0,0.0583333333333333,0.0,0.0,0.0,9.111904761904762,0.0,5.2700000000000005,0.0,105.58611111111112,9.12264
2025-02-26 00:00:00+00:00,241.0,0.0,6.545833333333333,0.0,6.545833333333333,0.0,100.0,0.0,0.0,0.0,6.650000000000001,0.0,6.650000000000001,0.0,100.0,0.0,0.0,0.0,6.433333333333334,0.0,6.433333333333334,0.0,100.0,0.0,0.0,0.0,0.0,0.0,6.864285714285714,0.0,6.099999999999999,0.0,62.9875,5.44212
2025-02-27 00:00:00+00:00,242.0,0.0,5.268055555555556,0.0,8.730555555555556,0.0,83.66388888888889,0.0,0.3116666666666666,0.0,5.645833333333333,0.0,9.4875,0.0,85.77499999999999,0.0,0.3670833333333334,0.0,4.833333333333333,0.0,7.9875,0.0,81.25,0.0,0.2625,0.0,0.0,0.0,11.730952380952385,0.0,4.529999999999999,0.0,244.77222222222224,21.14832
2025-02-28 00:00:00+00:00,243.0,0.0,4.021527777777778,0.0,7.642361111111111,0.0,80.59722222222221,0.0,0.2706944444444444,0.0,4.391666666666667,0.0,8.408333333333333,0.0,83.22916666666667,0.0,0.3304166666666666,0.0,3.7083333333333335,0.0,6.820833333333333,0.0,77.99166666666666,0.0,0.2133333333333333,0.0,0.0,0.0,10.020238095238096,0.0,4.3133333333333335,0.0,158.85416666666666,13.725
2025-03-01 00:00:00+00:00,244.0,0.0,3.031944444444445,0.0,6.336111111111111,0.0,81.8625,0.0,0.2352777777777777,0.0,3.3541666666666665,0.0,7.0625,0.0,84.375,0.0,0.28125,0.0,2.720833333333333,0.0,5.595833333333334,0.0,79.55833333333334,0.0,0.1904166666666666,0.0,0.0,0.0,8.657142857142857,0.0,3.086666666666668,0.0,159.68194444444444,13.79652
2025-03-02 00:00:00+00:00,245.0,0.0,-0.0138888888888888,0.0,5.075,0.0,76.95416666666667,0.0,0.389861111111111,0.0,0.4875,0.0,6.0,0.0,79.72500000000001,0.0,0.4616666666666666,0.0,-0.5541666666666667,0.0,3.9791666666666665,0.0,74.2625,0.0,0.3083333333333333,0.0,0.0,0.0,9.723809523809525,0.0,-1.433333333333333,0.0,255.6638888888889,22.08936
2025-03-03 00:00:00+00:00,246.0,0.0,0.0027777777777778,0.0,5.523611111111111,0.0,75.8013888888889,0.0,0.4480555555555556,0.0,0.4291666666666667,0.0,6.408333333333334,0.0,78.13333333333334,0.0,0.52,0.0,-0.4333333333333333,0.0,4.529166666666667,0.0,73.33749999999999,0.0,0.3729166666666666,0.0,0.0,0.0,10.83095238095238,0.0,-1.906666666666667,0.0,257.57916666666665,22.25484
2025-03-04 00:00:00+00:00,247.0,0.0,0.5083333333333333,0.0,6.240277777777778,0.0,74.94305555555556,0.0,0.4977777777777778,0.0,0.9875000000000002,0.0,7.229166666666667,0.0,77.64166666666667,0.0,0.5795833333333333,0.0,0.0291666666666667,0.0,5.270833333333333,0.0,71.82916666666667,0.0,0.4195833333333333,0.0,0.0,0.0,11.745238095238095,0.0,-1.4666666666666666,0.0,258.25694444444446,22.3134
2025-03-05 00:00:00+00:00,248.0,0.0,1.025,0.0,7.354166666666667,0.0,72.79861111111111,0.0,0.5766666666666667,0.0,1.5166666666666666,0.0,8.370833333333334,0.0,75.69166666666666,0.0,0.6629166666666667,0.0,0.5583333333333332,0.0,6.383333333333333,0.0,69.9875,0.0,0.4920833333333334,0.0,0.0,0.0,13.180952380952382,0.0,-0.8033333333333333,0.0,260.13888888888886,22.476
2025-03-06 00:00:00+00:00,249.0,0.0,0.967361111111111,0.0,7.342361111111111,0.0,72.51597222222223,0.0,0.5752777777777778,0.0,1.3500000000000003,0.0,8.245833333333334,0.0,75.33749999999999,0.0,0.6558333333333334,0.0,0.5708333333333333,0.0,6.404166666666666,0.0,69.91250000000001,0.0,0.4975,0.0,0.0,0.0,13.06547619047619,0.0,-0.67,0.0,264.05694444444447,22.81452
2025-03-07 00:00:00+00:00,250.0,0.0,0.7549019607843137,0.0,8.507843137254902,0.0,68.49607843137255,0.0,0.7056862745098039,0.0,1.1647058823529413,0.0,9.264705882352942,0.0,70.67647058823529,0.0,0.77,0.0,0.3529411764705881,0.0,7.647058823529412,0.0,66.61176470588236,0.0,0.6329411764705882,0.0,0.0,0.0,14.193939393939392,0.0,-1.9166666666666667,0.0,371.6529411764706,22.74516
