receivedAt,Unnamed: 0_mean,Unnamed: 0_std,dewpoint_mean_mean,dewpoint_mean_std,temperature_mean_mean,temperature_mean_std,humidity_mean_mean,humidity_mean_std,vaporPressureDeficit_mean_mean,vaporPressureDeficit_mean_std,dewpoint_max_mean,dewpoint_max_std,temperature_max_mean,temperature_max_std,humidity_max_mean,humidity_max_std,vaporPressureDeficit_max_mean,vaporPressureDeficit_max_std,dewpoint_min_mean,dewpoint_min_std,temperature_min_mean,temperature_min_std,humidity_min_mean,humidity_min_std,vaporPressureDeficit_min_mean,vaporPressureDeficit_min_std,t_above_threshold_mean,t_above_threshold_std,photosyntheticallyActiveRadiation_mean_mean,DLI_mol m-2 d-1
2024-06-30 00:00:00+00:00,0.0,0.0,16.75,0.0,17.6,0.0,94.7333333333333,0.0,0.105,0.0,16.799999999999997,0.0,17.8,0.0,96.2,0.0,0.125,0.0,16.65,0.0,17.4,0.0,93.7,0.0,0.075,0.0,0.0,0.0,0.0,0.0
2024-07-01 00:00:00+00:00,1.0,0.0,17.51111111111111,0.0,21.256944444444446,0.0,82.46249999999999,0.0,0.6906249999999999,0.0,17.883333333333333,0.0,22.070833333333336,0.0,84.51666666666667,0.0,0.815,0.0,17.158333333333335,0.0,20.5875,0.0,80.22916666666667,0.0,0.5895833333333333,0.0,0.0,0.0,263.7388888888889,22.78704
2024-07-02 00:00:00+00:00,2.0,0.0,16.663888888888888,0.0,23.67361111111111,0.0,69.87361111111112,0.0,1.2681944444444444,0.0,17.241666666666667,0.0,24.791666666666668,0.0,72.70416666666667,0.0,1.481666666666667,0.0,16.070833333333333,0.0,22.65833333333333,0.0,66.9375,0.0,1.0720833333333333,0.0,0.0,0.0,498.0465277777778,43.03122
2024-07-03 00:00:00+00:00,3.0,0.0,15.761111111111113,0.0,19.14583333333333,0.0,83.13888888888889,0.0,0.4951388888888888,0.0,16.141666666666666,0.0,19.77083333333333,0.0,84.96666666666667,0.0,0.5775,0.0,15.445833333333333,0.0,18.629166666666663,0.0,81.075,0.0,0.425,0.0,0.0,0.0,191.55833333333337,16.55064
2024-07-04 00:00:00+00:00,4.0,0.0,15.89861111111111,0.0,23.02013888888889,0.0,70.30763888888889,0.0,1.293611111111111,0.0,16.270833333333332,0.0,23.774999999999995,0.0,73.09166666666667,0.0,1.4533333333333334,0.0,15.520833333333334,0.0,22.25,0.0,67.50833333333334,0.0,1.1291666666666669,0.0,0.0,0.0,554.3979166666667,47.89998
2024-07-05 00:00:00+00:00,5.0,0.0,17.433333333333334,0.0,24.2,0.0,70.8861111111111,0.0,1.337361111111111,0.0,17.891666666666666,0.0,24.962499999999995,0.0,73.71249999999999,0.0,1.4883333333333333,0.0,16.941666666666666,0.0,23.391666666666666,0.0,68.09583333333333,0.0,1.184583333333333,0.0,0.0,0.0,488.59722222222223,42.2148
2024-07-06 00:00:00+00:00,6.0,0.0,18.54722222222222,0.0,23.677777777777777,0.0,75.53194444444445,0.0,0.935,0.0,18.933333333333334,0.0,24.641666666666666,0.0,78.325,0.0,1.12,0.0,18.1625,0.0,22.65833333333333,0.0,72.70833333333333,0.0,0.7475,0.0,0.0,0.0,268.6236111111112,23.20908
2024-07-07 00:00:00+00:00,7.0,0.0,18.806944444444444,0.0,21.74722222222222,0.0,84.35555555555555,0.0,0.4811111111111111,0.0,19.25,0.0,22.729166666666668,0.0,86.9375,0.0,0.6129166666666667,0.0,18.375,0.0,20.8625,0.0,81.67083333333333,0.0,0.3654166666666666,0.0,0.0,0.0,169.5,14.6448
2024-07-08 00:00:00+00:00,8.0,0.0,19.51388888888889,0.0,24.83125,0.0,76.75902777777777,0.0,1.1408333333333334,0.0,19.9625,0.0,25.71666666666667,0.0,79.2,0.0,1.3091666666666666,0.0,19.120833333333334,0.0,23.995833333333334,0.0,74.35833333333333,0.0,0.9820833333333332,0.0,0.0,0.0,489.8722222222222,42.32496
2024-07-09 00:00:00+00:00,9.0,0.0,19.87638888888889,0.0,25.427777777777777,0.0,75.22777777777777,0.0,1.1944444444444444,0.0,20.34583333333333,0.0,26.29583333333333,0.0,78.45,0.0,1.370833333333333,0.0,19.4125,0.0,24.375,0.0,72.55,0.0,0.9741666666666666,0.0,0.0,0.0,364.8097222222222,31.519559999999995
2024-07-10 00:00:00+00:00,10.0,0.0,20.76944444444445,0.0,27.793055555555554,0.0,70.90138888888889,0.0,1.6755555555555557,0.0,21.279166666666665,0.0,28.72083333333333,0.0,73.24583333333334,0.0,1.905833333333333,0.0,20.275,0.0,26.962499999999995,0.0,68.5125,0.0,1.4858333333333336,0.0,2.7930555555555543,0.0,466.2,40.27968
2024-07-11 00:00:00+00:00,11.0,0.0,21.553472222222226,0.0,28.320138888888888,0.0,71.04166666666667,0.0,1.632083333333333,0.0,22.016666666666666,0.0,29.162500000000005,0.0,73.49583333333334,0.0,1.8391666666666664,0.0,21.14583333333333,0.0,27.46666666666667,0.0,68.52916666666667,0.0,1.4454166666666666,0.0,3.320138888888888,0.0,477.8208333333334,41.28372
2024-07-12 00:00:00+00:00,12.0,0.0,19.99861111111111,0.0,23.744444444444444,0.0,81.325,0.0,0.6895833333333333,0.0,20.341666666666665,0.0,24.683333333333334,0.0,84.49583333333334,0.0,0.8375,0.0,19.58333333333333,0.0,22.662500000000005,0.0,78.44583333333334,0.0,0.5204166666666666,0.0,0.0,0.0,294.46944444444443,25.44216
2024-07-13 00:00:00+00:00,13.0,0.0,19.947222222222223,0.0,26.266666666666666,0.0,72.2388888888889,0.0,1.3688888888888888,0.0,20.404166666666665,0.0,27.25,0.0,74.98333333333333,0.0,1.5770833333333334,0.0,19.5,0.0,25.308333333333334,0.0,69.875,0.0,1.1641666666666668,0.0,1.2666666666666655,0.0,418.91388888888895,36.19416
2024-07-14 00:00:00+00:00,14.0,0.0,19.7375,0.0,26.17638888888889,0.0,72.44444444444444,0.0,1.4400000000000002,0.0,20.183333333333334,0.0,26.979166666666668,0.0,75.08333333333333,0.0,1.5991666666666668,0.0,19.27083333333333,0.0,25.354166666666668,0.0,70.05833333333334,0.0,1.2641666666666669,0.0,1.1763888888888907,0.0,477.75555555555553,41.27808
2024-07-15 00:00:00+00:00,15.0,0.0,19.791666666666668,0.0,26.79861111111111,0.0,70.85555555555555,0.0,1.5972222222222223,0.0,20.3625,0.0,27.537500000000005,0.0,73.07083333333334,0.0,1.7520833333333332,0.0,19.2875,0.0,26.0625,0.0,68.575,0.0,1.4529166666666666,0.0,1.7986111111111107,0.0,501.31805555555553,43.31388
2024-07-16 00:00:00+00:00,16.0,0.0,20.825,0.0,27.45138888888889,0.0,71.64999999999999,0.0,1.5591666666666668,0.0,21.479166666666668,0.0,28.2625,0.0,74.42083333333333,0.0,1.7275,0.0,20.245833333333334,0.0,26.5625,0.0,69.24583333333334,0.0,1.37625,0.0,2.4513888888888893,0.0,482.2930555555556,41.67012
2024-07-17 00:00:00+00:00,17.0,0.0,20.959722222222226,0.0,25.95694444444445,0.0,76.81805555555555,0.0,1.0698611111111112,0.0,21.516666666666666,0.0,27.09583333333333,0.0,79.36666666666666,0.0,1.26625,0.0,20.441666666666663,0.0,24.870833333333334,0.0,74.27499999999999,0.0,0.8725,0.0,0.0,0.0,333.4048611111111,28.80618
2024-07-18 00:00:00+00:00,18.0,0.0,21.375,0.0,27.975694444444443,0.0,72.28819444444444,0.0,1.6205555555555555,0.0,21.825,0.0,28.662500000000005,0.0,74.23333333333333,0.0,1.7645833333333334,0.0,20.966666666666665,0.0,27.325,0.0,70.25416666666666,0.0,1.475833333333333,0.0,2.975694444444443,0.0,492.0069444444444,42.5094
2024-07-19 00:00:00+00:00,19.0,0.0,20.616666666666667,0.0,25.126388888888886,0.0,80.07222222222222,0.0,1.0508333333333333,0.0,21.10833333333333,0.0,25.71666666666667,0.0,82.09166666666667,0.0,1.1641666666666668,0.0,20.08333333333333,0.0,24.508333333333336,0.0,77.84166666666667,0.0,0.9441666666666668,0.0,0.0,0.0,359.6708333333333,31.07556
2024-07-20 00:00:00+00:00,20.0,0.0,19.82638888888889,0.0,23.655555555555555,0.0,81.92361111111111,0.0,0.7791666666666667,0.0,20.28333333333333,0.0,24.479166666666668,0.0,83.825,0.0,0.9145833333333332,0.0,19.383333333333333,0.0,22.837499999999995,0.0,79.92916666666666,0.0,0.6504166666666666,0.0,0.0,0.0,282.0708333333333,24.37092
2024-07-21 00:00:00+00:00,21.0,0.0,21.0,0.0,26.01944444444445,0.0,77.28055555555555,0.0,1.1409722222222225,0.0,21.491666666666664,0.0,26.916666666666668,0.0,80.77083333333333,0.0,1.3304166666666666,0.0,20.6375,0.0,24.9375,0.0,74.37916666666666,0.0,0.895,0.0,1.0194444444444457,0.0,460.65,39.80016
2024-07-22 00:00:00+00:00,22.0,0.0,21.729166666666668,0.0,25.604166666666668,0.0,81.14305555555556,0.0,0.8288888888888889,0.0,22.258333333333336,0.0,27.1125,0.0,85.1375,0.0,1.2,0.0,21.254166666666663,0.0,24.391666666666666,0.0,75.70416666666667,0.0,0.5850000000000001,0.0,0.0,0.0,493.68611111111113,42.65448
2024-07-23 00:00:00+00:00,23.0,0.0,20.928472222222226,0.0,23.898611111111112,0.0,85.22916666666667,0.0,0.5934722222222222,0.0,21.454166666666666,0.0,24.912500000000005,0.0,88.37916666666666,0.0,0.7775,0.0,20.3625,0.0,22.754166666666663,0.0,81.84166666666667,0.0,0.4104166666666666,0.0,0.0,0.0,283.34027777777777,24.4806
2024-07-24 00:00:00+00:00,24.0,0.0,20.2,0.0,25.268055555555552,0.0,77.55,0.0,1.1276388888888889,0.0,20.6375,0.0,26.10833333333333,0.0,80.55,0.0,1.2875,0.0,19.78333333333333,0.0,24.274999999999995,0.0,75.03333333333333,0.0,0.9279166666666666,0.0,0.0,0.0,410.7125,35.48556
2024-07-25 00:00:00+00:00,25.0,0.0,20.65833333333333,0.0,25.53125,0.0,76.80624999999999,0.0,0.9781944444444444,0.0,21.17083333333333,0.0,26.64583333333333,0.0,81.47500000000001,0.0,1.3129166666666667,0.0,20.02083333333333,0.0,24.308333333333334,0.0,71.41250000000001,0.0,0.68,0.0,0.0,0.0,429.55,37.11312
2024-07-26 00:00:00+00:00,26.0,0.0,21.33055555555556,0.0,26.45694444444445,0.0,75.26527777777778,0.0,1.05625,0.0,21.84583333333333,0.0,27.42083333333333,0.0,79.3125,0.0,1.325416666666667,0.0,20.8125,0.0,25.425,0.0,71.15833333333333,0.0,0.78625,0.0,1.4569444444444457,0.0,402.5236111111112,34.77804
2024-07-27 00:00:00+00:00,27.0,0.0,22.65277777777777,0.0,26.07777777777778,0.0,83.55694444444445,0.0,0.7393055555555555,0.0,23.2375,0.0,27.004166666666663,0.0,87.89999999999999,0.0,0.9291666666666668,0.0,22.149999999999995,0.0,25.0125,0.0,80.15833333333333,0.0,0.4945833333333334,0.0,1.0777777777777793,0.0,471.8305555555556,40.76616
2024-07-28 00:00:00+00:00,28.0,0.0,23.54722222222222,0.0,25.97777777777777,0.0,87.74027777777776,0.0,0.5445833333333333,0.0,24.116666666666664,0.0,26.97083333333333,0.0,90.37916666666666,0.0,0.71625,0.0,22.96666666666667,0.0,25.087499999999995,0.0,84.575,0.0,0.405,0.0,0.0,0.0,458.00416666666666,39.57156
2024-07-29 00:00:00+00:00,29.0,0.0,23.07361111111111,0.0,25.7375,0.0,86.60416666666667,0.0,0.5750000000000001,0.0,23.60833333333333,0.0,26.5625,0.0,89.60000000000001,0.0,0.7295833333333334,0.0,22.54583333333333,0.0,24.879166666666663,0.0,83.7625,0.0,0.4108333333333333,0.0,0.0,0.0,479.7236111111111,41.44812
2024-07-30 00:00:00+00:00,30.0,0.0,23.022222222222226,0.0,25.04583333333333,0.0,90.2013888888889,0.0,0.4673611111111111,0.0,23.566666666666663,0.0,26.004166666666663,0.0,92.56666666666666,0.0,0.6208333333333333,0.0,22.462499999999995,0.0,24.1125,0.0,87.6875,0.0,0.3291666666666666,0.0,0.0,0.0,460.97083333333336,39.82788000000001
2024-07-31 00:00:00+00:00,31.0,0.0,24.2,0.0,25.58680555555556,0.0,92.95069444444444,0.0,0.3296527777777777,0.0,24.916666666666668,0.0,26.308333333333334,0.0,95.30833333333334,0.0,0.4283333333333333,0.0,23.566666666666663,0.0,24.8,0.0,91.075,0.0,0.205,0.0,0.0,0.0,454.6423611111111,39.2811
2024-08-01 00:00:00+00:00,32.0,0.0,22.09166666666667,0.0,23.584722222222226,0.0,92.81666666666666,0.0,0.3236111111111111,0.0,22.774999999999995,0.0,24.416666666666668,0.0,95.85416666666669,0.0,0.45875,0.0,21.445833333333336,0.0,22.67083333333333,0.0,90.40833333333336,0.0,0.1629166666666666,0.0,0.0,0.0,361.3972222222222,31.22472
2024-08-02 00:00:00+00:00,33.0,0.0,21.39583333333333,0.0,22.05,0.0,96.29722222222222,0.0,0.1279166666666666,0.0,21.991666666666664,0.0,22.89583333333333,0.0,97.62083333333334,0.0,0.1895833333333333,0.0,20.875,0.0,21.308333333333334,0.0,94.72916666666669,0.0,0.0783333333333333,0.0,0.0,0.0,381.6541666666667,32.974920000000004
2024-08-03 00:00:00+00:00,34.0,0.0,21.575,0.0,22.47777777777777,0.0,94.8916666666667,0.0,0.1656944444444444,0.0,22.28333333333333,0.0,23.40416666666667,0.0,96.34166666666664,0.0,0.23,0.0,21.02083333333333,0.0,21.75,0.0,93.29166666666669,0.0,0.1116666666666666,0.0,0.0,0.0,430.5430555555556,37.19892
2024-08-04 00:00:00+00:00,35.0,0.0,21.91527777777777,0.0,23.066666666666663,0.0,93.825,0.0,0.2144444444444444,0.0,22.291666666666668,0.0,23.754166666666663,0.0,95.6083333333333,0.0,0.3016666666666667,0.0,21.600000000000005,0.0,22.4875,0.0,91.7,0.0,0.145,0.0,0.0,0.0,412.87916666666666,35.67276
2024-08-05 00:00:00+00:00,36.0,0.0,22.741666666666664,0.0,24.897916666666664,0.0,88.89444444444445,0.0,0.4658333333333333,0.0,23.55,0.0,26.20833333333333,0.0,92.67916666666667,0.0,0.7329166666666667,0.0,22.070833333333336,0.0,23.604166666666668,0.0,84.39999999999999,0.0,0.2558333333333333,0.0,0.0,0.0,433.1069444444445,37.42044
2024-08-06 00:00:00+00:00,37.0,0.0,22.26111111111111,0.0,25.902777777777786,0.0,82.6361111111111,0.0,0.8343055555555555,0.0,22.73333333333333,0.0,27.195833333333336,0.0,87.55416666666667,0.0,1.159166666666667,0.0,21.787500000000005,0.0,24.59166666666667,0.0,77.90833333333333,0.0,0.5145833333333333,0.0,0.0,0.0,427.3131944444444,36.91986
2024-08-07 00:00:00+00:00,38.0,0.0,19.846527777777776,0.0,22.131250000000005,0.0,89.01875,0.0,0.4831944444444444,0.0,20.52083333333333,0.0,23.05,0.0,93.74583333333334,0.0,0.6829166666666667,0.0,19.2,0.0,21.03333333333333,0.0,85.39166666666667,0.0,0.2283333333333333,0.0,0.0,0.0,306.0708333333333,26.44452
2024-08-08 00:00:00+00:00,39.0,0.0,20.79305555555556,0.0,24.32777777777778,0.0,83.29861111111111,0.0,0.7658333333333333,0.0,21.791666666666668,0.0,25.33333333333333,0.0,88.34583333333335,0.0,1.04625,0.0,19.9625,0.0,23.229166666666668,0.0,78.3625,0.0,0.4891666666666667,0.0,0.0,0.0,473.6555555555556,40.92384
2024-08-09 00:00:00+00:00,40.0,0.0,22.230555555555554,0.0,25.881944444444443,0.0,83.46249999999999,0.0,0.9034722222222222,0.0,22.891666666666666,0.0,26.84583333333333,0.0,86.47916666666667,0.0,1.1016666666666668,0.0,21.5625,0.0,24.850000000000005,0.0,80.62916666666666,0.0,0.70375,0.0,0.0,0.0,464.0625,40.095
2024-08-10 00:00:00+00:00,41.0,0.0,23.147916666666664,0.0,26.938194444444445,0.0,82.56666666666666,0.0,0.9590277777777776,0.0,23.65416666666667,0.0,27.579166666666666,0.0,84.29583333333333,0.0,1.0683333333333334,0.0,22.600000000000005,0.0,26.25,0.0,80.67083333333333,0.0,0.85125,0.0,1.938194444444445,0.0,467.5111111111111,40.39296
2024-08-11 00:00:00+00:00,42.0,0.0,23.98611111111111,0.0,26.177777777777777,0.0,88.71249999999999,0.0,0.5113888888888889,0.0,24.47083333333333,0.0,26.837499999999995,0.0,91.64583333333331,0.0,0.6441666666666667,0.0,23.53333333333333,0.0,25.53333333333333,0.0,86.10833333333333,0.0,0.3645833333333333,0.0,1.1777777777777771,0.0,444.2736111111112,38.38524
2024-08-12 00:00:00+00:00,43.0,0.0,23.652083333333334,0.0,26.229166666666668,0.0,86.98680555555556,0.0,0.5995138888888889,0.0,24.34583333333333,0.0,27.28333333333333,0.0,90.3875,0.0,0.7841666666666667,0.0,22.975000000000005,0.0,25.175,0.0,84.09166666666667,0.0,0.4091666666666667,0.0,1.229166666666668,0.0,392.7722222222222,33.93552
2024-08-13 00:00:00+00:00,44.0,0.0,22.572222222222223,0.0,24.884722222222223,0.0,88.2638888888889,0.0,0.5236111111111111,0.0,23.21666666666667,0.0,25.691666666666663,0.0,91.47916666666669,0.0,0.6466666666666666,0.0,21.945833333333336,0.0,24.0125,0.0,85.79166666666667,0.0,0.3754166666666667,0.0,0.0,0.0,392.2875,33.89364
2024-08-14 00:00:00+00:00,45.0,0.0,20.334722222222226,0.0,21.02083333333333,0.0,96.20833333333331,0.0,0.12875,0.0,20.89583333333333,0.0,21.745833333333334,0.0,97.33333333333331,0.0,0.18125,0.0,19.84583333333333,0.0,20.35,0.0,95.05416666666667,0.0,0.08125,0.0,0.0,0.0,177.76319444444445,15.35874
2024-08-15 00:00:00+00:00,46.0,0.0,21.133333333333333,0.0,22.52916666666667,0.0,92.52638888888887,0.0,0.2819444444444444,0.0,21.683333333333334,0.0,23.416666666666668,0.0,95.17916666666667,0.0,0.4070833333333333,0.0,20.629166666666663,0.0,21.77916666666667,0.0,89.67083333333333,0.0,0.17,0.0,0.0,0.0,363.1486111111112,31.376040000000003
2024-08-16 00:00:00+00:00,47.0,0.0,22.44027777777778,0.0,23.62361111111112,0.0,93.68888888888888,0.0,0.2580555555555555,0.0,23.079166666666666,0.0,24.495833333333334,0.0,96.1375,0.0,0.3625,0.0,21.850000000000005,0.0,22.73333333333333,0.0,91.47083333333336,0.0,0.1479166666666666,0.0,0.0,0.0,324.6305555555556,28.04808
2024-08-17 00:00:00+00:00,48.0,0.0,22.044444444444448,0.0,23.44027777777778,0.0,92.44166666666666,0.0,0.2959722222222222,0.0,22.7375,0.0,24.325,0.0,94.5458333333333,0.0,0.3770833333333334,0.0,21.39583333333333,0.0,22.65833333333333,0.0,90.5458333333333,0.0,0.2058333333333333,0.0,0.0,0.0,313.4680555555556,27.08364
2024-08-18 00:00:00+00:00,49.0,0.0,19.851388888888888,0.0,20.92222222222222,0.0,94.30694444444444,0.0,0.2080555555555555,0.0,20.23333333333333,0.0,21.600000000000005,0.0,96.32083333333333,0.0,0.2933333333333333,0.0,19.445833333333333,0.0,20.341666666666665,0.0,92.27916666666664,0.0,0.1245833333333333,0.0,0.0,0.0,207.26666666666665,17.90784
2024-08-19 00:00:00+00:00,50.0,0.0,19.18055555555556,0.0,19.884722222222223,0.0,96.08750000000002,0.0,0.11625,0.0,19.4375,0.0,20.23333333333333,0.0,96.90833333333336,0.0,0.14125,0.0,18.9125,0.0,19.4875,0.0,95.30833333333334,0.0,0.0904166666666666,0.0,0.0,0.0,100.90138888888887,8.71788
2024-08-20 00:00:00+00:00,51.0,0.0,20.619444444444444,0.0,22.469444444444445,0.0,90.32083333333333,0.0,0.3583333333333332,0.0,21.133333333333333,0.0,23.429166666666664,0.0,92.89583333333331,0.0,0.4820833333333333,0.0,20.116666666666667,0.0,21.570833333333336,0.0,87.8,0.0,0.2383333333333333,0.0,0.0,0.0,209.7263888888889,18.12036
2024-08-21 00:00:00+00:00,52.0,0.0,21.916666666666668,0.0,24.28611111111111,0.0,87.3875,0.0,0.4670833333333333,0.0,22.53333333333333,0.0,25.133333333333336,0.0,89.59583333333335,0.0,0.5779166666666667,0.0,21.34583333333333,0.0,23.58333333333333,0.0,84.94583333333334,0.0,0.3675,0.0,0.0,0.0,451.3055555555556,38.9928
2024-08-22 00:00:00+00:00,53.0,0.0,21.554166666666664,0.0,24.04722222222222,0.0,86.84444444444445,0.0,0.4855555555555555,0.0,22.02916666666667,0.0,24.96666666666667,0.0,89.71666666666665,0.0,0.6208333333333333,0.0,21.025,0.0,23.058333333333334,0.0,84.24166666666666,0.0,0.3383333333333333,0.0,0.0,0.0,317.59722222222223,27.4404
2024-08-23 00:00:00+00:00,54.0,0.0,22.19305555555556,0.0,24.633333333333336,0.0,87.52916666666665,0.0,0.5344444444444444,0.0,22.683333333333334,0.0,25.475000000000005,0.0,89.84166666666665,0.0,0.6958333333333333,0.0,21.754166666666663,0.0,23.98333333333333,0.0,84.44166666666666,0.0,0.4183333333333334,0.0,0.0,0.0,402.39375,34.76682
2024-08-24 00:00:00+00:00,55.0,0.0,21.938888888888886,0.0,25.398611111111112,0.0,83.39861111111111,0.0,0.8004166666666667,0.0,22.45833333333333,0.0,26.141666666666666,0.0,86.07916666666667,0.0,0.9545833333333332,0.0,21.3875,0.0,24.625,0.0,80.64583333333333,0.0,0.6441666666666667,0.0,0.0,0.0,363.9597222222222,31.44612
2024-08-25 00:00:00+00:00,56.0,0.0,21.65833333333333,0.0,24.38611111111111,0.0,85.8611111111111,0.0,0.5684722222222222,0.0,22.15416666666667,0.0,25.254166666666663,0.0,88.71666666666665,0.0,0.7379166666666667,0.0,21.15833333333333,0.0,23.666666666666668,0.0,82.3875,0.0,0.43375,0.0,0.0,0.0,384.9583333333333,33.2604
2024-08-26 00:00:00+00:00,57.0,0.0,19.87708333333333,0.0,22.242013888888888,0.0,87.93888888888888,0.0,0.4425694444444444,0.0,20.4125,0.0,23.304166666666664,0.0,91.24166666666667,0.0,0.5941666666666666,0.0,19.3375,0.0,21.166666666666668,0.0,84.74166666666666,0.0,0.2933333333333333,0.0,0.0,0.0,248.7118055555556,21.488700000000005
2024-08-27 00:00:00+00:00,58.0,0.0,19.869444444444444,0.0,21.337499999999995,0.0,92.22499999999998,0.0,0.29,0.0,20.495833333333334,0.0,22.399999999999995,0.0,95.1708333333333,0.0,0.4345833333333333,0.0,19.3,0.0,20.28333333333333,0.0,89.43333333333334,0.0,0.1466666666666666,0.0,0.0,0.0,191.1291666666667,16.513560000000002
2024-08-28 00:00:00+00:00,59.0,0.0,19.16527777777777,0.0,20.5,0.0,92.8652777777778,0.0,0.2515277777777778,0.0,19.85833333333333,0.0,21.570833333333336,0.0,95.40416666666664,0.0,0.3633333333333333,0.0,18.5625,0.0,19.5125,0.0,90.30416666666667,0.0,0.145,0.0,0.0,0.0,218.15694444444443,18.84876
2024-08-29 00:00:00+00:00,60.0,0.0,20.04027777777777,0.0,23.15833333333333,0.0,85.36666666666667,0.0,0.6902777777777778,0.0,20.916666666666668,0.0,24.22083333333333,0.0,90.0,0.0,0.9591666666666666,0.0,19.104166666666668,0.0,22.166666666666668,0.0,80.52083333333333,0.0,0.4445833333333333,0.0,0.0,0.0,390.19166666666666,33.71256
2024-08-30 00:00:00+00:00,61.0,0.0,21.54583333333333,0.0,23.79444444444444,0.0,88.49583333333334,0.0,0.4856944444444444,0.0,22.316666666666663,0.0,24.758333333333336,0.0,91.92916666666667,0.0,0.6645833333333334,0.0,20.779166666666665,0.0,22.6375,0.0,85.15833333333333,0.0,0.2983333333333333,0.0,0.0,0.0,335.68055555555554,29.0028
2024-08-31 00:00:00+00:00,62.0,0.0,21.87777777777778,0.0,24.17361111111111,0.0,88.18194444444445,0.0,0.4637499999999999,0.0,22.6375,0.0,25.120833333333334,0.0,92.6416666666667,0.0,0.6570833333333334,0.0,21.23333333333333,0.0,23.195833333333336,0.0,84.08333333333333,0.0,0.2608333333333333,0.0,0.0,0.0,224.90416666666667,19.43172
2024-09-01 00:00:00+00:00,63.0,0.0,20.29027777777777,0.0,21.94861111111111,0.0,91.1708333333333,0.0,0.3095833333333333,0.0,20.95833333333333,0.0,23.120833333333334,0.0,94.31666666666666,0.0,0.4704166666666667,0.0,19.7,0.0,20.933333333333334,0.0,87.53750000000001,0.0,0.1791666666666666,0.0,0.0,0.0,227.9680555555556,19.69644
2024-09-02 00:00:00+00:00,64.0,0.0,18.96388888888889,0.0,20.869444444444444,0.0,89.84444444444445,0.0,0.3504166666666666,0.0,19.70833333333333,0.0,22.120833333333334,0.0,92.6875,0.0,0.4991666666666667,0.0,18.183333333333334,0.0,19.7875,0.0,86.72916666666667,0.0,0.2283333333333333,0.0,0.0,0.0,288.8673611111111,24.95814
2024-09-03 00:00:00+00:00,65.0,0.0,18.5625,0.0,20.148611111111112,0.0,91.60416666666669,0.0,0.29,0.0,19.20833333333333,0.0,21.120833333333334,0.0,94.5625,0.0,0.4104166666666666,0.0,17.912499999999998,0.0,19.08333333333333,0.0,88.59583333333335,0.0,0.1720833333333332,0.0,0.0,0.0,199.50833333333333,17.23752
2024-09-04 00:00:00+00:00,66.0,0.0,18.41527777777777,0.0,18.61875,0.0,98.84999999999998,0.0,0.0374305555555555,0.0,18.95833333333333,0.0,19.258333333333333,0.0,99.3916666666667,0.0,0.06125,0.0,17.958333333333332,0.0,18.066666666666663,0.0,98.27083333333331,0.0,0.0170833333333333,0.0,0.0,0.0,115.21805555555557,9.95484
2024-09-05 00:00:00+00:00,67.0,0.0,17.370833333333334,0.0,17.6875,0.0,98.14583333333331,0.0,0.0461111111111111,0.0,17.591666666666665,0.0,18.004166666666666,0.0,98.62083333333334,0.0,0.0625,0.0,17.166666666666668,0.0,17.433333333333334,0.0,97.57083333333333,0.0,0.03375,0.0,0.0,0.0,49.76666666666667,4.29984
2024-09-06 00:00:00+00:00,68.0,0.0,18.791666666666668,0.0,21.6875,0.0,85.73333333333333,0.0,0.5623611111111111,0.0,19.466666666666665,0.0,23.004166666666663,0.0,88.29166666666667,0.0,0.7487499999999999,0.0,18.216666666666665,0.0,20.616666666666667,0.0,83.01666666666667,0.0,0.4091666666666667,0.0,0.0,0.0,321.4902777777777,27.77676
2024-09-07 00:00:00+00:00,69.0,0.0,18.58194444444444,0.0,22.455555555555552,0.0,82.35972222222223,0.0,0.8276388888888889,0.0,19.125,0.0,23.2625,0.0,84.5,0.0,0.9416666666666668,0.0,18.08333333333333,0.0,21.679166666666664,0.0,80.21249999999999,0.0,0.7054166666666667,0.0,0.0,0.0,421.5444444444445,36.42144
2024-09-08 00:00:00+00:00,70.0,0.0,17.90972222222222,0.0,18.58333333333333,0.0,96.27638888888887,0.0,0.1086111111111111,0.0,18.15,0.0,18.995833333333334,0.0,97.1416666666667,0.0,0.14375,0.0,17.683333333333334,0.0,18.204166666666666,0.0,95.3,0.0,0.0779166666666666,0.0,0.0,0.0,64.38055555555556,5.56248
2024-09-09 00:00:00+00:00,71.0,0.0,16.700694444444444,0.0,20.92569444444444,0.0,80.93055555555556,0.0,0.7507638888888889,0.0,17.258333333333333,0.0,21.883333333333336,0.0,83.96666666666667,0.0,0.8933333333333332,0.0,16.245833333333334,0.0,19.89583333333333,0.0,78.00416666666666,0.0,0.59875,0.0,0.0,0.0,336.7347222222222,29.09388
2024-09-10 00:00:00+00:00,72.0,0.0,15.27222222222222,0.0,20.27083333333333,0.0,78.01458333333333,0.0,0.9238194444444444,0.0,15.716666666666669,0.0,21.0125,0.0,80.10416666666667,0.0,1.0316666666666667,0.0,14.866666666666667,0.0,19.5,0.0,75.825,0.0,0.8083333333333332,0.0,0.0,0.0,414.26666666666665,35.79264
2024-09-11 00:00:00+00:00,73.0,0.0,17.009722222222223,0.0,19.752777777777776,0.0,86.67916666666667,0.0,0.4866666666666666,0.0,17.404166666666665,0.0,20.554166666666667,0.0,88.78750000000001,0.0,0.5975,0.0,16.633333333333333,0.0,19.05,0.0,84.64166666666667,0.0,0.39125,0.0,0.0,0.0,241.74027777777772,20.88636
2024-09-12 00:00:00+00:00,74.0,0.0,11.490972222222224,0.0,11.521527777777775,0.0,99.8,0.0,0.0022222222222222,0.0,11.633333333333333,0.0,11.654166666666669,0.0,99.97916666666669,0.0,0.0054166666666666,0.0,11.329166666666666,0.0,11.375,0.0,99.49166666666667,0.0,0.0,0.0,0.0,0.0,29.30972222222222,2.53236
2024-09-13 00:00:00+00:00,75.0,0.0,6.983333333333333,0.0,14.043055555555556,0.0,65.32638888888889,0.0,0.6370833333333333,0.0,7.6375,0.0,14.625,0.0,68.33749999999999,0.0,0.705,0.0,6.266666666666667,0.0,13.508333333333333,0.0,62.42499999999999,0.0,0.5725,0.0,0.0,0.0,144.61388888888888,12.49464
2024-09-14 00:00:00+00:00,76.0,0.0,4.736111111111112,0.0,14.815277777777778,0.0,51.42777777777778,0.0,0.8319444444444444,0.0,5.316666666666666,0.0,15.4,0.0,54.20416666666667,0.0,0.9058333333333332,0.0,4.2125,0.0,14.316666666666668,0.0,48.70416666666667,0.0,0.7637499999999999,0.0,0.0,0.0,72.35000000000001,6.25104
2024-09-15 00:00:00+00:00,77.0,0.0,7.152777777777778,0.0,15.466666666666669,0.0,59.046527777777776,0.0,0.7687499999999999,0.0,7.854166666666667,0.0,16.141666666666666,0.0,62.70000000000001,0.0,0.88125,0.0,6.45,0.0,14.891666666666666,0.0,54.88333333333333,0.0,0.67625,0.0,0.0,0.0,105.99861111111112,9.15828
2024-09-16 00:00:00+00:00,78.0,0.0,9.23125,0.0,14.495833333333332,0.0,71.85833333333333,0.0,0.5206944444444445,0.0,9.995833333333334,0.0,15.158333333333331,0.0,75.8125,0.0,0.60375,0.0,8.583333333333334,0.0,13.808333333333332,0.0,68.47916666666667,0.0,0.4258333333333333,0.0,0.0,0.0,119.2125,10.29996
2024-09-17 00:00:00+00:00,79.0,0.0,12.143750000000002,0.0,15.114583333333334,0.0,84.65972222222221,0.0,0.3969444444444444,0.0,12.866666666666667,0.0,16.066666666666666,0.0,88.12083333333334,0.0,0.5045833333333333,0.0,11.466666666666669,0.0,14.191666666666668,0.0,81.5,0.0,0.2929166666666666,0.0,0.0,0.0,269.0375,23.24484
2024-09-18 00:00:00+00:00,80.0,0.0,10.531944444444443,0.0,12.616666666666667,0.0,88.93888888888888,0.0,0.2559722222222222,0.0,11.041666666666666,0.0,13.300000000000002,0.0,90.50833333333333,0.0,0.3116666666666667,0.0,10.083333333333334,0.0,12.016666666666666,0.0,87.375,0.0,0.2066666666666666,0.0,0.0,0.0,153.18695652173912,12.683879999999998
2024-09-19 00:00:00+00:00,81.0,0.0,12.125,0.0,13.77986111111111,0.0,90.81527777777778,0.0,0.2054861111111111,0.0,12.570833333333333,0.0,14.366666666666667,0.0,92.08333333333331,0.0,0.2433333333333333,0.0,11.716666666666669,0.0,13.229166666666666,0.0,89.53750000000001,0.0,0.1679166666666667,0.0,0.0,0.0,111.7923611111111,9.65886
2024-09-20 00:00:00+00:00,82.0,0.0,13.27361111111111,0.0,14.444444444444445,0.0,93.3888888888889,0.0,0.15125,0.0,13.550000000000002,0.0,14.916666666666666,0.0,94.6125,0.0,0.1945833333333333,0.0,12.979166666666666,0.0,13.983333333333334,0.0,91.87916666666666,0.0,0.1158333333333333,0.0,0.0,0.0,103.69444444444444,8.9592
2024-09-21 00:00:00+00:00,83.0,0.0,13.824999999999998,0.0,14.895833333333334,0.0,94.17638888888888,0.0,0.1520833333333333,0.0,14.366666666666667,0.0,15.858333333333334,0.0,96.38333333333333,0.0,0.2454166666666666,0.0,13.379166666666668,0.0,14.191666666666668,0.0,91.3625,0.0,0.0858333333333333,0.0,0.0,0.0,110.98194444444444,9.58884
2024-09-22 00:00:00+00:00,84.0,0.0,13.763888888888888,0.0,15.044444444444444,0.0,93.02361111111112,0.0,0.1895833333333333,0.0,14.275,0.0,15.708333333333334,0.0,94.6875,0.0,0.24375,0.0,13.15,0.0,14.300000000000002,0.0,91.30833333333334,0.0,0.1366666666666666,0.0,0.0,0.0,188.04861111111111,16.247400000000003
2024-09-23 00:00:00+00:00,85.0,0.0,13.509722222222225,0.0,14.716666666666669,0.0,93.45763888888888,0.0,0.1689583333333333,0.0,13.925000000000002,0.0,15.4,0.0,94.83333333333331,0.0,0.2191666666666666,0.0,13.183333333333332,0.0,14.129166666666668,0.0,92.22083333333336,0.0,0.1220833333333332,0.0,0.0,0.0,142.9958333333333,12.354839999999998
2024-09-24 00:00:00+00:00,86.0,0.0,15.009722222222225,0.0,16.990972222222222,0.0,89.75347222222223,0.0,0.2994444444444444,0.0,15.454166666666666,0.0,17.766666666666666,0.0,91.25833333333333,0.0,0.3820833333333333,0.0,14.591666666666669,0.0,16.275000000000002,0.0,87.97500000000001,0.0,0.2329166666666665,0.0,0.0,0.0,210.025,18.14616
2024-09-25 00:00:00+00:00,87.0,0.0,14.52361111111111,0.0,16.36388888888889,0.0,90.1777777777778,0.0,0.2669444444444445,0.0,14.925000000000002,0.0,17.099999999999998,0.0,91.9541666666667,0.0,0.3408333333333333,0.0,14.0625,0.0,15.629166666666668,0.0,88.3,0.0,0.1975,0.0,0.0,0.0,197.01666666666668,17.022240000000004
2024-09-26 00:00:00+00:00,88.0,0.0,14.529166666666669,0.0,14.983333333333334,0.0,97.2013888888889,0.0,0.0499999999999999,0.0,14.65,0.0,15.158333333333331,0.0,97.78749999999998,0.0,0.06,0.0,14.420833333333334,0.0,14.816666666666668,0.0,96.6708333333333,0.0,0.0391666666666666,0.0,0.0,0.0,35.93333333333333,3.10464
2024-09-27 00:00:00+00:00,89.0,0.0,17.20763888888889,0.0,18.82638888888889,0.0,91.88819444444444,0.0,0.3172222222222222,0.0,17.654166666666665,0.0,19.525,0.0,93.1416666666667,0.0,0.3845833333333333,0.0,16.75,0.0,18.10833333333333,0.0,90.57083333333333,0.0,0.2483333333333333,0.0,0.0,0.0,227.8583333333333,19.68696
2024-09-28 00:00:00+00:00,90.0,0.0,12.35,0.0,16.366666666666667,0.0,81.42083333333333,0.0,0.5766666666666667,0.0,12.954166666666666,0.0,17.2875,0.0,84.21249999999999,0.0,0.6908333333333334,0.0,11.845833333333331,0.0,15.354166666666666,0.0,78.7625,0.0,0.4629166666666666,0.0,0.0,0.0,271.2416666666667,23.43528
2024-09-29 00:00:00+00:00,91.0,0.0,9.843055555555557,0.0,14.223611111111111,0.0,80.50972222222222,0.0,0.596388888888889,0.0,10.2375,0.0,14.875,0.0,83.09166666666667,0.0,0.6679166666666667,0.0,9.466666666666669,0.0,13.545833333333334,0.0,78.52083333333333,0.0,0.5095833333333334,0.0,0.0,0.0,339.29027777777776,29.31468
2024-09-30 00:00:00+00:00,92.0,0.0,11.276388888888889,0.0,12.997222222222222,0.0,90.18888888888888,0.0,0.1843055555555555,0.0,11.479166666666666,0.0,13.324999999999998,0.0,91.37083333333334,0.0,0.2095833333333333,0.0,11.045833333333334,0.0,12.637499999999998,0.0,88.97916666666667,0.0,0.1566666666666666,0.0,0.0,0.0,83.975,7.255439999999999
2024-10-01 00:00:00+00:00,93.0,0.0,12.254861111111111,0.0,13.55625,0.0,92.5097222222222,0.0,0.1491666666666666,0.0,12.4375,0.0,13.866666666666667,0.0,93.37916666666666,0.0,0.1720833333333332,0.0,12.041666666666666,0.0,13.279166666666669,0.0,91.5125,0.0,0.1304166666666666,0.0,0.0,0.0,85.89166666666667,7.42104
2024-10-02 00:00:00+00:00,94.0,0.0,14.447222222222225,0.0,15.425000000000002,0.0,94.74305555555556,0.0,0.1459722222222222,0.0,14.766666666666666,0.0,16.025000000000002,0.0,95.90833333333336,0.0,0.2008333333333333,0.0,14.154166666666669,0.0,14.904166666666669,0.0,93.34166666666664,0.0,0.1016666666666666,0.0,0.0,0.0,128.41666666666666,11.0952
2024-10-03 00:00:00+00:00,95.0,0.0,11.549305555555556,0.0,11.670138888888888,0.0,99.22222222222224,0.0,0.01125,0.0,11.679166666666667,0.0,11.804166666666667,0.0,99.38333333333333,0.0,0.0145833333333333,0.0,11.429166666666667,0.0,11.541666666666666,0.0,98.99583333333334,0.0,0.00875,0.0,0.0,0.0,29.688888888888886,2.56512
2024-10-04 00:00:00+00:00,96.0,0.0,9.776388888888889,0.0,10.407638888888888,0.0,96.17847222222224,0.0,0.0588888888888888,0.0,9.9625,0.0,10.654166666666669,0.0,96.80833333333334,0.0,0.07125,0.0,9.5875,0.0,10.15,0.0,95.47499999999998,0.0,0.0470833333333333,0.0,0.0,0.0,58.31180555555556,5.03814
2024-10-05 00:00:00+00:00,97.0,0.0,10.440277777777778,0.0,11.513888888888888,0.0,93.86388888888888,0.0,0.1168055555555555,0.0,10.741666666666667,0.0,11.983333333333334,0.0,94.90416666666664,0.0,0.1454166666666666,0.0,10.1625,0.0,11.0875,0.0,92.82083333333333,0.0,0.0908333333333332,0.0,0.0,0.0,98.47361111111113,8.50812
2024-10-06 00:00:00+00:00,98.0,0.0,9.972222222222223,0.0,11.404166666666669,0.0,91.9201388888889,0.0,0.1484722222222222,0.0,10.270833333333334,0.0,11.779166666666669,0.0,92.74166666666667,0.0,0.1645833333333333,0.0,9.670833333333333,0.0,11.008333333333333,0.0,91.14583333333331,0.0,0.13125,0.0,0.0,0.0,89.0763888888889,7.696200000000001
2024-10-07 00:00:00+00:00,99.0,0.0,11.612500000000002,0.0,12.477777777777776,0.0,95.41527777777776,0.0,0.1116666666666666,0.0,12.004166666666668,0.0,13.1,0.0,96.8291666666667,0.0,0.1604166666666666,0.0,11.191666666666668,0.0,11.770833333333334,0.0,93.93333333333334,0.0,0.0633333333333333,0.0,0.0,0.0,115.59722222222224,9.9876
2024-10-08 00:00:00+00:00,100.0,0.0,13.790972222222225,0.0,13.795138888888888,0.0,99.97222222222224,0.0,0.0005555555555555,0.0,13.933333333333332,0.0,13.933333333333332,0.0,100.0,0.0,0.00125,0.0,13.637499999999998,0.0,13.641666666666666,0.0,99.9375,0.0,0.0,0.0,0.0,0.0,29.75277777777778,2.57064
2024-10-09 00:00:00+00:00,101.0,0.0,14.808333333333332,0.0,15.890277777777778,0.0,93.9472222222222,0.0,0.1443055555555555,0.0,15.1875,0.0,16.5125,0.0,95.24166666666667,0.0,0.1849999999999999,0.0,14.504166666666668,0.0,15.379166666666668,0.0,92.6125,0.0,0.1058333333333333,0.0,0.0,0.0,100.64305555555556,8.69556
2024-10-10 00:00:00+00:00,102.0,0.0,12.613888888888887,0.0,12.683333333333332,0.0,99.57222222222224,0.0,0.0076388888888888,0.0,12.858333333333334,0.0,12.954166666666666,0.0,99.80833333333334,0.0,0.0133333333333333,0.0,12.366666666666667,0.0,12.433333333333332,0.0,99.25416666666666,0.0,0.0033333333333333,0.0,0.0,0.0,28.431944444444444,2.45652
2024-10-11 00:00:00+00:00,103.0,0.0,9.491666666666667,0.0,11.933333333333332,0.0,88.04722222222222,0.0,0.3390277777777777,0.0,10.1,0.0,12.766666666666666,0.0,90.16666666666669,0.0,0.3974999999999999,0.0,8.970833333333333,0.0,11.025,0.0,86.24583333333334,0.0,0.2641666666666666,0.0,0.0,0.0,251.3326388888889,21.71514
2024-10-12 00:00:00+00:00,104.0,0.0,10.229861111111113,0.0,12.043749999999998,0.0,90.4875,0.0,0.2275,0.0,10.691666666666668,0.0,12.945833333333333,0.0,92.45,0.0,0.3108333333333333,0.0,9.854166666666666,0.0,11.229166666666666,0.0,88.27083333333333,0.0,0.15625,0.0,0.0,0.0,158.36111111111111,13.6824
2024-10-13 00:00:00+00:00,105.0,0.0,10.554166666666664,0.0,12.181944444444444,0.0,91.37222222222222,0.0,0.2062499999999999,0.0,10.883333333333333,0.0,12.699999999999998,0.0,92.375,0.0,0.2379166666666666,0.0,10.175,0.0,11.629166666666668,0.0,90.24583333333334,0.0,0.1779166666666666,0.0,0.0,0.0,133.06666666666666,11.49696
2024-10-14 00:00:00+00:00,106.0,0.0,10.77777777777778,0.0,12.177777777777775,0.0,92.41666666666669,0.0,0.1679166666666666,0.0,11.241666666666667,0.0,12.858333333333334,0.0,93.22916666666669,0.0,0.2024999999999999,0.0,10.416666666666666,0.0,11.645833333333334,0.0,91.41249999999998,0.0,0.14125,0.0,0.0,0.0,190.7625,16.48188
2024-10-15 00:00:00+00:00,107.0,0.0,10.375694444444443,0.0,11.31875,0.0,94.65763888888888,0.0,0.1106944444444443,0.0,10.870833333333332,0.0,12.012499999999998,0.0,95.90416666666664,0.0,0.1420833333333333,0.0,9.891666666666667,0.0,10.629166666666666,0.0,93.36666666666667,0.0,0.0808333333333333,0.0,0.0,0.0,179.83333333333334,15.5376
2024-10-16 00:00:00+00:00,108.0,0.0,11.542361111111113,0.0,11.543749999999998,0.0,99.99166666666667,0.0,0.0001388888888888,0.0,11.729166666666666,0.0,11.729166666666666,0.0,100.0,0.0,0.0004166666666666,0.0,11.362500000000002,0.0,11.362500000000002,0.0,99.9833333333333,0.0,0.0,0.0,0.0,0.0,68.18472222222222,5.89116
2024-10-17 00:00:00+00:00,109.0,0.0,14.449999999999998,0.0,14.449999999999998,0.0,100.0,0.0,0.0,0.0,14.604166666666666,0.0,14.604166666666666,0.0,100.0,0.0,0.0,0.0,14.300000000000002,0.0,14.300000000000002,0.0,100.0,0.0,0.0,0.0,0.0,0.0,65.0513888888889,5.62044
2024-10-18 00:00:00+00:00,110.0,0.0,13.660416666666668,0.0,13.711805555555555,0.0,99.69027777777778,0.0,0.0073611111111111,0.0,13.9375,0.0,14.0375,0.0,100.0,0.0,0.0141666666666666,0.0,13.391666666666666,0.0,13.391666666666666,0.0,99.40000000000002,0.0,0.0,0.0,0.0,0.0,69.79444444444444,6.03024
2024-10-19 00:00:00+00:00,111.0,0.0,12.298611111111112,0.0,12.298611111111112,0.0,100.0,0.0,0.0,0.0,12.5,0.0,12.5,0.0,100.0,0.0,0.0,0.0,12.112500000000002,0.0,12.112500000000002,0.0,100.0,0.0,0.0,0.0,0.0,0.0,49.86111111111112,4.308
2024-10-20 00:00:00+00:00,112.0,0.0,14.86597222222222,0.0,14.959027777777775,0.0,99.4375,0.0,0.0141666666666666,0.0,15.166666666666666,0.0,15.308333333333332,0.0,99.71666666666664,0.0,0.0220833333333333,0.0,14.550000000000002,0.0,14.6,0.0,99.12083333333334,0.0,0.0066666666666666,0.0,0.0,0.0,155.41111111111113,13.42752
2024-10-21 00:00:00+00:00,113.0,0.0,15.176388888888887,0.0,16.773611111111112,0.0,91.83750000000002,0.0,0.2452777777777778,0.0,15.479166666666666,0.0,17.25,0.0,93.1083333333333,0.0,0.28625,0.0,14.808333333333332,0.0,16.233333333333334,0.0,90.7375,0.0,0.1995833333333333,0.0,0.0,0.0,343.15277777777777,29.648399999999995
2024-10-22 00:00:00+00:00,114.0,0.0,13.371180555555556,0.0,14.840972222222222,0.0,92.32083333333333,0.0,0.2113541666666666,0.0,13.762499999999998,0.0,15.345833333333331,0.0,93.5791666666667,0.0,0.2479166666666666,0.0,13.008333333333333,0.0,14.320833333333333,0.0,91.2375,0.0,0.17,0.0,0.0,0.0,350.4736111111111,30.28092
2024-10-23 00:00:00+00:00,115.0,0.0,13.588888888888889,0.0,13.702777777777778,0.0,99.29444444444444,0.0,0.0131944444444444,0.0,13.733333333333334,0.0,13.862500000000002,0.0,99.5791666666667,0.0,0.0183333333333333,0.0,13.441666666666668,0.0,13.550000000000002,0.0,99.0166666666667,0.0,0.0079166666666666,0.0,0.0,0.0,49.55138888888889,4.28124
2024-10-24 00:00:00+00:00,116.0,0.0,14.236805555555556,0.0,14.250694444444443,0.0,99.91527777777776,0.0,0.0018055555555555,0.0,14.425000000000002,0.0,14.449999999999998,0.0,99.9833333333333,0.0,0.00375,0.0,14.029166666666669,0.0,14.033333333333331,0.0,99.8291666666667,0.0,0.0004166666666666,0.0,0.0,0.0,78.78611111111111,6.80712
2024-10-25 00:00:00+00:00,117.0,0.0,14.0375,0.0,15.293055555555556,0.0,92.95,0.0,0.1573611111111111,0.0,14.225,0.0,15.699999999999998,0.0,93.97916666666669,0.0,0.1925,0.0,13.845833333333331,0.0,14.908333333333331,0.0,91.8,0.0,0.1270833333333333,0.0,0.0,0.0,253.6805555555556,21.918
2024-10-26 00:00:00+00:00,118.0,0.0,13.993055555555555,0.0,13.995833333333332,0.0,99.97916666666669,0.0,0.0004166666666666,0.0,14.170833333333334,0.0,14.179166666666667,0.0,100.0,0.0,0.0008333333333333,0.0,13.804166666666667,0.0,13.804166666666667,0.0,99.95,0.0,0.0,0.0,0.0,0.0,64.64722222222223,5.585520000000001
2024-10-27 00:00:00+00:00,119.0,0.0,14.881944444444445,0.0,15.713888888888889,0.0,95.52430555555556,0.0,0.1195833333333333,0.0,15.216666666666669,0.0,16.150000000000002,0.0,96.69166666666666,0.0,0.1525,0.0,14.620833333333332,0.0,15.370833333333332,0.0,94.425,0.0,0.08625,0.0,0.0,0.0,287.0375,24.800040000000003
2024-10-28 00:00:00+00:00,120.0,0.0,13.419444444444444,0.0,14.643055555555556,0.0,93.30694444444444,0.0,0.1597222222222222,0.0,13.800000000000002,0.0,15.341666666666669,0.0,94.88333333333333,0.0,0.215,0.0,13.1,0.0,14.033333333333331,0.0,91.67916666666667,0.0,0.1104166666666666,0.0,0.0,0.0,191.65138888888887,16.55868
2024-10-29 00:00:00+00:00,121.0,0.0,10.793055555555556,0.0,11.991666666666667,0.0,93.79444444444444,0.0,0.1659722222222222,0.0,11.266666666666666,0.0,12.65,0.0,95.09166666666664,0.0,0.21,0.0,10.3375,0.0,11.362500000000002,0.0,92.22916666666669,0.0,0.1316666666666666,0.0,0.0,0.0,294.3451388888889,25.43142
2024-10-30 00:00:00+00:00,122.0,0.0,10.089583333333334,0.0,11.486805555555556,0.0,92.78611111111113,0.0,0.1922222222222222,0.0,10.633333333333333,0.0,12.220833333333331,0.0,94.19583333333333,0.0,0.2420833333333333,0.0,9.5375,0.0,10.783333333333331,0.0,91.27916666666664,0.0,0.1516666666666666,0.0,0.0,0.0,338.0444444444445,29.207040000000003
2024-10-31 00:00:00+00:00,123.0,0.0,9.141666666666667,0.0,10.565972222222223,0.0,92.675,0.0,0.1895833333333333,0.0,9.729166666666666,0.0,11.375,0.0,93.9875,0.0,0.2325,0.0,8.549999999999999,0.0,9.766666666666667,0.0,91.21666666666664,0.0,0.15125,0.0,0.0,0.0,347.5923611111112,30.03198
2024-11-01 00:00:00+00:00,124.0,0.0,8.406944444444445,0.0,9.930555555555555,0.0,92.27638888888887,0.0,0.1975,0.0,9.016666666666667,0.0,10.804166666666667,0.0,93.77083333333331,0.0,0.2474999999999999,0.0,7.8,0.0,9.108333333333333,0.0,90.5791666666667,0.0,0.1541666666666666,0.0,0.0,0.0,351.4111111111111,30.36192
2024-11-02 00:00:00+00:00,125.0,0.0,7.563888888888889,0.0,8.993055555555555,0.0,92.7361111111111,0.0,0.18,0.0,8.183333333333334,0.0,9.8875,0.0,94.13333333333333,0.0,0.2283333333333333,0.0,6.954166666666667,0.0,8.166666666666666,0.0,91.0,0.0,0.1420833333333333,0.0,0.0,0.0,352.4145833333334,30.448620000000005
2024-11-03 00:00:00+00:00,126.0,0.0,6.212500000000001,0.0,7.652777777777779,0.0,92.58888888888887,0.0,0.1652777777777777,0.0,6.704166666666667,0.0,8.387500000000001,0.0,93.88333333333333,0.0,0.2054166666666666,0.0,5.675,0.0,6.9375,0.0,90.96666666666664,0.0,0.13375,0.0,0.0,0.0,334.7180555555556,28.91964
2024-11-04 00:00:00+00:00,127.0,0.0,5.944444444444444,0.0,7.297222222222222,0.0,92.99722222222222,0.0,0.1570833333333333,0.0,6.445833333333333,0.0,8.008333333333333,0.0,93.86666666666667,0.0,0.1858333333333333,0.0,5.275,0.0,6.466666666666666,0.0,91.83750000000002,0.0,0.1329166666666666,0.0,0.0,0.0,326.4875,28.20852
2024-11-05 00:00:00+00:00,128.0,0.0,4.15,0.0,5.268055555555556,0.0,94.0138888888889,0.0,0.1070833333333333,0.0,4.666666666666667,0.0,5.945833333333333,0.0,95.29166666666669,0.0,0.1370833333333333,0.0,3.608333333333334,0.0,4.65,0.0,92.55416666666667,0.0,0.0829166666666666,0.0,0.0,0.0,207.88194444444449,17.961
2024-11-06 00:00:00+00:00,129.0,0.0,3.70625,0.0,5.372222222222223,0.0,91.60277777777776,0.0,0.1716666666666666,0.0,4.3375,0.0,6.120833333333334,0.0,93.00833333333333,0.0,0.2079166666666666,0.0,3.095833333333333,0.0,4.616666666666666,0.0,90.10416666666669,0.0,0.1374999999999999,0.0,0.0,0.0,302.7708333333333,26.1594
2024-11-07 00:00:00+00:00,130.0,0.0,3.446527777777778,0.0,5.2756944444444445,0.0,90.68611111111112,0.0,0.1826388888888888,0.0,4.1125,0.0,5.991666666666667,0.0,92.1416666666667,0.0,0.2166666666666666,0.0,2.7541666666666664,0.0,4.4375,0.0,89.1375,0.0,0.1504166666666666,0.0,0.0,0.0,300.2291666666667,25.9398
2024-11-08 00:00:00+00:00,131.0,0.0,3.705555555555556,0.0,4.430555555555556,0.0,95.78055555555557,0.0,0.0647222222222222,0.0,4.3,0.0,5.079166666666667,0.0,96.94166666666666,0.0,0.08625,0.0,3.1833333333333336,0.0,3.845833333333333,0.0,94.53749999999998,0.0,0.0445833333333333,0.0,0.0,0.0,238.11111111111111,20.5728
2024-11-09 00:00:00+00:00,132.0,0.0,3.984722222222223,0.0,4.952777777777778,0.0,94.72222222222224,0.0,0.0949999999999999,0.0,4.7125,0.0,5.729166666666667,0.0,95.95833333333331,0.0,0.1179166666666666,0.0,3.3375,0.0,4.2,0.0,93.69166666666666,0.0,0.0674999999999999,0.0,0.0,0.0,222.49166666666667,19.22328
2024-11-10 00:00:00+00:00,133.0,0.0,2.926388888888889,0.0,4.161111111111111,0.0,93.53055555555557,0.0,0.1191666666666666,0.0,3.5541666666666667,0.0,4.958333333333333,0.0,95.14583333333331,0.0,0.1633333333333333,0.0,2.3375,0.0,3.420833333333333,0.0,91.60416666666669,0.0,0.07875,0.0,0.0,0.0,278.4583333333333,24.0588
2024-11-11 00:00:00+00:00,134.0,0.0,2.0194444444444444,0.0,3.2875,0.0,93.18888888888888,0.0,0.1126388888888888,0.0,2.625,0.0,4.020833333333333,0.0,94.84999999999998,0.0,0.1429166666666666,0.0,1.425,0.0,2.5958333333333337,0.0,91.575,0.0,0.0808333333333333,0.0,0.0,0.0,270.87916666666666,23.40396
2024-11-12 00:00:00+00:00,135.0,0.0,0.8041666666666666,0.0,2.423611111111111,0.0,91.56944444444444,0.0,0.1354166666666666,0.0,1.3416666666666668,0.0,3.1125000000000003,0.0,93.2,0.0,0.1658333333333333,0.0,0.2124999999999999,0.0,1.633333333333333,0.0,90.07083333333333,0.0,0.1016666666666666,0.0,0.0,0.0,248.80972222222223,21.49716
2024-11-13 00:00:00+00:00,136.0,0.0,2.126388888888889,0.0,3.488888888888889,0.0,92.38333333333333,0.0,0.10375,0.0,2.8625000000000003,0.0,4.320833333333334,0.0,94.55416666666667,0.0,0.1429166666666666,0.0,1.4583333333333333,0.0,2.683333333333333,0.0,90.0791666666667,0.0,0.0658333333333333,0.0,0.0,0.0,215.7722222222222,18.64272
2024-11-14 00:00:00+00:00,137.0,0.0,1.6819444444444445,0.0,3.954166666666666,0.0,88.71805555555557,0.0,0.1809722222222222,0.0,2.3000000000000003,0.0,4.829166666666667,0.0,90.5458333333333,0.0,0.2212499999999998,0.0,1.075,0.0,3.020833333333333,0.0,86.90416666666665,0.0,0.1374999999999999,0.0,0.0,0.0,271.69166666666666,23.47416
2024-11-15 00:00:00+00:00,138.0,0.0,-0.4881944444444444,0.0,0.8562500000000001,0.0,92.75416666666666,0.0,0.0951388888888888,0.0,-0.0583333333333333,0.0,1.4875,0.0,94.19166666666666,0.0,0.12,0.0,-0.9666666666666668,0.0,0.1,0.0,91.20833333333331,0.0,0.0691666666666666,0.0,0.0,0.0,261.3902777777778,22.58412
2024-11-16 00:00:00+00:00,139.0,0.0,-0.2902777777777777,0.0,1.051388888888889,0.0,93.01805555555556,0.0,0.1043055555555555,0.0,0.2916666666666667,0.0,1.7708333333333333,0.0,95.075,0.0,0.1454166666666666,0.0,-1.0125,0.0,0.2250000000000001,0.0,90.81666666666666,0.0,0.0654166666666666,0.0,0.0,0.0,223.0145833333333,19.26846
2024-11-17 00:00:00+00:00,140.0,0.0,-0.7041666666666666,0.0,0.6597222222222222,0.0,92.71944444444443,0.0,0.0961111111111111,0.0,-0.0708333333333333,0.0,1.3125000000000002,0.0,94.72499999999998,0.0,0.1191666666666666,0.0,-1.375,0.0,-0.1291666666666667,0.0,91.24583333333334,0.0,0.065,0.0,0.0,0.0,250.6916666666667,21.65976
2024-11-18 00:00:00+00:00,141.0,0.0,0.9250000000000002,0.0,1.5777777777777775,0.0,95.94305555555556,0.0,0.0409722222222222,0.0,1.370833333333333,0.0,2.0541666666666667,0.0,96.64583333333331,0.0,0.0491666666666666,0.0,0.4374999999999998,0.0,1.025,0.0,95.24583333333334,0.0,0.0333333333333333,0.0,0.0,0.0,103.29027777777776,8.92428
2024-11-19 00:00:00+00:00,142.0,0.0,1.9652777777777777,0.0,2.6888888888888887,0.0,95.85972222222222,0.0,0.0546527777777776,0.0,2.4,0.0,3.279166666666667,0.0,96.95833333333331,0.0,0.0720833333333333,0.0,1.558333333333333,0.0,2.1166666666666667,0.0,94.84999999999998,0.0,0.0366666666666666,0.0,0.0,0.0,123.30833333333334,10.65384
2024-11-20 00:00:00+00:00,143.0,0.0,0.8236111111111114,0.0,4.98125,0.0,78.89097222222223,0.0,0.2043055555555555,0.0,1.5125,0.0,5.625,0.0,81.77499999999999,0.0,0.25,0.0,0.1416666666666665,0.0,4.329166666666667,0.0,75.54583333333333,0.0,0.1670833333333333,0.0,0.0,0.0,164.46944444444446,14.21016
2024-11-21 00:00:00+00:00,144.0,0.0,-4.697222222222222,0.0,-0.4868055555555555,0.0,75.91527777777777,0.0,0.1696527777777778,0.0,-4.333333333333333,0.0,-0.0416666666666666,0.0,78.83749999999999,0.0,0.1904166666666666,0.0,-5.0375000000000005,0.0,-0.9458333333333332,0.0,73.34166666666667,0.0,0.1466666666666666,0.0,0.0,0.0,76.57847222222222,6.61638
2024-11-22 00:00:00+00:00,145.0,0.0,-5.082638888888889,0.0,2.148611111111111,0.0,65.96666666666667,0.0,0.3195833333333333,0.0,-4.566666666666666,0.0,2.725,0.0,69.075,0.0,0.3591666666666666,0.0,-5.608333333333333,0.0,1.6083333333333334,0.0,62.82500000000001,0.0,0.28375,0.0,0.0,0.0,209.1458333333333,18.0702
2024-11-23 00:00:00+00:00,146.0,0.0,-4.197222222222222,0.0,-0.6055555555555556,0.0,80.27361111111111,0.0,0.1733333333333333,0.0,-3.8250000000000006,0.0,0.1541666666666667,0.0,83.40416666666667,0.0,0.20375,0.0,-4.495833333333334,0.0,-1.370833333333333,0.0,77.29166666666667,0.0,0.13875,0.0,0.0,0.0,191.50694444444449,16.546200000000002
2024-11-24 00:00:00+00:00,147.0,0.0,-2.308333333333333,0.0,-0.0944444444444444,0.0,87.54583333333333,0.0,0.1166666666666666,0.0,-1.9666666666666668,0.0,0.5874999999999999,0.0,89.70833333333333,0.0,0.145,0.0,-2.629166666666667,0.0,-0.7166666666666667,0.0,85.27083333333333,0.0,0.0908333333333332,0.0,0.0,0.0,125.80555555555556,10.8696
2024-11-25 00:00:00+00:00,148.0,0.0,-0.9138888888888888,0.0,0.3430555555555556,0.0,92.73055555555555,0.0,0.0752777777777777,0.0,-0.4666666666666666,0.0,1.0583333333333331,0.0,94.19583333333333,0.0,0.0983333333333333,0.0,-1.3208333333333333,0.0,-0.3333333333333333,0.0,91.27916666666664,0.0,0.0545833333333332,0.0,0.0,0.0,165.37916666666663,14.288759999999998
2024-11-26 00:00:00+00:00,149.0,0.0,3.086111111111111,0.0,3.801388888888889,0.0,95.43194444444444,0.0,0.045,0.0,3.341666666666667,0.0,4.15,0.0,96.25416666666666,0.0,0.0545833333333332,0.0,2.845833333333333,0.0,3.470833333333333,0.0,94.5625,0.0,0.0366666666666666,0.0,0.0,0.0,67.35416666666667,5.8194
2024-11-27 00:00:00+00:00,150.0,0.0,5.788888888888889,0.0,6.484722222222222,0.0,95.8861111111111,0.0,0.0583333333333333,0.0,6.170833333333333,0.0,7.091666666666666,0.0,97.1416666666667,0.0,0.0829166666666666,0.0,5.3500000000000005,0.0,5.808333333333334,0.0,94.59166666666664,0.0,0.035,0.0,0.0,0.0,99.60416666666669,8.6058
2024-11-28 00:00:00+00:00,151.0,0.0,5.1625000000000005,0.0,6.109722222222222,0.0,94.40138888888887,0.0,0.0770833333333333,0.0,5.595833333333334,0.0,6.720833333333334,0.0,95.47499999999998,0.0,0.0954166666666666,0.0,4.783333333333333,0.0,5.545833333333333,0.0,93.40416666666664,0.0,0.0574999999999999,0.0,0.0,0.0,132.29513888888889,11.4303
2024-11-29 00:00:00+00:00,152.0,0.0,-1.2194444444444443,0.0,-0.3083333333333333,0.0,94.82083333333333,0.0,0.0545833333333332,0.0,-0.5874999999999999,0.0,0.3208333333333333,0.0,96.45,0.0,0.0725,0.0,-1.7625,0.0,-0.8916666666666666,0.0,93.55,0.0,0.0316666666666666,0.0,0.0,0.0,178.4888888888889,15.42144
2024-11-30 00:00:00+00:00,153.0,0.0,-2.479861111111111,0.0,-1.4840277777777775,0.0,94.43680555555557,0.0,0.0634027777777777,0.0,-2.0625,0.0,-0.9333333333333332,0.0,95.875,0.0,0.0837499999999999,0.0,-2.8875000000000006,0.0,-2.0125,0.0,93.0791666666667,0.0,0.0425,0.0,0.0,0.0,174.60833333333335,15.08616
2024-12-01 00:00:00+00:00,154.0,0.0,-2.488888888888889,0.0,-1.1819444444444445,0.0,92.91111111111113,0.0,0.07875,0.0,-1.8,0.0,-0.4458333333333333,0.0,95.02083333333331,0.0,0.1041666666666665,0.0,-3.1791666666666667,0.0,-1.9458333333333333,0.0,91.00833333333333,0.0,0.0504166666666666,0.0,0.0,0.0,176.40555555555557,15.24144
2024-12-02 00:00:00+00:00,155.0,0.0,-2.9055555555555554,0.0,-1.3833333333333335,0.0,91.7361111111111,0.0,0.0931944444444444,0.0,-2.5166666666666666,0.0,-0.8083333333333332,0.0,93.6125,0.0,0.11375,0.0,-3.275,0.0,-2.083333333333333,0.0,90.2,0.0,0.06625,0.0,0.0,0.0,184.3125,15.9246
2024-12-03 00:00:00+00:00,156.0,0.0,0.225,0.0,1.3208333333333333,0.0,93.05416666666667,0.0,0.0595833333333333,0.0,0.4791666666666667,0.0,1.691666666666667,0.0,93.9375,0.0,0.0691666666666666,0.0,0.0124999999999999,0.0,0.9833333333333334,0.0,92.0791666666667,0.0,0.05125,0.0,0.0,0.0,49.93194444444445,4.31412
2024-12-04 00:00:00+00:00,157.0,0.0,1.815277777777777,0.0,2.1486111111111112,0.0,97.83194444444445,0.0,0.0208333333333333,0.0,2.095833333333333,0.0,2.4791666666666665,0.0,98.27916666666664,0.0,0.02625,0.0,1.4750000000000003,0.0,1.7708333333333333,0.0,97.29166666666669,0.0,0.0158333333333333,0.0,0.0,0.0,50.49027777777778,4.36236
2024-12-05 00:00:00+00:00,158.0,0.0,-2.2777777777777777,0.0,-2.0569444444444445,0.0,98.5166666666667,0.0,0.0131944444444444,0.0,-1.6375,0.0,-1.375,0.0,99.30416666666667,0.0,0.0191666666666666,0.0,-2.9875000000000003,0.0,-2.829166666666667,0.0,97.75833333333333,0.0,0.0070833333333333,0.0,0.0,0.0,184.8708333333333,15.972839999999998
2024-12-06 00:00:00+00:00,159.0,0.0,-1.8263888888888888,0.0,1.7083333333333337,0.0,81.29722222222222,0.0,0.1865277777777777,0.0,-1.4541666666666666,0.0,2.466666666666667,0.0,84.2625,0.0,0.225,0.0,-2.2416666666666667,0.0,0.9708333333333335,0.0,78.11666666666666,0.0,0.1516666666666666,0.0,0.0,0.0,187.39305555555555,16.19076
2024-12-07 00:00:00+00:00,160.0,0.0,-1.7805555555555557,0.0,0.0999999999999999,0.0,88.02569444444445,0.0,0.0877083333333333,0.0,-1.4750000000000003,0.0,0.6708333333333334,0.0,90.0791666666667,0.0,0.1058333333333333,0.0,-2.066666666666667,0.0,-0.3916666666666666,0.0,85.72083333333335,0.0,0.0716666666666666,0.0,0.0,0.0,53.80972222222223,4.64916
2024-12-08 00:00:00+00:00,161.0,0.0,0.6208333333333333,0.0,0.6208333333333333,0.0,100.0,0.0,0.0,0.0,0.6958333333333333,0.0,0.6958333333333333,0.0,100.0,0.0,0.0,0.0,0.5291666666666667,0.0,0.5291666666666667,0.0,100.0,0.0,0.0,0.0,0.0,0.0,15.197222222222225,1.31304
2024-12-09 00:00:00+00:00,162.0,0.0,1.5104166666666667,0.0,1.5104166666666667,0.0,100.0,0.0,0.0,0.0,1.745833333333333,0.0,1.745833333333333,0.0,100.0,0.0,0.0,0.0,1.2708333333333333,0.0,1.2708333333333333,0.0,100.0,0.0,0.0,0.0,0.0,0.0,60.35694444444445,5.21484
2024-12-10 00:00:00+00:00,163.0,0.0,1.905555555555556,0.0,1.905555555555556,0.0,100.0,0.0,0.0,0.0,2.154166666666667,0.0,2.154166666666667,0.0,100.0,0.0,0.0,0.0,1.675,0.0,1.675,0.0,100.0,0.0,0.0,0.0,0.0,0.0,45.85138888888889,3.96156
2024-12-11 00:00:00+00:00,164.0,0.0,-0.7625000000000001,0.0,-0.6430555555555556,0.0,99.21944444444443,0.0,0.0084722222222222,0.0,-0.0041666666666666,0.0,0.1833333333333332,0.0,99.52500000000002,0.0,0.01375,0.0,-1.3916666666666666,0.0,-1.3041666666666667,0.0,98.77083333333331,0.0,0.005,0.0,0.0,0.0,177.9152777777778,15.371880000000004
2024-12-12 00:00:00+00:00,165.0,0.0,-3.5375,0.0,-3.426388888888889,0.0,99.25,0.0,0.0072222222222222,0.0,-2.7000000000000006,0.0,-2.5333333333333337,0.0,99.53333333333336,0.0,0.0108333333333333,0.0,-4.3125,0.0,-4.2375,0.0,98.87916666666666,0.0,0.0041666666666666,0.0,0.0,0.0,191.5111111111111,16.54656
2024-12-13 00:00:00+00:00,166.0,0.0,-2.8597222222222225,0.0,-2.744444444444445,0.0,99.23888888888888,0.0,0.0070833333333333,0.0,-2.2666666666666666,0.0,-2.1166666666666667,0.0,99.5,0.0,0.0095833333333333,0.0,-3.458333333333333,0.0,-3.3833333333333333,0.0,98.97499999999998,0.0,0.0045833333333333,0.0,0.0,0.0,189.66666666666663,16.3872
2024-12-14 00:00:00+00:00,167.0,0.0,0.6027777777777777,0.0,0.6027777777777777,0.0,100.0,0.0,0.0,0.0,0.8916666666666667,0.0,0.8916666666666667,0.0,100.0,0.0,0.0,0.0,0.3208333333333333,0.0,0.3208333333333333,0.0,100.0,0.0,0.0,0.0,0.0,0.0,66.40277777777779,5.7372
2024-12-15 00:00:00+00:00,168.0,0.0,-0.1472222222222222,0.0,-0.061111111111111,0.0,99.44444444444444,0.0,0.0059722222222222,0.0,0.6125000000000002,0.0,0.7416666666666667,0.0,99.68333333333334,0.0,0.0091666666666666,0.0,-0.9250000000000002,0.0,-0.8666666666666667,0.0,99.16249999999998,0.0,0.0033333333333333,0.0,0.0,0.0,185.2805555555556,16.00824
2024-12-16 00:00:00+00:00,169.0,0.0,0.8902777777777778,0.0,2.526388888888889,0.0,90.63333333333333,0.0,0.1056944444444443,0.0,1.2833333333333334,0.0,3.158333333333333,0.0,92.15833333333336,0.0,0.12625,0.0,0.4791666666666667,0.0,1.8375,0.0,89.22916666666667,0.0,0.0829166666666666,0.0,0.0,0.0,167.02222222222224,14.430720000000004
2024-12-17 00:00:00+00:00,170.0,0.0,-0.0458333333333333,0.0,0.4861111111111111,0.0,96.84583333333336,0.0,0.0372222222222222,0.0,0.5083333333333333,0.0,1.1708333333333334,0.0,97.6708333333333,0.0,0.0491666666666666,0.0,-0.5125000000000001,0.0,-0.1291666666666667,0.0,96.00416666666666,0.0,0.0249999999999999,0.0,0.0,0.0,160.65277777777777,13.8804
2024-12-18 00:00:00+00:00,171.0,0.0,-0.4638888888888888,0.0,-0.148611111111111,0.0,98.0527777777778,0.0,0.0223611111111111,0.0,0.1916666666666665,0.0,0.6291666666666668,0.0,98.84583333333336,0.0,0.0329166666666666,0.0,-1.1083333333333332,0.0,-0.9166666666666666,0.0,97.34999999999998,0.0,0.0116666666666665,0.0,0.0,0.0,133.03333333333333,11.49408
2024-12-19 00:00:00+00:00,172.0,0.0,0.3291666666666666,0.0,0.3291666666666666,0.0,100.0,0.0,0.0,0.0,0.5666666666666667,0.0,0.5666666666666667,0.0,100.0,0.0,0.0,0.0,0.0999999999999999,0.0,0.0999999999999999,0.0,100.0,0.0,0.0,0.0,0.0,0.0,38.09444444444444,3.29136
2024-12-20 00:00:00+00:00,173.0,0.0,-1.7958333333333332,0.0,4.5875,0.0,67.35277777777777,0.0,0.3055555555555555,0.0,-1.2916666666666667,0.0,5.070833333333334,0.0,69.74166666666666,0.0,0.3408333333333333,0.0,-2.375,0.0,4.116666666666666,0.0,64.35833333333333,0.0,0.2766666666666666,0.0,0.0,0.0,115.52361111111112,9.98124
2024-12-21 00:00:00+00:00,174.0,0.0,-4.365277777777778,0.0,-1.7194444444444448,0.0,84.53854166666666,0.0,0.1171527777777777,0.0,-4.0125,0.0,-0.9541666666666668,0.0,87.47500000000001,0.0,0.14375,0.0,-4.691666666666666,0.0,-2.533333333333333,0.0,81.57916666666667,0.0,0.0891666666666666,0.0,0.0,0.0,184.7736111111111,15.96444
2024-12-22 00:00:00+00:00,175.0,0.0,-2.301388888888889,0.0,-1.6555555555555557,0.0,95.76527777777778,0.0,0.0277777777777776,0.0,-2.0875,0.0,-1.383333333333333,0.0,96.3916666666667,0.0,0.0325,0.0,-2.529166666666667,0.0,-1.9166666666666667,0.0,94.99166666666667,0.0,0.0237499999999999,0.0,0.0,0.0,35.65555555555556,3.08064
2024-12-23 00:00:00+00:00,176.0,0.0,-6.594444444444445,0.0,4.122222222222223,0.0,49.36041666666667,0.0,0.4629166666666666,0.0,-6.020833333333333,0.0,4.916666666666667,0.0,52.72916666666666,0.0,0.5191666666666667,0.0,-7.270833333333333,0.0,3.225,0.0,45.73333333333333,0.0,0.4070833333333333,0.0,0.0,0.0,193.84861111111107,16.748519999999996
2024-12-24 00:00:00+00:00,177.0,0.0,-6.483333333333333,0.0,5.672916666666667,0.0,42.59027777777778,0.0,0.5560416666666667,0.0,-6.158333333333334,0.0,6.4875,0.0,45.21666666666667,0.0,0.6075,0.0,-6.841666666666666,0.0,4.816666666666666,0.0,40.27916666666667,0.0,0.5025000000000001,0.0,0.0,0.0,195.95972222222224,16.93092
2024-12-25 00:00:00+00:00,178.0,0.0,-5.63611111111111,0.0,-2.575,0.0,82.87222222222222,0.0,0.14,0.0,-5.175,0.0,-1.5541666666666665,0.0,86.16250000000001,0.0,0.1766666666666666,0.0,-6.0625,0.0,-3.533333333333333,0.0,79.35000000000001,0.0,0.1070833333333333,0.0,0.0,0.0,198.6805555555556,17.166
2024-12-26 00:00:00+00:00,179.0,0.0,-6.202777777777778,0.0,-4.366666666666666,0.0,90.09305555555557,0.0,0.0898611111111111,0.0,-5.675,0.0,-3.5,0.0,92.32083333333333,0.0,0.12,0.0,-6.766666666666667,0.0,-5.283333333333333,0.0,88.08333333333333,0.0,0.0625,0.0,0.0,0.0,198.93472222222223,17.18796
2024-12-27 00:00:00+00:00,180.0,0.0,-5.231944444444445,0.0,-3.611111111111111,0.0,91.03749999999998,0.0,0.0855555555555555,0.0,-4.6000000000000005,0.0,-2.625,0.0,93.49166666666667,0.0,0.11,0.0,-5.837500000000001,0.0,-4.654166666666667,0.0,89.14583333333333,0.0,0.0579166666666665,0.0,0.0,0.0,199.07222222222225,17.19984
2024-12-28 00:00:00+00:00,181.0,0.0,-2.9736111111111114,0.0,-1.4972222222222225,0.0,91.89861111111112,0.0,0.0927777777777777,0.0,-2.341666666666667,0.0,-0.5416666666666666,0.0,94.00833333333333,0.0,0.12,0.0,-3.595833333333333,0.0,-2.533333333333333,0.0,90.18333333333334,0.0,0.0620833333333333,0.0,0.0,0.0,201.5680555555556,17.41548
2024-12-29 00:00:00+00:00,182.0,0.0,-2.470833333333333,0.0,-1.5944444444444443,0.0,95.05,0.0,0.0602777777777777,0.0,-1.816666666666667,0.0,-0.625,0.0,96.50416666666666,0.0,0.0870833333333333,0.0,-3.15,0.0,-2.533333333333333,0.0,93.375,0.0,0.0395833333333333,0.0,0.0,0.0,200.56388888888887,17.32872
2024-12-30 00:00:00+00:00,183.0,0.0,-2.836805555555556,0.0,-2.063194444444445,0.0,95.53055555555557,0.0,0.0511111111111111,0.0,-2.2291666666666665,0.0,-1.1875,0.0,96.71666666666664,0.0,0.0729166666666666,0.0,-3.483333333333333,0.0,-2.9291666666666667,0.0,94.10416666666669,0.0,0.03375,0.0,0.0,0.0,200.1916666666667,17.29656
2024-12-31 00:00:00+00:00,184.0,0.0,-3.402777777777778,0.0,-2.8083333333333336,0.0,96.47499999999998,0.0,0.0388888888888888,0.0,-2.7541666666666664,0.0,-2.025,0.0,97.4541666666667,0.0,0.05375,0.0,-4.075,0.0,-3.579166666666667,0.0,95.34999999999998,0.0,0.0275,0.0,0.0,0.0,198.50416666666663,17.150759999999995
2025-01-01 00:00:00+00:00,185.0,0.0,-4.165277777777778,0.0,-3.7083333333333335,0.0,97.11805555555556,0.0,0.0261111111111111,0.0,-3.520833333333333,0.0,-2.9250000000000003,0.0,97.71666666666664,0.0,0.0354166666666666,0.0,-4.845833333333333,0.0,-4.483333333333333,0.0,96.3,0.0,0.0195833333333333,0.0,0.0,0.0,191.55833333333337,16.55064
2025-01-02 00:00:00+00:00,186.0,0.0,-2.670833333333334,0.0,-2.373611111111112,0.0,97.9902777777778,0.0,0.0143055555555555,0.0,-2.3458333333333337,0.0,-1.991666666666667,0.0,98.40833333333336,0.0,0.0179166666666666,0.0,-3.016666666666667,0.0,-2.770833333333333,0.0,97.55,0.0,0.0108333333333333,0.0,0.0,0.0,57.31111111111111,4.95168
2025-01-03 00:00:00+00:00,187.0,0.0,-2.6944444444444446,0.0,-0.1208333333333333,0.0,87.03333333333335,0.0,0.1441666666666666,0.0,-2.066666666666667,0.0,0.7708333333333334,0.0,88.70833333333333,0.0,0.18,0.0,-3.283333333333333,0.0,-0.9416666666666668,0.0,84.83333333333333,0.0,0.11625,0.0,0.0,0.0,200.9875,17.36532
2025-01-04 00:00:00+00:00,188.0,0.0,-6.072222222222223,0.0,-5.190277777777777,0.0,94.6388888888889,0.0,0.0398611111111111,0.0,-5.420833333333333,0.0,-4.395833333333333,0.0,95.7375,0.0,0.0495833333333332,0.0,-6.716666666666666,0.0,-5.962500000000001,0.0,93.4541666666667,0.0,0.0304166666666666,0.0,0.0,0.0,165.92777777777778,14.33616
2025-01-05 00:00:00+00:00,189.0,0.0,-1.8958333333333333,0.0,-0.8472222222222222,0.0,93.0458333333333,0.0,0.0459722222222222,0.0,-1.7041666666666666,0.0,-0.6124999999999999,0.0,94.0791666666667,0.0,0.05375,0.0,-2.1041666666666665,0.0,-1.0833333333333333,0.0,91.8916666666667,0.0,0.0383333333333333,0.0,0.0,0.0,26.43472222222222,2.28396
2025-01-06 00:00:00+00:00,190.0,0.0,0.5861111111111111,0.0,1.2472222222222222,0.0,95.46666666666664,0.0,0.0313888888888888,0.0,0.7875,0.0,1.5125,0.0,96.52083333333331,0.0,0.0383333333333333,0.0,0.3999999999999999,0.0,0.9875000000000002,0.0,94.47916666666669,0.0,0.0241666666666666,0.0,0.0,0.0,20.42222222222222,1.76448
2025-01-07 00:00:00+00:00,191.0,0.0,3.6833333333333336,0.0,3.6833333333333336,0.0,100.0,0.0,0.0,0.0,3.9500000000000006,0.0,3.9500000000000006,0.0,100.0,0.0,0.0,0.0,3.4416666666666664,0.0,3.4416666666666664,0.0,100.0,0.0,0.0,0.0,0.0,0.0,37.79027777777778,3.26508
2025-01-08 00:00:00+00:00,192.0,0.0,3.730555555555556,0.0,3.801388888888889,0.0,99.52361111111112,0.0,0.0044444444444444,0.0,4.1375,0.0,4.204166666666667,0.0,99.79166666666669,0.0,0.0066666666666666,0.0,3.3541666666666665,0.0,3.4125,0.0,99.27500000000002,0.0,0.0016666666666666,0.0,0.0,0.0,92.4652777777778,7.989000000000001
2025-01-09 00:00:00+00:00,193.0,0.0,4.3375,0.0,4.3375,0.0,100.0,0.0,0.0,0.0,4.5125,0.0,4.5125,0.0,100.0,0.0,0.0,0.0,4.170833333333333,0.0,4.170833333333333,0.0,100.0,0.0,0.0,0.0,0.0,0.0,28.329166666666666,2.44764
2025-01-10 00:00:00+00:00,194.0,0.0,-0.1298611111111111,0.0,2.736111111111111,0.0,84.66944444444444,0.0,0.1377083333333333,0.0,0.5041666666666668,0.0,3.279166666666667,0.0,87.0125,0.0,0.165,0.0,-0.7708333333333334,0.0,2.208333333333333,0.0,82.2625,0.0,0.1120833333333333,0.0,0.0,0.0,79.65277777777779,6.882
2025-01-11 00:00:00+00:00,195.0,0.0,-3.4055555555555554,0.0,-1.5722222222222222,0.0,89.18055555555556,0.0,0.0893055555555554,0.0,-3.0666666666666664,0.0,-0.9875000000000002,0.0,91.1125,0.0,0.1116666666666666,0.0,-3.766666666666667,0.0,-2.15,0.0,86.67916666666667,0.0,0.0708333333333333,0.0,0.0,0.0,141.74027777777778,12.24636
2025-01-12 00:00:00+00:00,196.0,0.0,-5.220833333333333,0.0,-2.293055555555556,0.0,83.36944444444445,0.0,0.1322222222222222,0.0,-4.866666666666666,0.0,-1.4500000000000002,0.0,86.56666666666666,0.0,0.1704166666666665,0.0,-5.6000000000000005,0.0,-3.1125000000000003,0.0,79.99166666666666,0.0,0.0983333333333333,0.0,0.0,0.0,183.9652777777778,15.894600000000002
2025-01-13 00:00:00+00:00,197.0,0.0,-6.155555555555555,0.0,-3.1263888888888887,0.0,83.18611111111112,0.0,0.1320833333333333,0.0,-5.8,0.0,-2.3916666666666666,0.0,86.25416666666666,0.0,0.1608333333333333,0.0,-6.545833333333333,0.0,-3.841666666666667,0.0,79.83749999999999,0.0,0.1075,0.0,0.0,0.0,189.83055555555552,16.401359999999997
2025-01-14 00:00:00+00:00,198.0,0.0,-5.703472222222222,0.0,-3.824305555555556,0.0,89.68263888888889,0.0,0.0928472222222222,0.0,-5.3,0.0,-3.15,0.0,91.25,0.0,0.11375,0.0,-6.125,0.0,-4.466666666666667,0.0,87.84166666666665,0.0,0.07625,0.0,0.0,0.0,194.71875,16.8237
2025-01-15 00:00:00+00:00,199.0,0.0,-4.576388888888888,0.0,-2.022222222222222,0.0,85.86805555555556,0.0,0.1219444444444444,0.0,-4.245833333333334,0.0,-1.4291666666666665,0.0,88.00416666666666,0.0,0.14125,0.0,-4.9125000000000005,0.0,-2.720833333333333,0.0,84.08333333333333,0.0,0.0979166666666666,0.0,0.0,0.0,214.0555555555556,18.4944
2025-01-16 00:00:00+00:00,200.0,0.0,-2.966666666666667,0.0,-0.4312499999999999,0.0,85.51319444444444,0.0,0.1315972222222222,0.0,-2.6666666666666665,0.0,0.1791666666666666,0.0,87.83333333333333,0.0,0.1520833333333333,0.0,-3.279166666666667,0.0,-1.1041666666666667,0.0,83.35416666666667,0.0,0.1108333333333333,0.0,0.0,0.0,196.31944444444449,16.962
2025-01-17 00:00:00+00:00,201.0,0.0,-3.6458333333333335,0.0,-2.477777777777778,0.0,93.38472222222224,0.0,0.0718055555555555,0.0,-3.141666666666667,0.0,-1.7250000000000003,0.0,94.9375,0.0,0.0924999999999999,0.0,-4.1125,0.0,-3.216666666666667,0.0,91.77916666666664,0.0,0.0520833333333332,0.0,0.0,0.0,227.65833333333333,19.66968
2025-01-18 00:00:00+00:00,202.0,0.0,-3.858333333333334,0.0,-1.9847222222222225,0.0,89.74305555555556,0.0,0.1080555555555555,0.0,-3.379166666666667,0.0,-1.1000000000000003,0.0,92.1083333333333,0.0,0.1391666666666666,0.0,-4.3375,0.0,-2.8250000000000006,0.0,87.17916666666667,0.0,0.08125,0.0,0.0,0.0,240.225,20.75544
2025-01-19 00:00:00+00:00,203.0,0.0,0.4888888888888889,0.0,1.5069444444444444,0.0,93.375,0.0,0.0486111111111111,0.0,0.7416666666666667,0.0,1.7916666666666667,0.0,94.50416666666666,0.0,0.0570833333333333,0.0,0.2374999999999999,0.0,1.225,0.0,92.2375,0.0,0.0395833333333333,0.0,0.0,0.0,24.325,2.10168
2025-01-20 00:00:00+00:00,204.0,0.0,1.9895833333333333,0.0,1.9895833333333333,0.0,100.0,0.0,0.0,0.0,2.2,0.0,2.2,0.0,100.0,0.0,0.0,0.0,1.7875000000000003,0.0,1.7875000000000003,0.0,100.0,0.0,0.0,0.0,0.0,0.0,43.55,3.76272
2025-01-21 00:00:00+00:00,205.0,0.0,2.458333333333333,0.0,2.538888888888889,0.0,99.49722222222222,0.0,0.0075,0.0,3.029166666666667,0.0,3.1291666666666664,0.0,99.72083333333336,0.0,0.0104166666666666,0.0,1.8833333333333333,0.0,1.933333333333333,0.0,99.29166666666669,0.0,0.0041666666666666,0.0,0.0,0.0,166.1013888888889,14.35116
2025-01-22 00:00:00+00:00,206.0,0.0,1.4361111111111111,0.0,1.4361111111111111,0.0,100.0,0.0,0.0,0.0,1.8333333333333333,0.0,1.8333333333333333,0.0,100.0,0.0,0.0,0.0,1.0458333333333334,0.0,1.0458333333333334,0.0,100.0,0.0,0.0,0.0,0.0,0.0,57.5,4.968
2025-01-23 00:00:00+00:00,207.0,0.0,2.8125,0.0,2.8125,0.0,100.0,0.0,0.0,0.0,3.108333333333333,0.0,3.108333333333333,0.0,100.0,0.0,0.0,0.0,2.5458333333333334,0.0,2.5458333333333334,0.0,100.0,0.0,0.0,0.0,0.0,0.0,37.43819444444444,3.23466
2025-01-24 00:00:00+00:00,208.0,0.0,1.893055555555556,0.0,1.9583333333333333,0.0,99.58194444444445,0.0,0.0052777777777777,0.0,2.495833333333333,0.0,2.6125000000000003,0.0,99.99583333333334,0.0,0.0095833333333333,0.0,1.2208333333333334,0.0,1.2291666666666667,0.0,99.24166666666667,0.0,0.0,0.0,0.0,0.0,236.9208333333333,20.46996
2025-01-25 00:00:00+00:00,209.0,0.0,4.147222222222222,0.0,4.9,0.0,95.5625,0.0,0.0584722222222222,0.0,4.4875,0.0,5.345833333333334,0.0,96.30416666666667,0.0,0.0716666666666666,0.0,3.829166666666667,0.0,4.470833333333333,0.0,94.6375,0.0,0.0475,0.0,0.0,0.0,135.5736111111111,11.71356
2025-01-26 00:00:00+00:00,210.0,0.0,5.679166666666667,0.0,5.680555555555556,0.0,99.99166666666667,0.0,0.0001388888888888,0.0,5.941666666666666,0.0,5.945833333333333,0.0,100.0,0.0,0.0004166666666666,0.0,5.408333333333334,0.0,5.408333333333334,0.0,99.97499999999998,0.0,0.0,0.0,0.0,0.0,58.083333333333336,5.0184
2025-01-27 00:00:00+00:00,211.0,0.0,5.481944444444444,0.0,5.481944444444444,0.0,100.0,0.0,0.0,0.0,5.604166666666667,0.0,5.604166666666667,0.0,100.0,0.0,0.0,0.0,5.366666666666667,0.0,5.366666666666667,0.0,100.0,0.0,0.0,0.0,0.0,0.0,30.61805555555556,2.6454
2025-01-28 00:00:00+00:00,212.0,0.0,7.105555555555555,0.0,7.105555555555555,0.0,100.0,0.0,0.0,0.0,7.504166666666666,0.0,7.504166666666666,0.0,100.0,0.0,0.0,0.0,6.770833333333333,0.0,6.770833333333333,0.0,100.0,0.0,0.0,0.0,0.0,0.0,44.10833333333334,3.810960000000001
2025-01-29 00:00:00+00:00,213.0,0.0,2.3569444444444443,0.0,3.094444444444445,0.0,95.80972222222222,0.0,0.0593055555555555,0.0,2.9125,0.0,3.783333333333333,0.0,96.925,0.0,0.0766666666666666,0.0,1.8541666666666667,0.0,2.4458333333333333,0.0,94.69166666666666,0.0,0.0416666666666666,0.0,0.0,0.0,247.5194444444444,21.38568
2025-01-30 00:00:00+00:00,214.0,0.0,1.0305555555555557,0.0,1.5625,0.0,96.69097222222224,0.0,0.0378472222222222,0.0,1.6499999999999997,0.0,2.3125,0.0,97.44583333333333,0.0,0.0495833333333332,0.0,0.5041666666666667,0.0,0.9125,0.0,95.93333333333334,0.0,0.0266666666666666,0.0,0.0,0.0,185.33055555555555,16.01256
2025-01-31 00:00:00+00:00,215.0,0.0,1.5375000000000003,0.0,1.6708333333333334,0.0,99.12361111111112,0.0,0.0090277777777777,0.0,1.8916666666666664,0.0,2.0791666666666666,0.0,99.375,0.0,0.0133333333333333,0.0,1.1666666666666667,0.0,1.2583333333333333,0.0,98.7625,0.0,0.0058333333333332,0.0,0.0,0.0,77.1736111111111,6.667799999999999
2025-02-01 00:00:00+00:00,216.0,0.0,3.818055555555556,0.0,3.818055555555556,0.0,100.0,0.0,0.0,0.0,4.016666666666667,0.0,4.016666666666667,0.0,100.0,0.0,0.0,0.0,3.616666666666666,0.0,3.616666666666666,0.0,100.0,0.0,0.0,0.0,0.0,0.0,30.134722222222223,2.60364
2025-02-02 00:00:00+00:00,217.0,0.0,2.5965277777777778,0.0,2.8520833333333333,0.0,98.41527777777776,0.0,0.0209722222222222,0.0,3.1666666666666665,0.0,3.4791666666666665,0.0,98.9875,0.0,0.0283333333333333,0.0,2.066666666666667,0.0,2.2416666666666667,0.0,97.8625,0.0,0.0120833333333333,0.0,0.0,0.0,220.34583333333333,19.03788
2025-02-03 00:00:00+00:00,218.0,0.0,1.0270833333333331,0.0,2.259027777777778,0.0,93.38611111111112,0.0,0.0995833333333333,0.0,1.629166666666667,0.0,2.9291666666666667,0.0,94.80833333333334,0.0,0.1216666666666666,0.0,0.4416666666666666,0.0,1.5708333333333335,0.0,92.1083333333333,0.0,0.0770833333333333,0.0,0.0,0.0,310.9736111111111,26.86812
2025-02-04 00:00:00+00:00,219.0,0.0,0.6652777777777777,0.0,2.2125,0.0,91.77222222222224,0.0,0.1183333333333333,0.0,1.2,0.0,2.908333333333333,0.0,92.9833333333333,0.0,0.1425,0.0,0.1583333333333333,0.0,1.495833333333333,0.0,90.52083333333331,0.0,0.0941666666666666,0.0,0.0,0.0,310.8597222222222,26.85828
2025-02-05 00:00:00+00:00,220.0,0.0,-0.8208333333333333,0.0,1.8833333333333333,0.0,86.44722222222221,0.0,0.1968055555555555,0.0,-0.325,0.0,2.520833333333333,0.0,87.82083333333333,0.0,0.225,0.0,-1.2916666666666667,0.0,1.2291666666666663,0.0,84.825,0.0,0.17,0.0,0.0,0.0,333.7472222222222,28.83576
2025-02-06 00:00:00+00:00,221.0,0.0,-1.2680555555555555,0.0,1.4041666666666668,0.0,86.0486111111111,0.0,0.1829166666666666,0.0,-0.9041666666666668,0.0,1.9125000000000003,0.0,87.48333333333333,0.0,0.2045833333333333,0.0,-1.6333333333333335,0.0,0.8375,0.0,84.66666666666667,0.0,0.1608333333333333,0.0,0.0,0.0,335.8875,29.02068
2025-02-07 00:00:00+00:00,222.0,0.0,-1.4166666666666667,0.0,0.0930555555555556,0.0,91.0763888888889,0.0,0.0874999999999999,0.0,-1.075,0.0,0.6541666666666667,0.0,92.5458333333333,0.0,0.1066666666666666,0.0,-1.7166666666666666,0.0,-0.4124999999999999,0.0,89.53333333333335,0.0,0.0695833333333333,0.0,0.0,0.0,159.975,13.82184
2025-02-08 00:00:00+00:00,223.0,0.0,0.9041666666666668,0.0,2.091666666666667,0.0,92.3847222222222,0.0,0.0626388888888889,0.0,1.0541666666666667,0.0,2.3041666666666667,0.0,93.35416666666669,0.0,0.0704166666666666,0.0,0.7583333333333333,0.0,1.8458333333333323,0.0,91.5,0.0,0.0545833333333332,0.0,0.0,0.0,44.15694444444444,3.81516
2025-02-09 00:00:00+00:00,224.0,0.0,2.9958333333333336,0.0,2.9958333333333336,0.0,100.0,0.0,0.0,0.0,3.1375000000000006,0.0,3.1375000000000006,0.0,100.0,0.0,0.0,0.0,2.8666666666666667,0.0,2.8666666666666667,0.0,100.0,0.0,0.0,0.0,0.0,0.0,50.48194444444445,4.36164
2025-02-10 00:00:00+00:00,225.0,0.0,6.140277777777778,0.0,6.172222222222222,0.0,99.78333333333336,0.0,0.0025,0.0,6.495833333333334,0.0,6.554166666666667,0.0,99.92916666666667,0.0,0.005,0.0,5.858333333333333,0.0,5.870833333333334,0.0,99.59166666666664,0.0,0.0008333333333333,0.0,0.0,0.0,128.18055555555554,11.074799999999998
2025-02-11 00:00:00+00:00,226.0,0.0,6.636111111111112,0.0,7.001388888888889,0.0,97.68194444444444,0.0,0.0288888888888888,0.0,6.795833333333333,0.0,7.179166666666667,0.0,98.07083333333333,0.0,0.0329166666666666,0.0,6.495833333333334,0.0,6.841666666666666,0.0,97.3583333333333,0.0,0.0241666666666666,0.0,0.0,0.0,72.55694444444445,6.26892
2025-02-12 00:00:00+00:00,227.0,0.0,6.875,0.0,6.954166666666667,0.0,99.47152777777778,0.0,0.0064583333333332,0.0,7.179166666666667,0.0,7.300000000000001,0.0,99.7041666666667,0.0,0.0104166666666666,0.0,6.591666666666666,0.0,6.641666666666667,0.0,99.16249999999998,0.0,0.0033333333333333,0.0,0.0,0.0,85.94722222222224,7.425840000000001
2025-02-13 00:00:00+00:00,228.0,0.0,6.446527777777778,0.0,6.71875,0.0,98.27708333333334,0.0,0.0194444444444444,0.0,6.579166666666667,0.0,6.866666666666667,0.0,98.50416666666666,0.0,0.0225,0.0,6.320833333333333,0.0,6.570833333333333,0.0,98.02500000000002,0.0,0.0166666666666666,0.0,0.0,0.0,46.161111111111104,3.98832
2025-02-14 00:00:00+00:00,229.0,0.0,3.101388888888889,0.0,3.5194444444444444,0.0,97.44166666666666,0.0,0.0249999999999999,0.0,3.420833333333333,0.0,3.9125,0.0,98.1083333333333,0.0,0.0366666666666666,0.0,2.766666666666667,0.0,3.170833333333333,0.0,96.28749999999998,0.0,0.0183333333333333,0.0,0.0,0.0,57.144444444444446,4.93728
2025-02-15 00:00:00+00:00,230.0,0.0,-1.8486111111111112,0.0,1.6097222222222225,0.0,83.15555555555555,0.0,0.22125,0.0,-1.3166666666666669,0.0,2.279166666666667,0.0,84.89583333333333,0.0,0.2575,0.0,-2.3375,0.0,1.0333333333333332,0.0,80.80833333333334,0.0,0.19375,0.0,0.0,0.0,402.7166666666667,34.79472
2025-02-16 00:00:00+00:00,231.0,0.0,-0.2916666666666667,0.0,1.923611111111111,0.0,87.74444444444445,0.0,0.1440277777777777,0.0,0.0874999999999999,0.0,2.566666666666667,0.0,89.32083333333333,0.0,0.1675,0.0,-0.6583333333333333,0.0,1.3166666666666669,0.0,86.03333333333335,0.0,0.1225,0.0,0.0,0.0,340.90972222222223,29.4546
2025-02-17 00:00:00+00:00,232.0,0.0,0.2708333333333333,0.0,2.238888888888889,0.0,88.10833333333333,0.0,0.1109722222222222,0.0,0.4749999999999999,0.0,2.6125000000000003,0.0,89.22500000000001,0.0,0.1270833333333333,0.0,0.0708333333333333,0.0,1.8875,0.0,86.925,0.0,0.0954166666666666,0.0,0.0,0.0,144.5847222222222,12.49212
2025-02-18 00:00:00+00:00,233.0,0.0,-0.5430555555555555,0.0,2.511805555555556,0.0,81.99861111111112,0.0,0.1677777777777777,0.0,-0.3499999999999999,0.0,2.9875000000000003,0.0,83.66666666666667,0.0,0.1899999999999998,0.0,-0.7333333333333334,0.0,2.0500000000000003,0.0,80.16250000000001,0.0,0.14625,0.0,0.0,0.0,248.09444444444443,21.43536
2025-02-19 00:00:00+00:00,234.0,0.0,-1.982638888888889,0.0,-0.2868055555555556,0.0,89.57569444444444,0.0,0.0827777777777777,0.0,-1.7250000000000003,0.0,0.0583333333333333,0.0,90.7625,0.0,0.09,0.0,-2.2416666666666667,0.0,-0.6875,0.0,88.65833333333335,0.0,0.0733333333333333,0.0,0.0,0.0,86.87361111111112,7.50588
2025-02-20 00:00:00+00:00,235.0,0.0,-0.8371527777777779,0.0,1.9788194444444445,0.0,85.32743055555555,0.0,0.1940972222222222,0.0,-0.3958333333333333,0.0,2.7916666666666665,0.0,87.2375,0.0,0.2258333333333333,0.0,-1.2583333333333333,0.0,1.1708333333333334,0.0,83.44166666666666,0.0,0.1608333333333333,0.0,0.0,0.0,363.7708333333333,31.4298
2025-02-21 00:00:00+00:00,236.0,0.0,0.236111111111111,0.0,3.2006944444444443,0.0,84.64444444444445,0.0,0.2263888888888889,0.0,0.6083333333333333,0.0,3.883333333333333,0.0,86.62916666666666,0.0,0.2595833333333333,0.0,-0.1374999999999999,0.0,2.495833333333333,0.0,83.05416666666666,0.0,0.1891666666666666,0.0,0.0,0.0,376.2083333333333,32.5044
2025-02-22 00:00:00+00:00,237.0,0.0,1.3722222222222225,0.0,3.095833333333333,0.0,90.19444444444444,0.0,0.1266666666666666,0.0,1.7666666666666666,0.0,3.6833333333333336,0.0,91.3583333333333,0.0,0.1504166666666666,0.0,1.0166666666666668,0.0,2.5458333333333334,0.0,88.86666666666667,0.0,0.1075,0.0,0.0,0.0,206.2097222222222,17.81652
2025-02-23 00:00:00+00:00,238.0,0.0,3.459722222222222,0.0,5.465277777777779,0.0,88.95555555555556,0.0,0.1666666666666666,0.0,3.8,0.0,5.991666666666667,0.0,90.09166666666664,0.0,0.1870833333333333,0.0,3.1,0.0,4.904166666666667,0.0,87.8125,0.0,0.145,0.0,0.0,0.0,268.3652777777777,23.18676
2025-02-24 00:00:00+00:00,239.0,0.0,4.4013888888888895,0.0,6.205555555555556,0.0,89.97222222222223,0.0,0.1573611111111111,0.0,4.791666666666667,0.0,6.95,0.0,91.5625,0.0,0.1966666666666666,0.0,4.033333333333333,0.0,5.558333333333334,0.0,88.09583333333335,0.0,0.1258333333333333,0.0,0.0,0.0,207.8,17.95392
2025-02-25 00:00:00+00:00,240.0,0.0,6.711111111111111,0.0,7.429166666666667,0.0,95.78263888888888,0.0,0.0602777777777777,0.0,6.983333333333333,0.0,7.816666666666666,0.0,96.69166666666666,0.0,0.0754166666666666,0.0,6.429166666666667,0.0,7.020833333333333,0.0,94.89583333333331,0.0,0.0449999999999999,0.0,0.0,0.0,111.4875,9.63252
2025-02-26 00:00:00+00:00,241.0,0.0,6.540277777777778,0.0,6.540277777777778,0.0,100.0,0.0,0.0,0.0,6.645833333333333,0.0,6.645833333333333,0.0,100.0,0.0,0.0,0.0,6.425,0.0,6.425,0.0,100.0,0.0,0.0,0.0,0.0,0.0,50.97361111111112,4.40412
2025-02-27 00:00:00+00:00,242.0,0.0,5.458333333333333,0.0,8.645833333333334,0.0,84.51041666666667,0.0,0.2827777777777778,0.0,5.879166666666666,0.0,9.254166666666666,0.0,86.3125,0.0,0.3291666666666666,0.0,4.945833333333334,0.0,7.995833333333334,0.0,82.44166666666666,0.0,0.2404166666666666,0.0,0.0,0.0,447.5375,38.66724
2025-02-28 00:00:00+00:00,243.0,0.0,4.25,0.0,7.6930555555555555,0.0,81.20277777777777,0.0,0.2593055555555555,0.0,4.533333333333333,0.0,8.2875,0.0,82.96249999999999,0.0,0.2991666666666666,0.0,3.941666666666665,0.0,7.083333333333333,0.0,79.53333333333333,0.0,0.2179166666666666,0.0,0.0,0.0,218.65694444444443,18.89196
2025-03-01 00:00:00+00:00,244.0,0.0,3.0583333333333336,0.0,6.201388888888888,0.0,82.40555555555555,0.0,0.2227777777777777,0.0,3.3625000000000003,0.0,6.854166666666667,0.0,84.18333333333334,0.0,0.2616666666666666,0.0,2.7583333333333333,0.0,5.633333333333333,0.0,80.36666666666666,0.0,0.19125,0.0,0.0,0.0,181.5513888888889,15.68604
2025-03-02 00:00:00+00:00,245.0,0.0,0.0201388888888888,0.0,4.876388888888889,0.0,77.47500000000001,0.0,0.3696527777777778,0.0,0.4541666666666666,0.0,5.675000000000001,0.0,79.79166666666667,0.0,0.4254166666666666,0.0,-0.375,0.0,4.116666666666666,0.0,74.96666666666667,0.0,0.32,0.0,0.0,0.0,457.5333333333333,39.53088
2025-03-03 00:00:00+00:00,246.0,0.0,0.1888888888888888,0.0,5.279166666666667,0.0,76.98194444444444,0.0,0.4130555555555555,0.0,0.6875,0.0,6.079166666666667,0.0,79.37083333333334,0.0,0.4708333333333332,0.0,-0.2624999999999999,0.0,4.495833333333333,0.0,75.01666666666667,0.0,0.3525,0.0,0.0,0.0,455.76388888888886,39.37799999999999
2025-03-04 00:00:00+00:00,247.0,0.0,0.6722222222222222,0.0,5.998611111111111,0.0,75.97777777777777,0.0,0.4569444444444444,0.0,1.0958333333333334,0.0,6.879166666666666,0.0,78.3625,0.0,0.52375,0.0,0.2333333333333333,0.0,5.0875,0.0,73.52499999999999,0.0,0.3908333333333333,0.0,0.0,0.0,451.8986111111112,39.04404
2025-03-05 00:00:00+00:00,248.0,0.0,1.167361111111111,0.0,6.979166666666667,0.0,74.09027777777779,0.0,0.5189583333333333,0.0,1.7291666666666667,0.0,7.866666666666667,0.0,75.98333333333333,0.0,0.5854166666666667,0.0,0.6166666666666667,0.0,6.033333333333334,0.0,72.26666666666667,0.0,0.4470833333333333,0.0,0.0,0.0,458.8986111111111,39.64884
2025-03-06 00:00:00+00:00,249.0,0.0,1.1847222222222222,0.0,7.055555555555556,0.0,73.95625,0.0,0.5213888888888889,0.0,1.7250000000000003,0.0,7.995833333333334,0.0,76.08749999999999,0.0,0.5875,0.0,0.7124999999999999,0.0,6.083333333333333,0.0,72.09583333333333,0.0,0.44875,0.0,0.0,0.0,464.5291666666666,40.13531999999999
2025-03-07 00:00:00+00:00,250.0,0.0,1.0235294117647058,0.0,8.531372549019608,0.0,68.60000000000001,0.0,0.6684313725490196,0.0,1.905882352941176,0.0,9.547058823529412,0.0,70.05882352941177,0.0,0.731764705882353,0.0,0.3823529411764705,0.0,7.676470588235294,0.0,67.2,0.0,0.6041176470588235,0.0,0.0,0.0,635.8274509803922,38.91264
