receivedAt,Unnamed: 0_mean,Unnamed: 0_std,dewpoint_mean_mean,dewpoint_mean_std,temperature_mean_mean,temperature_mean_std,humidity_mean_mean,humidity_mean_std,vaporPressureDeficit_mean_mean,vaporPressureDeficit_mean_std,dewpoint_max_mean,dewpoint_max_std,temperature_max_mean,temperature_max_std,humidity_max_mean,humidity_max_std,vaporPressureDeficit_max_mean,vaporPressureDeficit_max_std,dewpoint_min_mean,dewpoint_min_std,temperature_min_mean,temperature_min_std,humidity_min_mean,humidity_min_std,vaporPressureDeficit_min_mean,vaporPressureDeficit_min_std
2024-06-30 00:00:00+00:00,0.0,0.0,16.75,0.0,17.599999999999998,0.0,94.7333333333333,0.0,0.105,0.0,16.9,0.0,18.0,0.0,97.5,0.0,0.14,0.0,16.5,0.0,17.1,0.0,93.0,0.0,0.05000000000000001,0.0
2024-07-01 00:00:00+00:00,1.0,0.0,17.53636363636364,0.0,21.315151515151516,0.0,82.35000000000001,0.0,0.6995454545454546,0.0,21.399999999999995,0.0,35.9,0.0,100.0,0.0,3.44,0.0,14.699999999999998,0.0,14.699999999999998,0.0,41.8,0.0,0.0,0.0
2024-07-02 00:00:00+00:00,2.0,0.0,16.663888888888888,0.0,23.67361111111111,0.0,69.8736111111111,0.0,1.2681944444444444,0.0,21.3,0.0,36.9,0.0,100.0,0.0,3.84,0.0,13.699999999999998,0.0,13.699999999999998,0.0,32.1,0.0,0.0,0.0
2024-07-03 00:00:00+00:00,3.0,0.0,15.761111111111113,0.0,19.14583333333333,0.0,83.13888888888889,0.0,0.4951388888888888,0.0,17.9,0.0,29.5,0.0,100.0,0.0,2.08,0.0,14.4,0.0,14.4,0.0,49.6,0.0,0.0,0.0
2024-07-04 00:00:00+00:00,4.0,0.0,15.914084507042254,0.0,22.92535211267605,0.0,70.72676056338028,0.0,1.276619718309859,0.0,19.0,0.0,35.6,0.0,100.0,0.0,3.7900000000000005,0.0,14.0,0.0,14.0,0.0,33.1,0.0,0.0,0.0
2024-07-05 00:00:00+00:00,5.0,0.0,17.433333333333334,0.0,24.200000000000003,0.0,70.88611111111112,0.0,1.3373611111111112,0.0,22.8,0.0,37.4,0.0,100.0,0.0,4.03,0.0,12.5,0.0,12.5,0.0,36.8,0.0,0.0,0.0
2024-07-06 00:00:00+00:00,6.0,0.0,18.547222222222224,0.0,23.677777777777777,0.0,75.53194444444445,0.0,0.935,0.0,22.899999999999995,0.0,35.4,0.0,99.5,0.0,3.1199999999999997,0.0,15.6,0.0,15.9,0.0,44.79999999999999,0.0,0.01,0.0
2024-07-07 00:00:00+00:00,7.0,0.0,18.806944444444444,0.0,21.74722222222222,0.0,84.35555555555555,0.0,0.4811111111111111,0.0,23.600000000000005,0.0,32.4,0.0,97.8,0.0,1.95,0.0,16.4,0.0,17.1,0.0,59.79999999999999,0.0,0.05000000000000001,0.0
2024-07-08 00:00:00+00:00,8.0,0.0,19.53380281690141,0.0,24.922535211267604,0.0,76.45352112676056,0.0,1.1564788732394369,0.0,23.5,0.0,37.4,0.0,100.0,0.0,3.76,0.0,16.7,0.0,17.1,0.0,39.5,0.0,0.0,0.0
2024-07-09 00:00:00+00:00,9.0,0.0,19.876388888888886,0.0,25.427777777777777,0.0,75.22777777777777,0.0,1.1944444444444444,0.0,24.3,0.0,38.7,0.0,100.0,0.0,3.8699999999999997,0.0,15.800000000000002,0.0,15.800000000000002,0.0,42.6,0.0,0.0,0.0
2024-07-10 00:00:00+00:00,10.0,0.0,20.76944444444445,0.0,27.793055555555554,0.0,70.90138888888889,0.0,1.6755555555555557,0.0,26.5,0.0,40.1,0.0,100.0,0.0,4.56,0.0,17.0,0.0,17.0,0.0,37.8,0.0,0.0,0.0
2024-07-11 00:00:00+00:00,11.0,0.0,21.514084507042252,0.0,28.169014084507044,0.0,71.43661971830986,0.0,1.5987323943661973,0.0,26.8,0.0,40.3,0.0,100.0,0.0,4.35,0.0,17.5,0.0,17.5,0.0,41.4,0.0,0.0,0.0
2024-07-12 00:00:00+00:00,12.0,0.0,19.998611111111117,0.0,23.744444444444444,0.0,81.32499999999999,0.0,0.6895833333333333,0.0,23.399999999999995,0.0,33.9,0.0,99.8,0.0,2.68,0.0,17.6,0.0,18.9,0.0,48.5,0.0,0.0,0.0
2024-07-13 00:00:00+00:00,13.0,0.0,19.947222222222223,0.0,26.266666666666666,0.0,72.23888888888888,0.0,1.3688888888888888,0.0,24.7,0.0,39.6,0.0,100.0,0.0,4.14,0.0,16.0,0.0,17.7,0.0,39.2,0.0,0.0,0.0
2024-07-14 00:00:00+00:00,14.0,0.0,19.7375,0.0,26.17638888888889,0.0,72.44444444444444,0.0,1.4400000000000002,0.0,25.100000000000005,0.0,38.9,0.0,100.0,0.0,4.04,0.0,15.800000000000002,0.0,15.800000000000002,0.0,38.8,0.0,0.0,0.0
2024-07-15 00:00:00+00:00,15.0,0.0,19.791666666666668,0.0,26.79861111111111,0.0,70.85555555555555,0.0,1.5972222222222223,0.0,25.100000000000005,0.0,39.5,0.0,100.0,0.0,4.59,0.0,15.6,0.0,15.6,0.0,34.4,0.0,0.0,0.0
2024-07-16 00:00:00+00:00,16.0,0.0,20.825000000000003,0.0,27.45138888888889,0.0,71.65,0.0,1.5591666666666668,0.0,26.5,0.0,39.9,0.0,100.0,0.0,4.23,0.0,16.4,0.0,16.4,0.0,41.5,0.0,0.0,0.0
2024-07-17 00:00:00+00:00,17.0,0.0,20.959722222222226,0.0,25.95694444444445,0.0,76.81805555555555,0.0,1.0698611111111112,0.0,27.100000000000005,0.0,38.6,0.0,100.0,0.0,3.3800000000000003,0.0,17.0,0.0,17.0,0.0,48.20000000000001,0.0,0.0,0.0
2024-07-18 00:00:00+00:00,18.0,0.0,21.31549295774648,0.0,27.80140845070422,0.0,72.69577464788732,0.0,1.5833802816901408,0.0,26.600000000000005,0.0,40.5,0.0,100.0,0.0,4.53,0.0,17.1,0.0,17.1,0.0,38.3,0.0,0.0,0.0
2024-07-19 00:00:00+00:00,19.0,0.0,20.616666666666667,0.0,25.126388888888886,0.0,80.07222222222222,0.0,1.0508333333333333,0.0,27.399999999999995,0.0,41.5,0.0,100.0,0.0,4.38,0.0,17.4,0.0,17.4,0.0,38.7,0.0,0.0,0.0
2024-07-20 00:00:00+00:00,20.0,0.0,19.82638888888889,0.0,23.655555555555555,0.0,81.92361111111111,0.0,0.7791666666666667,0.0,25.3,0.0,36.8,0.0,100.0,0.0,3.07,0.0,17.3,0.0,17.3,0.0,50.6,0.0,0.0,0.0
2024-07-21 00:00:00+00:00,21.0,0.0,21.0,0.0,26.01944444444445,0.0,77.28055555555555,0.0,1.1409722222222225,0.0,28.100000000000005,0.0,38.9,0.0,100.0,0.0,3.67,0.0,16.4,0.0,16.4,0.0,45.79999999999999,0.0,0.0,0.0
2024-07-22 00:00:00+00:00,22.0,0.0,21.729166666666668,0.0,25.604166666666668,0.0,81.14305555555556,0.0,0.8288888888888889,0.0,28.8,0.0,38.4,0.0,100.0,0.0,3.42,0.0,17.3,0.0,17.3,0.0,47.4,0.0,0.0,0.0
2024-07-23 00:00:00+00:00,23.0,0.0,20.87183098591549,0.0,23.80845070422536,0.0,85.39295774647887,0.0,0.5849295774647888,0.0,27.5,0.0,34.2,0.0,100.0,0.0,2.58,0.0,17.6,0.0,17.6,0.0,52.0,0.0,0.0,0.0
2024-07-24 00:00:00+00:00,24.0,0.0,20.200000000000003,0.0,25.26805555555556,0.0,77.55000000000001,0.0,1.1276388888888889,0.0,24.8,0.0,39.5,0.0,100.0,0.0,4.24,0.0,16.3,0.0,16.3,0.0,41.0,0.0,0.0,0.0
2024-07-25 00:00:00+00:00,25.0,0.0,20.61830985915493,0.0,25.435211267605634,0.0,77.04366197183099,0.0,0.9643661971830987,0.0,27.2,0.0,36.5,0.0,99.0,0.0,3.6300000000000003,0.0,17.4,0.0,18.9,0.0,40.5,0.0,0.02,0.0
2024-07-26 00:00:00+00:00,26.0,0.0,21.33055555555556,0.0,26.45694444444445,0.0,75.26527777777778,0.0,1.05625,0.0,28.7,0.0,37.7,0.0,92.2,0.0,3.7000000000000006,0.0,17.3,0.0,19.2,0.0,42.70000000000001,0.0,0.19000000000000003,0.0
2024-07-27 00:00:00+00:00,27.0,0.0,22.652777777777782,0.0,26.077777777777772,0.0,83.55694444444445,0.0,0.7393055555555555,0.0,30.5,0.0,37.3,0.0,100.0,0.0,3.4599999999999995,0.0,17.9,0.0,18.2,0.0,45.79999999999999,0.0,0.0,0.0
2024-07-28 00:00:00+00:00,28.0,0.0,23.547222222222228,0.0,25.977777777777774,0.0,87.74027777777776,0.0,0.5445833333333333,0.0,31.5,0.0,35.6,0.0,100.0,0.0,2.8800000000000003,0.0,17.9,0.0,17.9,0.0,50.4,0.0,0.0,0.0
2024-07-29 00:00:00+00:00,29.0,0.0,23.07361111111111,0.0,25.7375,0.0,86.60416666666667,0.0,0.575,0.0,30.399999999999995,0.0,34.3,0.0,100.0,0.0,2.44,0.0,18.6,0.0,18.6,0.0,54.4,0.0,0.0,0.0
2024-07-30 00:00:00+00:00,30.0,0.0,23.022222222222226,0.0,25.04583333333333,0.0,90.20138888888887,0.0,0.4673611111111111,0.0,29.7,0.0,35.9,0.0,100.0,0.0,2.8699999999999997,0.0,18.4,0.0,18.4,0.0,51.4,0.0,0.0,0.0
2024-07-31 00:00:00+00:00,31.0,0.0,24.218309859154928,0.0,25.623943661971833,0.0,92.8549295774648,0.0,0.33422535211267607,0.0,30.600000000000005,0.0,35.5,0.0,100.0,0.0,2.55,0.0,18.2,0.0,18.2,0.0,54.9,0.0,0.0,0.0
2024-08-01 00:00:00+00:00,32.0,0.0,22.091666666666665,0.0,23.584722222222226,0.0,92.81666666666666,0.0,0.3236111111111111,0.0,30.399999999999995,0.0,35.4,0.0,100.0,0.0,3.0499999999999994,0.0,18.1,0.0,18.1,0.0,46.9,0.0,0.0,0.0
2024-08-02 00:00:00+00:00,33.0,0.0,21.39583333333333,0.0,22.05,0.0,96.29722222222222,0.0,0.1279166666666666,0.0,27.899999999999995,0.0,30.3,0.0,100.0,0.0,0.58,0.0,16.9,0.0,16.9,0.0,85.7,0.0,0.0,0.0
2024-08-03 00:00:00+00:00,34.0,0.0,21.575000000000003,0.0,22.477777777777774,0.0,94.8916666666667,0.0,0.1656944444444444,0.0,27.7,0.0,29.399999999999995,0.0,100.0,0.0,0.57,0.0,16.5,0.0,16.5,0.0,86.0,0.0,0.0,0.0
2024-08-04 00:00:00+00:00,35.0,0.0,21.915277777777774,0.0,23.066666666666663,0.0,93.825,0.0,0.2144444444444444,0.0,27.2,0.0,30.899999999999995,0.0,100.0,0.0,2.02,0.0,17.3,0.0,17.8,0.0,54.79999999999999,0.0,0.0,0.0
2024-08-05 00:00:00+00:00,36.0,0.0,22.654929577464788,0.0,24.80845070422536,0.0,88.91549295774648,0.0,0.464225352112676,0.0,29.8,0.0,36.5,0.0,100.0,0.0,2.68,0.0,18.9,0.0,19.1,0.0,53.6,0.0,0.0,0.0
2024-08-06 00:00:00+00:00,37.0,0.0,22.26111111111111,0.0,25.902777777777782,0.0,82.63611111111112,0.0,0.8343055555555555,0.0,28.2,0.0,38.9,0.0,100.0,0.0,3.66,0.0,18.5,0.0,18.5,0.0,45.6,0.0,0.0,0.0
2024-08-07 00:00:00+00:00,38.0,0.0,19.87042253521127,0.0,22.187323943661976,0.0,88.86478873239436,0.0,0.49,0.0,27.600000000000005,0.0,35.5,0.0,100.0,0.0,2.68,0.0,16.5,0.0,16.5,0.0,52.70000000000001,0.0,0.0,0.0
2024-08-08 00:00:00+00:00,39.0,0.0,20.793055555555554,0.0,24.327777777777772,0.0,83.29861111111111,0.0,0.7658333333333335,0.0,29.3,0.0,35.9,0.0,100.0,0.0,2.85,0.0,15.6,0.0,15.6,0.0,50.1,0.0,0.0,0.0
2024-08-09 00:00:00+00:00,40.0,0.0,22.230555555555554,0.0,25.881944444444443,0.0,83.4625,0.0,0.9034722222222222,0.0,28.7,0.0,38.7,0.0,100.0,0.0,3.75,0.0,16.2,0.0,16.2,0.0,45.5,0.0,0.0,0.0
2024-08-10 00:00:00+00:00,41.0,0.0,23.185915492957747,0.0,27.02957746478873,0.0,82.3225352112676,0.0,0.9725352112676054,0.0,29.3,0.0,38.4,0.0,100.0,0.0,3.2099999999999995,0.0,17.7,0.0,17.7,0.0,52.29999999999999,0.0,0.0,0.0
2024-08-11 00:00:00+00:00,42.0,0.0,24.108571428571427,0.0,26.36285714285715,0.0,88.39,0.0,0.526,0.0,30.899999999999995,0.0,34.6,0.0,100.0,0.0,1.86,0.0,18.3,0.0,18.3,0.0,64.0,0.0,0.0,0.0
2024-08-12 00:00:00+00:00,43.0,0.0,23.609859154929577,0.0,26.095774647887325,0.0,87.3718309859155,0.0,0.573943661971831,0.0,31.0,0.0,39.0,0.0,100.0,0.0,2.99,0.0,18.5,0.0,18.5,0.0,57.20000000000001,0.0,0.0,0.0
2024-08-13 00:00:00+00:00,44.0,0.0,22.572222222222223,0.0,24.884722222222223,0.0,88.26388888888887,0.0,0.5236111111111111,0.0,31.5,0.0,35.4,0.0,100.0,0.0,1.84,0.0,17.7,0.0,17.7,0.0,60.1,0.0,0.0,0.0
2024-08-14 00:00:00+00:00,45.0,0.0,20.334722222222226,0.0,21.02083333333333,0.0,96.20833333333331,0.0,0.12875,0.0,27.0,0.0,33.3,0.0,100.0,0.0,1.5599999999999998,0.0,16.8,0.0,16.8,0.0,69.5,0.0,0.0,0.0
2024-08-15 00:00:00+00:00,46.0,0.0,21.133333333333333,0.0,22.529166666666665,0.0,92.52638888888889,0.0,0.2819444444444444,0.0,27.8,0.0,32.2,0.0,100.0,0.0,1.47,0.0,15.6,0.0,15.6,0.0,65.7,0.0,0.0,0.0
2024-08-16 00:00:00+00:00,47.0,0.0,22.44027777777778,0.0,23.623611111111117,0.0,93.68888888888891,0.0,0.2580555555555555,0.0,29.100000000000005,0.0,32.4,0.0,100.0,0.0,1.5200000000000002,0.0,17.0,0.0,17.0,0.0,68.5,0.0,0.0,0.0
2024-08-17 00:00:00+00:00,48.0,0.0,22.04444444444444,0.0,23.44027777777778,0.0,92.44166666666666,0.0,0.2959722222222222,0.0,29.5,0.0,33.4,0.0,100.0,0.0,1.11,0.0,16.5,0.0,16.5,0.0,76.7,0.0,0.0,0.0
2024-08-18 00:00:00+00:00,49.0,0.0,19.851388888888888,0.0,20.922222222222224,0.0,94.30694444444445,0.0,0.20805555555555552,0.0,27.7,0.0,32.4,0.0,100.0,0.0,1.49,0.0,16.3,0.0,16.3,0.0,65.9,0.0,0.0,0.0
2024-08-19 00:00:00+00:00,50.0,0.0,19.18055555555556,0.0,19.884722222222223,0.0,96.08750000000002,0.0,0.11625,0.0,22.3,0.0,26.3,0.0,100.0,0.0,0.86,0.0,16.9,0.0,16.9,0.0,74.9,0.0,0.0,0.0
2024-08-20 00:00:00+00:00,51.0,0.0,20.619444444444444,0.0,22.469444444444445,0.0,90.32083333333334,0.0,0.3583333333333332,0.0,25.899999999999995,0.0,32.5,0.0,100.0,0.0,1.93,0.0,17.2,0.0,17.2,0.0,60.6,0.0,0.0,0.0
2024-08-21 00:00:00+00:00,52.0,0.0,21.916666666666668,0.0,24.28611111111111,0.0,87.38749999999999,0.0,0.4670833333333333,0.0,29.5,0.0,32.9,0.0,100.0,0.0,1.61,0.0,17.3,0.0,17.3,0.0,63.4,0.0,0.0,0.0
2024-08-22 00:00:00+00:00,53.0,0.0,21.554166666666664,0.0,24.047222222222228,0.0,86.84444444444445,0.0,0.4855555555555556,0.0,28.100000000000005,0.0,33.2,0.0,100.0,0.0,1.99,0.0,18.0,0.0,18.1,0.0,59.79999999999999,0.0,0.0,0.0
2024-08-23 00:00:00+00:00,54.0,0.0,22.19305555555556,0.0,24.633333333333336,0.0,87.52916666666665,0.0,0.5344444444444444,0.0,28.7,0.0,35.1,0.0,100.0,0.0,2.04,0.0,16.2,0.0,16.2,0.0,61.1,0.0,0.0,0.0
2024-08-24 00:00:00+00:00,55.0,0.0,21.938888888888886,0.0,25.398611111111112,0.0,83.39861111111111,0.0,0.8004166666666667,0.0,28.2,0.0,37.3,0.0,100.0,0.0,3.08,0.0,17.0,0.0,17.0,0.0,50.1,0.0,0.0,0.0
2024-08-25 00:00:00+00:00,56.0,0.0,21.65833333333333,0.0,24.38611111111111,0.0,85.86111111111113,0.0,0.5684722222222223,0.0,29.3,0.0,35.8,0.0,100.0,0.0,2.5,0.0,16.0,0.0,16.0,0.0,57.4,0.0,0.0,0.0
2024-08-26 00:00:00+00:00,57.0,0.0,19.873972602739727,0.0,22.257534246575343,0.0,87.83972602739726,0.0,0.44479452054794527,0.0,26.600000000000005,0.0,33.5,0.0,100.0,0.0,2.41,0.0,16.6,0.0,16.7,0.0,53.5,0.0,0.0,0.0
2024-08-27 00:00:00+00:00,58.0,0.0,19.869444444444444,0.0,21.337499999999995,0.0,92.22499999999998,0.0,0.29,0.0,27.0,0.0,35.1,0.0,100.0,0.0,2.3,0.0,14.9,0.0,14.9,0.0,59.4,0.0,0.0,0.0
2024-08-28 00:00:00+00:00,59.0,0.0,19.165277777777774,0.0,20.5,0.0,92.86527777777776,0.0,0.2515277777777778,0.0,27.100000000000005,0.0,30.600000000000005,0.0,100.0,0.0,1.41,0.0,15.1,0.0,15.1,0.0,65.5,0.0,0.0,0.0
2024-08-29 00:00:00+00:00,60.0,0.0,20.040277777777774,0.0,23.15833333333333,0.0,85.36666666666666,0.0,0.6902777777777778,0.0,28.100000000000005,0.0,36.5,0.0,100.0,0.0,3.0,0.0,13.6,0.0,13.6,0.0,48.70000000000001,0.0,0.0,0.0
2024-08-30 00:00:00+00:00,61.0,0.0,21.54583333333333,0.0,23.79444444444444,0.0,88.49583333333334,0.0,0.4856944444444444,0.0,29.899999999999995,0.0,34.7,0.0,100.0,0.0,2.27,0.0,14.699999999999998,0.0,14.699999999999998,0.0,56.4,0.0,0.0,0.0
2024-08-31 00:00:00+00:00,62.0,0.0,21.87777777777778,0.0,24.17361111111111,0.0,88.18194444444445,0.0,0.46374999999999994,0.0,29.899999999999995,0.0,33.8,0.0,100.0,0.0,2.1,0.0,18.3,0.0,18.3,0.0,60.0,0.0,0.0,0.0
2024-09-01 00:00:00+00:00,63.0,0.0,20.35352112676056,0.0,22.035211267605632,0.0,91.04647887323944,0.0,0.313943661971831,0.0,28.899999999999995,0.0,32.1,0.0,100.0,0.0,1.47,0.0,15.300000000000002,0.0,15.300000000000002,0.0,64.3,0.0,0.0,0.0
2024-09-02 00:00:00+00:00,64.0,0.0,18.96388888888889,0.0,20.869444444444444,0.0,89.84444444444445,0.0,0.3504166666666666,0.0,28.7,0.0,34.3,0.0,100.0,0.0,2.33,0.0,13.4,0.0,13.4,0.0,57.0,0.0,0.0,0.0
2024-09-03 00:00:00+00:00,65.0,0.0,18.5625,0.0,20.148611111111112,0.0,91.60416666666669,0.0,0.29,0.0,25.0,0.0,30.600000000000005,0.0,100.0,0.0,1.3500000000000003,0.0,13.1,0.0,13.1,0.0,65.8,0.0,0.0,0.0
2024-09-04 00:00:00+00:00,66.0,0.0,18.398591549295773,0.0,18.60422535211268,0.0,98.83661971830982,0.0,0.0378873239436619,0.0,27.0,0.0,29.2,0.0,100.0,0.0,0.48,0.0,13.199999999999998,0.0,13.199999999999998,0.0,88.09999999999998,0.0,0.0,0.0
2024-09-05 00:00:00+00:00,67.0,0.0,17.370833333333334,0.0,17.6875,0.0,98.14583333333331,0.0,0.0461111111111111,0.0,20.2,0.0,23.100000000000005,0.0,100.0,0.0,0.47,0.0,15.800000000000002,0.0,15.800000000000002,0.0,83.5,0.0,0.0,0.0
2024-09-06 00:00:00+00:00,68.0,0.0,18.791666666666668,0.0,21.6875,0.0,85.73333333333333,0.0,0.5623611111111111,0.0,25.0,0.0,34.1,0.0,100.0,0.0,2.4,0.0,15.9,0.0,15.9,0.0,54.1,0.0,0.0,0.0
2024-09-07 00:00:00+00:00,69.0,0.0,18.58194444444445,0.0,22.45555555555556,0.0,82.35972222222222,0.0,0.8276388888888889,0.0,24.5,0.0,36.2,0.0,100.0,0.0,3.0400000000000005,0.0,13.0,0.0,13.0,0.0,47.4,0.0,0.0,0.0
2024-09-08 00:00:00+00:00,70.0,0.0,17.90972222222222,0.0,18.58333333333333,0.0,96.27638888888889,0.0,0.1086111111111111,0.0,22.100000000000005,0.0,27.5,0.0,100.0,0.0,1.01,0.0,14.4,0.0,14.4,0.0,72.5,0.0,0.0,0.0
2024-09-09 00:00:00+00:00,71.0,0.0,16.649295774647886,0.0,20.766197183098598,0.0,81.37464788732395,0.0,0.7269014084507042,0.0,20.6,0.0,33.1,0.0,100.0,0.0,2.7999999999999994,0.0,11.6,0.0,11.6,0.0,42.3,0.0,0.0,0.0
2024-09-10 00:00:00+00:00,72.0,0.0,15.35820895522388,0.0,20.39701492537313,0.0,77.80597014925372,0.0,0.9325373134328356,0.0,20.6,0.0,33.8,0.0,100.0,0.0,3.09,0.0,9.8,0.0,9.8,0.0,41.3,0.0,0.0,0.0
2024-09-11 00:00:00+00:00,73.0,0.0,17.009722222222223,0.0,19.75277777777778,0.0,86.67916666666666,0.0,0.4866666666666666,0.0,22.3,0.0,32.5,0.0,100.0,0.0,2.22,0.0,13.0,0.0,13.0,0.0,54.6,0.0,0.0,0.0
2024-09-12 00:00:00+00:00,74.0,0.0,11.51,0.0,11.541428571428574,0.0,99.79428571428572,0.0,0.0022857142857142,0.0,15.4,0.0,15.4,0.0,100.0,0.0,0.04,0.0,8.1,0.0,8.5,0.0,96.09999999999998,0.0,0.0,0.0
2024-09-13 00:00:00+00:00,75.0,0.0,6.983333333333333,0.0,14.043055555555556,0.0,65.32638888888889,0.0,0.6370833333333333,0.0,12.699999999999998,0.0,23.399999999999995,0.0,100.0,0.0,1.55,0.0,2.2,0.0,8.4,0.0,40.0,0.0,0.0,0.0
2024-09-14 00:00:00+00:00,76.0,0.0,4.736111111111111,0.0,14.815277777777778,0.0,51.42777777777778,0.0,0.8319444444444444,0.0,9.9,0.0,22.600000000000005,0.0,70.2,0.0,1.5200000000000002,0.0,2.3,0.0,11.4,0.0,41.1,0.0,0.4000000000000001,0.0
2024-09-15 00:00:00+00:00,77.0,0.0,7.18169014084507,0.0,15.452112676056336,0.0,59.21267605633803,0.0,0.7656338028169015,0.0,14.699999999999998,0.0,24.100000000000005,0.0,85.59999999999998,0.0,1.72,0.0,3.6,0.0,10.3,0.0,41.1,0.0,0.20000000000000004,0.0
2024-09-16 00:00:00+00:00,78.0,0.0,9.118571428571428,0.0,14.372857142857145,0.0,71.89571428571428,0.0,0.5162857142857143,0.0,19.7,0.0,26.100000000000005,0.0,95.59999999999998,0.0,1.79,0.0,5.2,0.0,7.099999999999999,0.0,46.5,0.0,0.04,0.0
2024-09-17 00:00:00+00:00,79.0,0.0,12.212857142857144,0.0,15.245714285714286,0.0,84.36857142857143,0.0,0.4064285714285714,0.0,22.0,0.0,28.3,0.0,100.0,0.0,1.92,0.0,6.2,0.0,6.2,0.0,50.0,0.0,0.0,0.0
2024-09-18 00:00:00+00:00,80.0,0.0,10.458823529411765,0.0,12.577941176470588,0.0,88.76323529411764,0.0,0.2605882352941176,0.0,16.0,0.0,26.100000000000005,0.0,100.0,0.0,1.5599999999999998,0.0,4.4,0.0,4.4,0.0,53.79999999999999,0.0,0.0,0.0
2024-09-19 00:00:00+00:00,81.0,0.0,12.090140845070422,0.0,13.704225352112678,0.0,91.03661971830986,0.0,0.2005633802816901,0.0,17.3,0.0,23.0,0.0,100.0,0.0,0.92,0.0,8.2,0.0,8.2,0.0,66.1,0.0,0.0,0.0
2024-09-20 00:00:00+00:00,82.0,0.0,13.273611111111114,0.0,14.444444444444445,0.0,93.38888888888887,0.0,0.15125,0.0,21.0,0.0,26.8,0.0,100.0,0.0,1.24,0.0,10.699999999999998,0.0,10.699999999999998,0.0,64.8,0.0,0.0,0.0
2024-09-21 00:00:00+00:00,83.0,0.0,13.824999999999998,0.0,14.895833333333334,0.0,94.17638888888888,0.0,0.1520833333333333,0.0,20.0,0.0,27.100000000000005,0.0,100.0,0.0,1.39,0.0,9.5,0.0,9.5,0.0,61.29999999999999,0.0,0.0,0.0
2024-09-22 00:00:00+00:00,84.0,0.0,13.839436619718308,0.0,15.138028169014085,0.0,92.92535211267604,0.0,0.1922535211267605,0.0,21.5,0.0,25.899999999999995,0.0,100.0,0.0,1.09,0.0,7.5,0.0,7.5,0.0,66.4,0.0,0.0,0.0
2024-09-23 00:00:00+00:00,85.0,0.0,13.476056338028167,0.0,14.685915492957747,0.0,93.45070422535213,0.0,0.1697183098591549,0.0,19.4,0.0,25.899999999999995,0.0,100.0,0.0,1.09,0.0,8.3,0.0,8.3,0.0,67.5,0.0,0.0,0.0
2024-09-24 00:00:00+00:00,86.0,0.0,14.976056338028167,0.0,16.89154929577465,0.0,90.07605633802818,0.0,0.2891549295774648,0.0,19.5,0.0,28.2,0.0,100.0,0.0,1.5599999999999998,0.0,11.300000000000002,0.0,11.300000000000002,0.0,59.20000000000001,0.0,0.0,0.0
2024-09-25 00:00:00+00:00,87.0,0.0,14.523611111111114,0.0,16.36388888888889,0.0,90.17777777777776,0.0,0.2669444444444444,0.0,20.0,0.0,28.2,0.0,100.0,0.0,1.53,0.0,10.0,0.0,10.0,0.0,59.9,0.0,0.0,0.0
2024-09-26 00:00:00+00:00,88.0,0.0,14.529166666666663,0.0,14.983333333333333,0.0,97.20138888888887,0.0,0.05000000000000001,0.0,15.800000000000002,0.0,17.8,0.0,100.0,0.0,0.27,0.0,13.199999999999998,0.0,13.4,0.0,86.90000000000002,0.0,0.0,0.0
2024-09-27 00:00:00+00:00,89.0,0.0,17.20281690140845,0.0,18.823943661971832,0.0,91.89577464788734,0.0,0.3190140845070422,0.0,24.899999999999995,0.0,33.4,0.0,100.0,0.0,2.06,0.0,12.9,0.0,12.9,0.0,58.4,0.0,0.0,0.0
2024-09-28 00:00:00+00:00,90.0,0.0,12.35,0.0,16.366666666666667,0.0,81.42083333333333,0.0,0.5766666666666667,0.0,17.1,0.0,30.5,0.0,100.0,0.0,2.75,0.0,6.7,0.0,6.7,0.0,37.1,0.0,0.0,0.0
2024-09-29 00:00:00+00:00,91.0,0.0,9.843055555555557,0.0,14.22361111111111,0.0,80.50972222222222,0.0,0.5963888888888889,0.0,14.6,0.0,27.5,0.0,100.0,0.0,2.2,0.0,4.0,0.0,4.0,0.0,37.5,0.0,0.0,0.0
2024-09-30 00:00:00+00:00,92.0,0.0,11.31830985915493,0.0,13.063380281690138,0.0,90.05070422535213,0.0,0.18690140845070422,0.0,14.300000000000002,0.0,19.8,0.0,100.0,0.0,0.67,0.0,8.0,0.0,8.0,0.0,69.8,0.0,0.0,0.0
2024-10-01 00:00:00+00:00,93.0,0.0,12.301408450704225,0.0,13.62112676056338,0.0,92.40422535211268,0.0,0.1512676056338028,0.0,15.0,0.0,19.0,0.0,100.0,0.0,0.54,0.0,8.5,0.0,8.5,0.0,75.1,0.0,0.0,0.0
2024-10-02 00:00:00+00:00,94.0,0.0,14.447222222222225,0.0,15.425000000000002,0.0,94.74305555555556,0.0,0.1459722222222222,0.0,21.3,0.0,29.5,0.0,100.0,0.0,1.6000000000000003,0.0,12.5,0.0,12.5,0.0,61.29999999999999,0.0,0.0,0.0
2024-10-03 00:00:00+00:00,95.0,0.0,11.587142857142858,0.0,11.71142857142857,0.0,99.2,0.0,0.011571428571428502,0.0,13.199999999999998,0.0,13.800000000000002,0.0,100.0,0.0,0.09000000000000001,0.0,9.2,0.0,9.2,0.0,94.0,0.0,0.0,0.0
2024-10-04 00:00:00+00:00,96.0,0.0,9.785507246376811,0.0,10.442028985507246,0.0,96.0246376811594,0.0,0.0613043478260869,0.0,13.300000000000002,0.0,16.3,0.0,100.0,0.0,0.36000000000000004,0.0,8.6,0.0,8.6,0.0,80.7,0.0,0.0,0.0
2024-10-05 00:00:00+00:00,97.0,0.0,10.440277777777778,0.0,11.513888888888891,0.0,93.86388888888888,0.0,0.1168055555555555,0.0,15.699999999999998,0.0,22.7,0.0,100.0,0.0,0.9700000000000001,0.0,8.0,0.0,8.0,0.0,64.7,0.0,0.0,0.0
2024-10-06 00:00:00+00:00,98.0,0.0,9.945070422535212,0.0,11.395774647887324,0.0,91.81408450704224,0.0,0.1504225352112676,0.0,13.699999999999998,0.0,17.4,0.0,100.0,0.0,0.6,0.0,6.3,0.0,6.3,0.0,69.5,0.0,0.0,0.0
2024-10-07 00:00:00+00:00,99.0,0.0,11.612500000000002,0.0,12.47777777777778,0.0,95.41527777777776,0.0,0.1116666666666666,0.0,16.9,0.0,25.399999999999995,0.0,100.0,0.0,1.38,0.0,7.3,0.0,7.3,0.0,57.6,0.0,0.0,0.0
2024-10-08 00:00:00+00:00,100.0,0.0,13.77887323943662,0.0,13.783098591549296,0.0,99.97183098591547,0.0,0.0005633802816901,0.0,16.1,0.0,16.1,0.0,100.0,0.0,0.03,0.0,12.1,0.0,12.1,0.0,98.5,0.0,0.0,0.0
2024-10-09 00:00:00+00:00,101.0,0.0,14.826760563380285,0.0,15.923943661971828,0.0,93.86197183098592,0.0,0.1463380281690141,0.0,18.8,0.0,23.8,0.0,100.0,0.0,0.7799999999999999,0.0,12.300000000000002,0.0,12.300000000000002,0.0,72.9,0.0,0.0,0.0
2024-10-10 00:00:00+00:00,102.0,0.0,12.663235294117648,0.0,12.736764705882353,0.0,99.54705882352941,0.0,0.0080882352941176,0.0,17.0,0.0,17.9,0.0,100.0,0.0,0.12,0.0,6.8,0.0,6.8,0.0,94.3,0.0,0.0,0.0
2024-10-11 00:00:00+00:00,103.0,0.0,9.53098591549296,0.0,12.007042253521126,0.0,87.8788732394366,0.0,0.3438028169014084,0.0,17.3,0.0,27.399999999999995,0.0,100.0,0.0,1.67,0.0,4.7,0.0,4.7,0.0,52.6,0.0,0.0,0.0
2024-10-12 00:00:00+00:00,104.0,0.0,10.290140845070423,0.0,12.129577464788731,0.0,90.35352112676055,0.0,0.23070422535211263,0.0,16.7,0.0,25.899999999999995,0.0,100.0,0.0,1.53,0.0,5.400000000000001,0.0,5.400000000000001,0.0,54.1,0.0,0.0,0.0
2024-10-13 00:00:00+00:00,105.0,0.0,10.554166666666667,0.0,12.181944444444445,0.0,91.37222222222222,0.0,0.20624999999999996,0.0,16.3,0.0,23.600000000000005,0.0,100.0,0.0,1.09,0.0,6.7,0.0,6.7,0.0,61.4,0.0,0.0,0.0
2024-10-14 00:00:00+00:00,106.0,0.0,10.812676056338027,0.0,12.232394366197184,0.0,92.30985915492958,0.0,0.17028169014084496,0.0,15.6,0.0,22.899999999999995,0.0,100.0,0.0,1.02,0.0,7.3,0.0,7.3,0.0,63.5,0.0,0.0,0.0
2024-10-15 00:00:00+00:00,107.0,0.0,10.392857142857142,0.0,11.351428571428572,0.0,94.57285714285716,0.0,0.1127142857142857,0.0,16.2,0.0,20.5,0.0,100.0,0.0,0.66,0.0,6.5,0.0,6.5,0.0,72.5,0.0,0.0,0.0
2024-10-16 00:00:00+00:00,108.0,0.0,11.519718309859153,0.0,11.521126760563382,0.0,99.99154929577465,0.0,0.0001408450704225,0.0,14.4,0.0,14.4,0.0,100.0,0.0,0.01,0.0,7.900000000000001,0.0,7.900000000000001,0.0,99.59999999999998,0.0,0.0,0.0
2024-10-17 00:00:00+00:00,109.0,0.0,14.449999999999998,0.0,14.449999999999998,0.0,100.0,0.0,0.0,0.0,17.0,0.0,17.0,0.0,100.0,0.0,0.0,0.0,13.0,0.0,13.0,0.0,100.0,0.0,0.0,0.0
2024-10-18 00:00:00+00:00,110.0,0.0,13.704225352112678,0.0,13.756338028169017,0.0,99.68591549295776,0.0,0.007464788732394301,0.0,19.4,0.0,21.0,0.0,100.0,0.0,0.24,0.0,10.1,0.0,10.1,0.0,90.5,0.0,0.0,0.0
2024-10-19 00:00:00+00:00,111.0,0.0,12.298611111111109,0.0,12.298611111111109,0.0,100.0,0.0,0.0,0.0,14.4,0.0,14.4,0.0,100.0,0.0,0.0,0.0,10.0,0.0,10.0,0.0,100.0,0.0,0.0,0.0
2024-10-20 00:00:00+00:00,112.0,0.0,14.814084507042253,0.0,14.908450704225352,0.0,99.42957746478874,0.0,0.0143661971830985,0.0,21.3,0.0,22.5,0.0,100.0,0.0,0.20000000000000004,0.0,12.5,0.0,12.5,0.0,92.2,0.0,0.0,0.0
2024-10-21 00:00:00+00:00,113.0,0.0,15.176388888888887,0.0,16.773611111111112,0.0,91.83750000000002,0.0,0.2452777777777778,0.0,21.1,0.0,26.8,0.0,100.0,0.0,1.36,0.0,11.300000000000002,0.0,11.300000000000002,0.0,60.79999999999999,0.0,0.0,0.0
2024-10-22 00:00:00+00:00,114.0,0.0,13.415068493150685,0.0,14.950684931506851,0.0,91.986301369863,0.0,0.22082191780821922,0.0,19.9,0.0,25.2,0.0,100.0,0.0,1.22,0.0,10.0,0.0,10.0,0.0,61.79999999999999,0.0,0.0,0.0
2024-10-23 00:00:00+00:00,115.0,0.0,13.597183098591549,0.0,13.712676056338028,0.0,99.28450704225354,0.0,0.0133802816901408,0.0,15.9,0.0,16.6,0.0,100.0,0.0,0.11,0.0,11.6,0.0,11.6,0.0,94.2,0.0,0.0,0.0
2024-10-24 00:00:00+00:00,116.0,0.0,14.256338028169017,0.0,14.270422535211267,0.0,99.91408450704223,0.0,0.0018309859154928998,0.0,17.8,0.0,18.3,0.0,100.0,0.0,0.06,0.0,12.199999999999998,0.0,12.199999999999998,0.0,97.2,0.0,0.0,0.0
2024-10-25 00:00:00+00:00,117.0,0.0,14.059154929577465,0.0,15.332394366197184,0.0,92.8507042253521,0.0,0.1595774647887324,0.0,16.9,0.0,22.2,0.0,100.0,0.0,0.83,0.0,12.0,0.0,12.0,0.0,68.9,0.0,0.0,0.0
2024-10-26 00:00:00+00:00,118.0,0.0,13.993055555555555,0.0,13.995833333333332,0.0,99.97916666666669,0.0,0.0004166666666666,0.0,17.1,0.0,17.3,0.0,100.0,0.0,0.02,0.0,12.5,0.0,12.5,0.0,98.8,0.0,0.0,0.0
2024-10-27 00:00:00+00:00,119.0,0.0,14.84507042253521,0.0,15.598591549295774,0.0,95.92112676056338,0.0,0.1076056338028169,0.0,20.6,0.0,24.5,0.0,100.0,0.0,1.05,0.0,12.9,0.0,12.9,0.0,65.3,0.0,0.0,0.0
2024-10-28 00:00:00+00:00,120.0,0.0,13.419444444444444,0.0,14.643055555555556,0.0,93.30694444444445,0.0,0.1597222222222222,0.0,17.2,0.0,23.7,0.0,100.0,0.0,0.96,0.0,9.8,0.0,9.8,0.0,67.1,0.0,0.0,0.0
2024-10-29 00:00:00+00:00,121.0,0.0,10.793055555555556,0.0,11.991666666666667,0.0,93.79444444444444,0.0,0.1659722222222222,0.0,17.9,0.0,24.100000000000005,0.0,100.0,0.0,1.21,0.0,6.5,0.0,6.5,0.0,59.79999999999999,0.0,0.0,0.0
2024-10-30 00:00:00+00:00,122.0,0.0,10.125352112676056,0.0,11.54225352112676,0.0,92.68450704225351,0.0,0.1949295774647887,0.0,18.1,0.0,24.7,0.0,100.0,0.0,1.34,0.0,5.3,0.0,5.3,0.0,56.0,0.0,0.0,0.0
2024-10-31 00:00:00+00:00,123.0,0.0,9.005797101449275,0.0,10.337681159420288,0.0,93.12898550724636,0.0,0.1766666666666666,0.0,17.1,0.0,23.8,0.0,100.0,0.0,1.24,0.0,4.7,0.0,4.7,0.0,57.0,0.0,0.0,0.0
2024-11-01 00:00:00+00:00,124.0,0.0,8.406944444444443,0.0,9.930555555555555,0.0,92.27638888888889,0.0,0.1975,0.0,17.7,0.0,23.8,0.0,100.0,0.0,1.29,0.0,3.4,0.0,3.4,0.0,56.20000000000001,0.0,0.0,0.0
2024-11-02 00:00:00+00:00,125.0,0.0,7.563888888888889,0.0,8.993055555555555,0.0,92.73611111111113,0.0,0.18000000000000002,0.0,16.8,0.0,23.5,0.0,100.0,0.0,1.3999999999999997,0.0,2.5,0.0,2.5,0.0,51.5,0.0,0.0,0.0
2024-11-03 00:00:00+00:00,126.0,0.0,6.212500000000001,0.0,7.652777777777778,0.0,92.58888888888889,0.0,0.1652777777777777,0.0,15.800000000000002,0.0,21.5,0.0,100.0,0.0,1.16,0.0,1.3999999999999997,0.0,1.3999999999999997,0.0,54.6,0.0,0.0,0.0
2024-11-04 00:00:00+00:00,127.0,0.0,5.9444444444444455,0.0,7.297222222222222,0.0,92.99722222222222,0.0,0.1570833333333333,0.0,15.800000000000002,0.0,21.5,0.0,100.0,0.0,1.08,0.0,0.8000000000000002,0.0,0.8000000000000002,0.0,57.70000000000001,0.0,0.0,0.0
2024-11-05 00:00:00+00:00,128.0,0.0,4.15,0.0,5.268055555555556,0.0,94.01388888888887,0.0,0.1070833333333333,0.0,14.0,0.0,18.9,0.0,100.0,0.0,1.02,0.0,-1.1,0.0,-1.1,0.0,53.20000000000001,0.0,0.0,0.0
2024-11-06 00:00:00+00:00,129.0,0.0,3.618309859154929,0.0,5.176056338028169,0.0,92.11971830985915,0.0,0.1598591549295774,0.0,14.0,0.0,20.3,0.0,100.0,0.0,1.19,0.0,-1.5,0.0,-1.5,0.0,48.6,0.0,0.0,0.0
2024-11-07 00:00:00+00:00,130.0,0.0,3.449295774647888,0.0,5.3042253521126765,0.0,90.5549295774648,0.0,0.1852112676056338,0.0,14.0,0.0,19.8,0.0,100.0,0.0,1.15,0.0,-1.2,0.0,-1.2,0.0,48.5,0.0,0.0,0.0
2024-11-08 00:00:00+00:00,131.0,0.0,3.705555555555556,0.0,4.430555555555555,0.0,95.78055555555557,0.0,0.0647222222222222,0.0,13.6,0.0,16.8,0.0,100.0,0.0,0.68,0.0,-1.8999999999999997,0.0,-1.8999999999999997,0.0,64.6,0.0,0.0,0.0
2024-11-09 00:00:00+00:00,132.0,0.0,3.984722222222222,0.0,4.952777777777778,0.0,94.72222222222224,0.0,0.09500000000000001,0.0,14.5,0.0,18.5,0.0,100.0,0.0,0.85,0.0,-0.4000000000000001,0.0,-0.4000000000000001,0.0,59.6,0.0,0.0,0.0
2024-11-10 00:00:00+00:00,133.0,0.0,2.9774647887323944,0.0,4.229577464788733,0.0,93.43943661971832,0.0,0.12084507042253519,0.0,14.9,0.0,19.5,0.0,100.0,0.0,1.15,0.0,-2.1,0.0,-2.1,0.0,49.1,0.0,0.0,0.0
2024-11-11 00:00:00+00:00,134.0,0.0,2.057746478873239,0.0,3.343661971830986,0.0,93.09295774647887,0.0,0.114225352112676,0.0,12.800000000000002,0.0,17.5,0.0,100.0,0.0,0.89,0.0,-2.5,0.0,-2.5,0.0,55.0,0.0,0.0,0.0
2024-11-12 00:00:00+00:00,135.0,0.0,0.8041666666666667,0.0,2.423611111111111,0.0,91.56944444444444,0.0,0.1354166666666666,0.0,10.5,0.0,16.9,0.0,100.0,0.0,0.9499999999999998,0.0,-3.5,0.0,-3.5,0.0,50.1,0.0,0.0,0.0
2024-11-13 00:00:00+00:00,136.0,0.0,2.0338028169014084,0.0,3.311267605633802,0.0,92.78732394366197,0.0,0.09563380281690141,0.0,12.0,0.0,16.8,0.0,100.0,0.0,1.01,0.0,-4.0,0.0,-4.0,0.0,47.20000000000001,0.0,0.0,0.0
2024-11-14 00:00:00+00:00,137.0,0.0,1.6819444444444445,0.0,3.954166666666667,0.0,88.71805555555555,0.0,0.1809722222222222,0.0,10.0,0.0,18.0,0.0,100.0,0.0,1.19,0.0,-2.9,0.0,-2.9,0.0,40.4,0.0,0.0,0.0
2024-11-15 00:00:00+00:00,138.0,0.0,-0.4535211267605633,0.0,0.9098591549295773,0.0,92.65211267605635,0.0,0.0964788732394366,0.0,11.1,0.0,15.0,0.0,100.0,0.0,0.89,0.0,-4.6,0.0,-4.6,0.0,46.0,0.0,0.0,0.0
2024-11-16 00:00:00+00:00,139.0,0.0,-0.2492957746478873,0.0,1.111267605633803,0.0,92.91971830985916,0.0,0.1057746478873239,0.0,11.6,0.0,16.3,0.0,100.0,0.0,1.03,0.0,-4.4,0.0,-4.4,0.0,44.5,0.0,0.0,0.0
2024-11-17 00:00:00+00:00,140.0,0.0,-0.7041666666666666,0.0,0.6597222222222222,0.0,92.71944444444443,0.0,0.0961111111111111,0.0,9.6,0.0,14.300000000000002,0.0,100.0,0.0,0.86,0.0,-4.8,0.0,-4.8,0.0,47.4,0.0,0.0,0.0
2024-11-18 00:00:00+00:00,141.0,0.0,0.9250000000000002,0.0,1.5777777777777775,0.0,95.94305555555555,0.0,0.0409722222222222,0.0,8.3,0.0,9.5,0.0,100.0,0.0,0.24,0.0,-2.7000000000000006,0.0,-2.7000000000000006,0.0,77.9,0.0,0.0,0.0
2024-11-19 00:00:00+00:00,142.0,0.0,1.8971830985915485,0.0,2.6239436619718317,0.0,95.84788732394365,0.0,0.054929577464788694,0.0,7.2,0.0,14.0,0.0,100.0,0.0,0.63,0.0,-2.1,0.0,-2.1,0.0,60.9,0.0,0.0,0.0
2024-11-20 00:00:00+00:00,143.0,0.0,0.8535211267605632,0.0,4.8676056338028175,0.0,79.47605633802817,0.0,0.1939436619718309,0.0,11.5,0.0,14.9,0.0,100.0,0.0,1.0,0.0,-9.9,0.0,-3.2999999999999994,0.0,31.2,0.0,0.0,0.0
2024-11-21 00:00:00+00:00,144.0,0.0,-4.742857142857143,0.0,-0.5585714285714286,0.0,76.02,0.0,0.1684285714285714,0.0,-0.10000000000000002,0.0,5.5,0.0,100.0,0.0,0.44,0.0,-7.3,0.0,-6.599999999999999,0.0,47.79999999999999,0.0,0.0,0.0
2024-11-22 00:00:00+00:00,145.0,0.0,-5.064788732394367,0.0,2.026760563380282,0.0,66.47746478873239,0.0,0.3112676056338028,0.0,0.10000000000000002,0.0,12.5,0.0,100.0,0.0,1.09,0.0,-12.5,0.0,-4.7,0.0,24.7,0.0,0.0,0.0
2024-11-23 00:00:00+00:00,146.0,0.0,-4.197222222222222,0.0,-0.6055555555555555,0.0,80.27361111111111,0.0,0.1733333333333333,0.0,-1.2,0.0,12.4,0.0,100.0,0.0,0.9,0.0,-6.599999999999999,0.0,-5.8,0.0,37.2,0.0,0.0,0.0
2024-11-24 00:00:00+00:00,147.0,0.0,-2.308333333333333,0.0,-0.0944444444444444,0.0,87.54583333333333,0.0,0.1166666666666666,0.0,1.1,0.0,10.6,0.0,100.0,0.0,0.64,0.0,-4.5,0.0,-4.5,0.0,50.0,0.0,0.0,0.0
2024-11-25 00:00:00+00:00,148.0,0.0,-0.9138888888888888,0.0,0.3430555555555555,0.0,92.73055555555555,0.0,0.0752777777777777,0.0,3.7000000000000006,0.0,11.9,0.0,100.0,0.0,0.62,0.0,-3.4,0.0,-3.4,0.0,55.70000000000001,0.0,0.0,0.0
2024-11-26 00:00:00+00:00,149.0,0.0,3.086111111111111,0.0,3.801388888888889,0.0,95.43194444444445,0.0,0.045000000000000005,0.0,5.599999999999999,0.0,8.8,0.0,100.0,0.0,0.25,0.0,-2.4,0.0,-2.4,0.0,77.2,0.0,0.0,0.0
2024-11-27 00:00:00+00:00,150.0,0.0,5.811267605633804,0.0,6.516901408450704,0.0,95.82816901408451,0.0,0.0591549295774647,0.0,9.9,0.0,16.8,0.0,100.0,0.0,0.69,0.0,3.5,0.0,3.5,0.0,64.1,0.0,0.0,0.0
2024-11-28 00:00:00+00:00,151.0,0.0,5.1625,0.0,6.109722222222223,0.0,94.40138888888889,0.0,0.0770833333333333,0.0,9.6,0.0,14.800000000000002,0.0,100.0,0.0,0.48,0.0,-0.20000000000000004,0.0,-0.20000000000000004,0.0,71.3,0.0,0.0,0.0
2024-11-29 00:00:00+00:00,152.0,0.0,-1.2194444444444443,0.0,-0.3083333333333333,0.0,94.82083333333334,0.0,0.054583333333333296,0.0,9.6,0.0,12.1,0.0,100.0,0.0,0.69,0.0,-4.6,0.0,-4.6,0.0,47.29999999999999,0.0,0.0,0.0
2024-11-30 00:00:00+00:00,153.0,0.0,-2.611267605633803,0.0,-1.615492957746479,0.0,94.44788732394368,0.0,0.0633802816901408,0.0,7.3,0.0,11.5,0.0,100.0,0.0,0.62,0.0,-5.599999999999999,0.0,-5.599999999999999,0.0,53.70000000000001,0.0,0.0,0.0
2024-12-01 00:00:00+00:00,154.0,0.0,-2.488888888888889,0.0,-1.1819444444444445,0.0,92.91111111111111,0.0,0.07875,0.0,9.0,0.0,11.699999999999998,0.0,100.0,0.0,0.6999999999999998,0.0,-6.099999999999999,0.0,-6.099999999999999,0.0,48.79999999999999,0.0,0.0,0.0
2024-12-02 00:00:00+00:00,155.0,0.0,-2.9055555555555554,0.0,-1.3833333333333335,0.0,91.73611111111113,0.0,0.0931944444444444,0.0,3.9,0.0,12.1,0.0,100.0,0.0,0.71,0.0,-6.5,0.0,-6.5,0.0,48.0,0.0,0.0,0.0
2024-12-03 00:00:00+00:00,156.0,0.0,0.225,0.0,1.3208333333333333,0.0,93.05416666666666,0.0,0.0595833333333333,0.0,3.0,0.0,6.599999999999999,0.0,100.0,0.0,0.23,0.0,-4.2,0.0,-4.2,0.0,76.2,0.0,0.0,0.0
2024-12-04 00:00:00+00:00,157.0,0.0,1.815277777777777,0.0,2.148611111111111,0.0,97.83194444444445,0.0,0.0208333333333333,0.0,5.8,0.0,7.900000000000001,0.0,100.0,0.0,0.14,0.0,-3.5,0.0,-3.5,0.0,86.40000000000002,0.0,0.0,0.0
2024-12-05 00:00:00+00:00,158.0,0.0,-2.2535211267605635,0.0,-2.029577464788732,0.0,98.49577464788733,0.0,0.0133802816901408,0.0,7.599999999999999,0.0,8.9,0.0,100.0,0.0,0.11,0.0,-6.099999999999999,0.0,-6.099999999999999,0.0,90.2,0.0,0.0,0.0
2024-12-06 00:00:00+00:00,159.0,0.0,-1.8263888888888886,0.0,1.7083333333333333,0.0,81.29722222222222,0.0,0.1865277777777777,0.0,1.6000000000000003,0.0,9.9,0.0,100.0,0.0,0.81,0.0,-6.0,0.0,-3.5,0.0,33.3,0.0,0.0,0.0
2024-12-07 00:00:00+00:00,160.0,0.0,-1.763380281690141,0.0,0.123943661971831,0.0,87.99577464788733,0.0,0.088169014084507,0.0,1.0,0.0,5.8,0.0,100.0,0.0,0.31,0.0,-5.5,0.0,-5.5,0.0,65.1,0.0,0.0,0.0
2024-12-08 00:00:00+00:00,161.0,0.0,0.6208333333333333,0.0,0.6208333333333333,0.0,100.0,0.0,0.0,0.0,1.5,0.0,1.5,0.0,100.0,0.0,0.0,0.0,0.0,0.0,0.0,0.0,100.0,0.0,0.0,0.0
2024-12-09 00:00:00+00:00,162.0,0.0,1.5126760563380282,0.0,1.5126760563380282,0.0,100.0,0.0,0.0,0.0,5.1,0.0,5.1,0.0,100.0,0.0,0.0,0.0,0.0,0.0,0.0,0.0,100.0,0.0,0.0,0.0
2024-12-10 00:00:00+00:00,163.0,0.0,1.9055555555555557,0.0,1.9055555555555557,0.0,100.0,0.0,0.0,0.0,4.8,0.0,4.8,0.0,100.0,0.0,0.0,0.0,0.4000000000000001,0.0,0.4000000000000001,0.0,100.0,0.0,0.0,0.0
2024-12-11 00:00:00+00:00,164.0,0.0,-0.7624999999999998,0.0,-0.6430555555555555,0.0,99.21944444444443,0.0,0.0084722222222222,0.0,8.5,0.0,9.9,0.0,100.0,0.0,0.11,0.0,-4.9,0.0,-4.9,0.0,91.09999999999998,0.0,0.0,0.0
2024-12-12 00:00:00+00:00,165.0,0.0,-3.5375,0.0,-3.426388888888889,0.0,99.25,0.0,0.0072222222222222,0.0,6.8,0.0,8.2,0.0,100.0,0.0,0.09000000000000001,0.0,-7.099999999999999,0.0,-7.099999999999999,0.0,91.0,0.0,0.0,0.0
2024-12-13 00:00:00+00:00,166.0,0.0,-2.8597222222222225,0.0,-2.744444444444445,0.0,99.23888888888888,0.0,0.0070833333333333,0.0,5.599999999999999,0.0,6.7,0.0,100.0,0.0,0.08,0.0,-8.0,0.0,-8.0,0.0,91.0,0.0,0.0,0.0
2024-12-14 00:00:00+00:00,167.0,0.0,0.6027777777777779,0.0,0.6027777777777779,0.0,100.0,0.0,0.0,0.0,5.400000000000001,0.0,5.400000000000001,0.0,100.0,0.0,0.0,0.0,-1.8999999999999997,0.0,-1.8999999999999997,0.0,100.0,0.0,0.0,0.0
2024-12-15 00:00:00+00:00,168.0,0.0,-0.1472222222222222,0.0,-0.061111111111111095,0.0,99.44444444444444,0.0,0.005972222222222201,0.0,8.8,0.0,9.7,0.0,100.0,0.0,0.07,0.0,-4.6,0.0,-4.6,0.0,94.09999999999998,0.0,0.0,0.0
2024-12-16 00:00:00+00:00,169.0,0.0,0.8902777777777778,0.0,2.526388888888889,0.0,90.63333333333334,0.0,0.10569444444444438,0.0,4.4,0.0,12.800000000000002,0.0,100.0,0.0,0.64,0.0,-2.3,0.0,-2.3,0.0,56.70000000000001,0.0,0.0,0.0
2024-12-17 00:00:00+00:00,170.0,0.0,-0.0458333333333333,0.0,0.4861111111111111,0.0,96.84583333333332,0.0,0.0372222222222222,0.0,6.7,0.0,12.300000000000002,0.0,100.0,0.0,0.46,0.0,-3.1,0.0,-3.1,0.0,67.6,0.0,0.0,0.0
2024-12-18 00:00:00+00:00,171.0,0.0,-0.4638888888888888,0.0,-0.148611111111111,0.0,98.05277777777776,0.0,0.0223611111111111,0.0,7.8,0.0,11.300000000000002,0.0,100.0,0.0,0.28,0.0,-4.2,0.0,-4.2,0.0,79.4,0.0,0.0,0.0
2024-12-19 00:00:00+00:00,172.0,0.0,0.3291666666666667,0.0,0.3291666666666667,0.0,100.0,0.0,0.0,0.0,3.9,0.0,3.9,0.0,100.0,0.0,0.0,0.0,-5.0,0.0,-5.0,0.0,100.0,0.0,0.0,0.0
2024-12-20 00:00:00+00:00,173.0,0.0,-1.7958333333333334,0.0,4.5875,0.0,67.35277777777777,0.0,0.3055555555555556,0.0,5.3,0.0,10.6,0.0,100.0,0.0,0.75,0.0,-6.099999999999999,0.0,-2.1,0.0,39.5,0.0,0.0,0.0
2024-12-21 00:00:00+00:00,174.0,0.0,-4.36027397260274,0.0,-1.7219178082191782,0.0,84.55616438356165,0.0,0.1165753424657534,0.0,-0.6999999999999998,0.0,9.2,0.0,100.0,0.0,0.62,0.0,-6.099999999999999,0.0,-6.0,0.0,46.6,0.0,0.0,0.0
2024-12-22 00:00:00+00:00,175.0,0.0,-2.301388888888889,0.0,-1.6555555555555557,0.0,95.76527777777778,0.0,0.027777777777777696,0.0,0.0,0.0,1.7,0.0,100.0,0.0,0.14,0.0,-5.2,0.0,-5.2,0.0,79.3,0.0,0.0,0.0
2024-12-23 00:00:00+00:00,176.0,0.0,-6.5549295774647875,0.0,4.147887323943662,0.0,49.46478873239437,0.0,0.4635211267605633,0.0,0.4000000000000001,0.0,13.300000000000002,0.0,100.0,0.0,1.13,0.0,-11.800000000000002,0.0,-2.2,0.0,26.0,0.0,0.0,0.0
2024-12-24 00:00:00+00:00,177.0,0.0,-6.47887323943662,0.0,5.705633802816902,0.0,42.5169014084507,0.0,0.558169014084507,0.0,-3.4,0.0,13.800000000000002,0.0,74.4,0.0,1.1,0.0,-8.5,0.0,-2.1,0.0,28.5,0.0,0.13,0.0
2024-12-25 00:00:00+00:00,178.0,0.0,-5.649295774647887,0.0,-2.5943661971830982,0.0,82.9281690140845,0.0,0.1398591549295774,0.0,0.0,0.0,10.699999999999998,0.0,100.0,0.0,0.7399999999999999,0.0,-8.4,0.0,-8.4,0.0,41.1,0.0,0.0,0.0
2024-12-26 00:00:00+00:00,179.0,0.0,-6.202777777777778,0.0,-4.366666666666666,0.0,90.09305555555557,0.0,0.0898611111111111,0.0,-0.5,0.0,10.1,0.0,100.0,0.0,0.7399999999999999,0.0,-9.0,0.0,-9.0,0.0,40.0,0.0,0.0,0.0
2024-12-27 00:00:00+00:00,180.0,0.0,-5.231944444444444,0.0,-3.611111111111111,0.0,91.03749999999998,0.0,0.0855555555555555,0.0,0.20000000000000004,0.0,10.9,0.0,100.0,0.0,0.7200000000000001,0.0,-9.0,0.0,-9.0,0.0,44.79999999999999,0.0,0.0,0.0
2024-12-28 00:00:00+00:00,181.0,0.0,-2.973611111111111,0.0,-1.4972222222222225,0.0,91.89861111111112,0.0,0.0927777777777777,0.0,3.2000000000000006,0.0,12.800000000000002,0.0,100.0,0.0,0.7200000000000001,0.0,-6.599999999999999,0.0,-6.599999999999999,0.0,51.0,0.0,0.0,0.0
2024-12-29 00:00:00+00:00,182.0,0.0,-2.435211267605634,0.0,-1.5464788732394366,0.0,94.98028169014087,0.0,0.0611267605633802,0.0,5.0,0.0,12.699999999999998,0.0,100.0,0.0,0.59,0.0,-6.2,0.0,-6.2,0.0,59.79999999999999,0.0,0.0,0.0
2024-12-30 00:00:00+00:00,183.0,0.0,-2.8549295774647887,0.0,-2.0704225352112675,0.0,95.46760563380282,0.0,0.0518309859154929,0.0,5.1,0.0,11.1,0.0,100.0,0.0,0.47,0.0,-6.5,0.0,-6.5,0.0,63.9,0.0,0.0,0.0
2024-12-31 00:00:00+00:00,184.0,0.0,-3.4027777777777772,0.0,-2.808333333333333,0.0,96.47499999999998,0.0,0.0388888888888888,0.0,6.0,0.0,10.4,0.0,100.0,0.0,0.41,0.0,-7.400000000000001,0.0,-7.400000000000001,0.0,67.1,0.0,0.0,0.0
2025-01-01 00:00:00+00:00,185.0,0.0,-4.126760563380282,0.0,-3.663380281690141,0.0,97.0774647887324,0.0,0.0264788732394366,0.0,4.3,0.0,7.599999999999999,0.0,100.0,0.0,0.26,0.0,-7.599999999999999,0.0,-7.599999999999999,0.0,75.2,0.0,0.0,0.0
2025-01-02 00:00:00+00:00,186.0,0.0,-2.670833333333333,0.0,-2.373611111111112,0.0,97.99027777777776,0.0,0.0143055555555555,0.0,1.1,0.0,3.2999999999999994,0.0,100.0,0.0,0.12,0.0,-6.7,0.0,-6.7,0.0,84.7,0.0,0.0,0.0
2025-01-03 00:00:00+00:00,187.0,0.0,-2.6944444444444446,0.0,-0.1208333333333333,0.0,87.03333333333335,0.0,0.1441666666666666,0.0,3.1,0.0,13.699999999999998,0.0,100.0,0.0,1.02,0.0,-7.0,0.0,-7.0,0.0,33.7,0.0,0.0,0.0
2025-01-04 00:00:00+00:00,188.0,0.0,-6.072222222222222,0.0,-5.190277777777777,0.0,94.63888888888887,0.0,0.0398611111111111,0.0,1.3999999999999997,0.0,5.3,0.0,100.0,0.0,0.36000000000000004,0.0,-10.3,0.0,-10.3,0.0,59.70000000000001,0.0,0.0,0.0
2025-01-05 00:00:00+00:00,189.0,0.0,-1.8958333333333333,0.0,-0.8472222222222222,0.0,93.0458333333333,0.0,0.0459722222222222,0.0,-0.5,0.0,2.2,0.0,100.0,0.0,0.14,0.0,-6.7,0.0,-6.7,0.0,79.4,0.0,0.0,0.0
2025-01-06 00:00:00+00:00,190.0,0.0,0.5861111111111111,0.0,1.2472222222222222,0.0,95.46666666666668,0.0,0.0313888888888888,0.0,4.0,0.0,4.0,0.0,100.0,0.0,0.08,0.0,-2.7000000000000006,0.0,-2.7000000000000006,0.0,89.40000000000002,0.0,0.0,0.0
2025-01-07 00:00:00+00:00,191.0,0.0,3.683333333333333,0.0,3.683333333333333,0.0,100.0,0.0,0.0,0.0,6.3,0.0,6.3,0.0,100.0,0.0,0.0,0.0,2.0,0.0,2.0,0.0,100.0,0.0,0.0,0.0
2025-01-08 00:00:00+00:00,192.0,0.0,3.730555555555556,0.0,3.801388888888889,0.0,99.52361111111112,0.0,0.0044444444444444,0.0,10.0,0.0,10.4,0.0,100.0,0.0,0.04,0.0,1.3999999999999997,0.0,1.3999999999999997,0.0,95.40000000000002,0.0,0.0,0.0
2025-01-09 00:00:00+00:00,193.0,0.0,4.3375,0.0,4.3375,0.0,100.0,0.0,0.0,0.0,6.2,0.0,6.2,0.0,100.0,0.0,0.0,0.0,3.6,0.0,3.6,0.0,100.0,0.0,0.0,0.0
2025-01-10 00:00:00+00:00,194.0,0.0,-0.0859154929577464,0.0,2.769014084507042,0.0,84.77887323943662,0.0,0.1376056338028169,0.0,6.2,0.0,10.6,0.0,100.0,0.0,0.7399999999999999,0.0,-4.9,0.0,-0.8000000000000002,0.0,41.5,0.0,0.0,0.0
2025-01-11 00:00:00+00:00,195.0,0.0,-3.4055555555555554,0.0,-1.5722222222222222,0.0,89.18055555555556,0.0,0.08930555555555549,0.0,0.3,0.0,9.2,0.0,100.0,0.0,0.59,0.0,-6.099999999999999,0.0,-6.099999999999999,0.0,48.9,0.0,0.0,0.0
2025-01-12 00:00:00+00:00,196.0,0.0,-5.187323943661972,0.0,-2.295774647887324,0.0,83.60140845070423,0.0,0.1315492957746478,0.0,-0.6999999999999998,0.0,13.4,0.0,100.0,0.0,0.9700000000000001,0.0,-8.2,0.0,-7.3,0.0,36.6,0.0,0.0,0.0
2025-01-13 00:00:00+00:00,197.0,0.0,-6.155555555555555,0.0,-3.1263888888888887,0.0,83.1861111111111,0.0,0.1320833333333333,0.0,-2.1,0.0,8.7,0.0,100.0,0.0,0.67,0.0,-7.900000000000001,0.0,-7.8,0.0,39.5,0.0,0.0,0.0
2025-01-14 00:00:00+00:00,198.0,0.0,-5.711267605633803,0.0,-3.8126760563380286,0.0,89.58732394366196,0.0,0.0939436619718309,0.0,0.4000000000000001,0.0,10.0,0.0,100.0,0.0,0.68,0.0,-8.9,0.0,-8.9,0.0,44.79999999999999,0.0,0.0,0.0
2025-01-15 00:00:00+00:00,199.0,0.0,-4.567605633802817,0.0,-1.9774647887323944,0.0,85.66901408450705,0.0,0.12366197183098589,0.0,-1.0,0.0,9.3,0.0,100.0,0.0,0.64,0.0,-8.1,0.0,-8.1,0.0,45.20000000000001,0.0,0.0,0.0
2025-01-16 00:00:00+00:00,200.0,0.0,-3.005633802816901,0.0,-0.495774647887324,0.0,85.68028169014083,0.0,0.1304225352112676,0.0,0.5,0.0,10.2,0.0,100.0,0.0,0.63,0.0,-5.8,0.0,-5.8,0.0,49.20000000000001,0.0,0.0,0.0
2025-01-17 00:00:00+00:00,201.0,0.0,-3.6458333333333335,0.0,-2.477777777777778,0.0,93.38472222222224,0.0,0.0718055555555555,0.0,3.1,0.0,10.4,0.0,100.0,0.0,0.54,0.0,-7.599999999999999,0.0,-7.599999999999999,0.0,57.29999999999999,0.0,0.0,0.0
2025-01-18 00:00:00+00:00,202.0,0.0,-3.858333333333333,0.0,-1.9847222222222225,0.0,89.74305555555556,0.0,0.1080555555555555,0.0,2.3,0.0,12.6,0.0,100.0,0.0,0.7799999999999999,0.0,-7.900000000000001,0.0,-7.900000000000001,0.0,46.0,0.0,0.0,0.0
2025-01-19 00:00:00+00:00,203.0,0.0,0.4888888888888889,0.0,1.5069444444444444,0.0,93.375,0.0,0.0486111111111111,0.0,3.2000000000000006,0.0,4.6,0.0,100.0,0.0,0.21,0.0,-3.1,0.0,-3.1,0.0,74.5,0.0,0.0,0.0
2025-01-20 00:00:00+00:00,204.0,0.0,1.96056338028169,0.0,1.96056338028169,0.0,100.0,0.0,0.0,0.0,5.2,0.0,5.2,0.0,100.0,0.0,0.0,0.0,-0.9,0.0,-0.9,0.0,100.0,0.0,0.0,0.0
2025-01-21 00:00:00+00:00,205.0,0.0,2.458333333333333,0.0,2.5388888888888888,0.0,99.49722222222222,0.0,0.0075,0.0,12.5,0.0,13.699999999999998,0.0,100.0,0.0,0.12,0.0,-2.7000000000000006,0.0,-2.7000000000000006,0.0,92.40000000000002,0.0,0.0,0.0
2025-01-22 00:00:00+00:00,206.0,0.0,1.436111111111111,0.0,1.436111111111111,0.0,100.0,0.0,0.0,0.0,6.599999999999999,0.0,6.599999999999999,0.0,100.0,0.0,0.0,0.0,-3.2999999999999994,0.0,-3.2999999999999994,0.0,100.0,0.0,0.0,0.0
2025-01-23 00:00:00+00:00,207.0,0.0,2.8125,0.0,2.8125,0.0,100.0,0.0,0.0,0.0,5.8,0.0,5.8,0.0,100.0,0.0,0.0,0.0,0.4000000000000001,0.0,0.4000000000000001,0.0,100.0,0.0,0.0,0.0
2025-01-24 00:00:00+00:00,208.0,0.0,1.893055555555556,0.0,1.9583333333333333,0.0,99.58194444444445,0.0,0.0052777777777777,0.0,11.1,0.0,11.800000000000002,0.0,100.0,0.0,0.06,0.0,-1.3,0.0,-1.3,0.0,95.7,0.0,0.0,0.0
2025-01-25 00:00:00+00:00,209.0,0.0,4.147222222222222,0.0,4.9,0.0,95.5625,0.0,0.0584722222222222,0.0,9.2,0.0,15.1,0.0,100.0,0.0,0.66,0.0,0.5,0.0,0.5,0.0,61.79999999999999,0.0,0.0,0.0
2025-01-26 00:00:00+00:00,210.0,0.0,5.679166666666666,0.0,5.6805555555555545,0.0,99.99166666666666,0.0,0.0001388888888888,0.0,10.800000000000002,0.0,10.9,0.0,100.0,0.0,0.01,0.0,3.9,0.0,3.9,0.0,99.40000000000002,0.0,0.0,0.0
2025-01-27 00:00:00+00:00,211.0,0.0,5.481944444444444,0.0,5.481944444444444,0.0,100.0,0.0,0.0,0.0,6.400000000000001,0.0,6.400000000000001,0.0,100.0,0.0,0.0,0.0,3.9,0.0,3.9,0.0,100.0,0.0,0.0,0.0
2025-01-28 00:00:00+00:00,212.0,0.0,7.105555555555557,0.0,7.105555555555557,0.0,100.0,0.0,0.0,0.0,13.300000000000002,0.0,13.300000000000002,0.0,100.0,0.0,0.0,0.0,1.0,0.0,1.0,0.0,100.0,0.0,0.0,0.0
2025-01-29 00:00:00+00:00,213.0,0.0,2.3569444444444443,0.0,3.094444444444445,0.0,95.80972222222222,0.0,0.0593055555555555,0.0,11.0,0.0,14.300000000000002,0.0,100.0,0.0,0.57,0.0,-1.6000000000000003,0.0,-1.6000000000000003,0.0,64.7,0.0,0.0,0.0
2025-01-30 00:00:00+00:00,214.0,0.0,0.9633802816901408,0.0,1.467605633802817,0.0,96.85915492957749,0.0,0.0359154929577464,0.0,8.5,0.0,11.300000000000002,0.0,100.0,0.0,0.25,0.0,-2.7999999999999994,0.0,-2.7999999999999994,0.0,79.8,0.0,0.0,0.0
2025-01-31 00:00:00+00:00,215.0,0.0,1.5375000000000003,0.0,1.6708333333333334,0.0,99.12361111111109,0.0,0.0090277777777777,0.0,8.8,0.0,10.699999999999998,0.0,100.0,0.0,0.15,0.0,-3.6,0.0,-3.6,0.0,88.09999999999998,0.0,0.0,0.0
2025-02-01 00:00:00+00:00,216.0,0.0,3.818055555555555,0.0,3.818055555555555,0.0,100.0,0.0,0.0,0.0,6.7,0.0,6.7,0.0,100.0,0.0,0.0,0.0,2.0,0.0,2.0,0.0,100.0,0.0,0.0,0.0
2025-02-02 00:00:00+00:00,217.0,0.0,2.6380281690140848,0.0,2.897183098591549,0.0,98.39295774647888,0.0,0.0212676056338028,0.0,11.800000000000002,0.0,13.5,0.0,100.0,0.0,0.24,0.0,-2.0,0.0,-2.0,0.0,81.3,0.0,0.0,0.0
2025-02-03 00:00:00+00:00,218.0,0.0,1.0661971830985917,0.0,2.315492957746479,0.0,93.29295774647888,0.0,0.1009859154929577,0.0,11.4,0.0,15.5,0.0,100.0,0.0,0.87,0.0,-3.1,0.0,-3.1,0.0,49.29999999999999,0.0,0.0,0.0
2025-02-04 00:00:00+00:00,219.0,0.0,0.7154929577464788,0.0,2.2845070422535207,0.0,91.65633802816903,0.0,0.12,0.0,10.699999999999998,0.0,15.6,0.0,100.0,0.0,0.9499999999999998,0.0,-3.7999999999999994,0.0,-3.7999999999999994,0.0,46.4,0.0,0.0,0.0
2025-02-05 00:00:00+00:00,220.0,0.0,-0.8208333333333333,0.0,1.8833333333333335,0.0,86.44722222222224,0.0,0.19680555555555554,0.0,5.599999999999999,0.0,16.5,0.0,100.0,0.0,1.11,0.0,-4.1,0.0,-4.1,0.0,41.0,0.0,0.0,0.0
2025-02-06 00:00:00+00:00,221.0,0.0,-1.2680555555555555,0.0,1.4041666666666666,0.0,86.04861111111113,0.0,0.1829166666666666,0.0,5.599999999999999,0.0,14.800000000000002,0.0,100.0,0.0,0.91,0.0,-4.9,0.0,-4.9,0.0,45.70000000000001,0.0,0.0,0.0
2025-02-07 00:00:00+00:00,222.0,0.0,-1.4166666666666667,0.0,0.0930555555555555,0.0,91.07638888888887,0.0,0.08749999999999998,0.0,3.4,0.0,10.3,0.0,100.0,0.0,0.47,0.0,-5.1,0.0,-5.1,0.0,61.79999999999999,0.0,0.0,0.0
2025-02-08 00:00:00+00:00,223.0,0.0,0.9,0.0,2.091549295774648,0.0,92.36338028169014,0.0,0.0629577464788732,0.0,2.5,0.0,5.599999999999999,0.0,100.0,0.0,0.20000000000000004,0.0,-1.1,0.0,-1.1,0.0,78.3,0.0,0.0,0.0
2025-02-09 00:00:00+00:00,224.0,0.0,2.9599999999999995,0.0,2.9599999999999995,0.0,100.0,0.0,0.0,0.0,5.0,0.0,5.0,0.0,100.0,0.0,0.0,0.0,1.3,0.0,1.3,0.0,100.0,0.0,0.0,0.0
2025-02-10 00:00:00+00:00,225.0,0.0,6.142253521126761,0.0,6.174647887323943,0.0,99.78028169014084,0.0,0.0025352112676056,0.0,11.800000000000002,0.0,12.0,0.0,100.0,0.0,0.06,0.0,3.2999999999999994,0.0,3.2999999999999994,0.0,95.2,0.0,0.0,0.0
2025-02-11 00:00:00+00:00,226.0,0.0,6.63611111111111,0.0,7.001388888888889,0.0,97.68194444444445,0.0,0.0288888888888888,0.0,9.1,0.0,10.800000000000002,0.0,100.0,0.0,0.15,0.0,5.0,0.0,5.0,0.0,88.2,0.0,0.0,0.0
2025-02-12 00:00:00+00:00,227.0,0.0,6.8366197183098585,0.0,6.904225352112676,0.0,99.54647887323944,0.0,0.0054929577464787995,0.0,11.4,0.0,12.300000000000002,0.0,100.0,0.0,0.08,0.0,4.7,0.0,4.7,0.0,93.90000000000002,0.0,0.0,0.0
2025-02-13 00:00:00+00:00,228.0,0.0,6.425352112676056,0.0,6.68169014084507,0.0,98.37605633802816,0.0,0.0183098591549295,0.0,8.6,0.0,9.4,0.0,100.0,0.0,0.12,0.0,5.5,0.0,5.5,0.0,90.09999999999998,0.0,0.0,0.0
2025-02-14 00:00:00+00:00,229.0,0.0,3.101388888888889,0.0,3.5194444444444444,0.0,97.44166666666666,0.0,0.025000000000000005,0.0,5.900000000000001,0.0,7.7,0.0,100.0,0.0,0.3,0.0,-2.1,0.0,-2.1,0.0,68.6,0.0,0.0,0.0
2025-02-15 00:00:00+00:00,230.0,0.0,-1.8486111111111108,0.0,1.6097222222222218,0.0,83.15555555555555,0.0,0.22125000000000003,0.0,6.7,0.0,14.699999999999998,0.0,100.0,0.0,1.0,0.0,-4.7,0.0,-4.7,0.0,40.0,0.0,0.0,0.0
2025-02-16 00:00:00+00:00,231.0,0.0,-0.2916666666666667,0.0,1.9236111111111114,0.0,87.74444444444445,0.0,0.1440277777777777,0.0,4.2,0.0,12.5,0.0,100.0,0.0,0.67,0.0,-3.7999999999999994,0.0,-3.7999999999999994,0.0,53.5,0.0,0.0,0.0
2025-02-17 00:00:00+00:00,232.0,0.0,0.2708333333333333,0.0,2.238888888888889,0.0,88.10833333333333,0.0,0.1109722222222222,0.0,3.5,0.0,10.699999999999998,0.0,100.0,0.0,0.52,0.0,-4.0,0.0,-4.0,0.0,59.29999999999999,0.0,0.0,0.0
2025-02-18 00:00:00+00:00,233.0,0.0,-0.5,0.0,2.5971830985915494,0.0,81.74929577464789,0.0,0.1701408450704225,0.0,2.6,0.0,11.300000000000002,0.0,100.0,0.0,0.6,0.0,-3.7000000000000006,0.0,-3.7000000000000006,0.0,54.9,0.0,0.0,0.0
2025-02-19 00:00:00+00:00,234.0,0.0,-1.971830985915493,0.0,-0.2563380281690141,0.0,89.45915492957745,0.0,0.0838028169014084,0.0,0.4000000000000001,0.0,5.5,0.0,100.0,0.0,0.29,0.0,-4.4,0.0,-4.4,0.0,68.2,0.0,0.0,0.0
2025-02-20 00:00:00+00:00,235.0,0.0,-0.901388888888889,0.0,1.7708333333333333,0.0,86.01805555555556,0.0,0.1830555555555555,0.0,4.3,0.0,14.4,0.0,100.0,0.0,0.86,0.0,-4.8,0.0,-4.8,0.0,47.4,0.0,0.0,0.0
2025-02-21 00:00:00+00:00,236.0,0.0,0.2464788732394366,0.0,3.249295774647887,0.0,84.45070422535211,0.0,0.22943661971830984,0.0,5.7,0.0,16.4,0.0,100.0,0.0,0.9899999999999999,0.0,-4.4,0.0,-4.4,0.0,47.1,0.0,0.0,0.0
2025-02-22 00:00:00+00:00,237.0,0.0,1.3722222222222225,0.0,3.095833333333333,0.0,90.19444444444444,0.0,0.1266666666666666,0.0,6.7,0.0,13.300000000000002,0.0,100.0,0.0,0.6,0.0,-3.7000000000000006,0.0,-3.7000000000000006,0.0,60.70000000000001,0.0,0.0,0.0
2025-02-23 00:00:00+00:00,238.0,0.0,3.459722222222222,0.0,5.465277777777778,0.0,88.95555555555556,0.0,0.1666666666666666,0.0,8.8,0.0,17.1,0.0,100.0,0.0,0.84,0.0,-1.7,0.0,-1.7,0.0,56.4,0.0,0.0,0.0
2025-02-24 00:00:00+00:00,239.0,0.0,4.401388888888889,0.0,6.205555555555556,0.0,89.97222222222223,0.0,0.1573611111111111,0.0,9.5,0.0,18.1,0.0,100.0,0.0,0.92,0.0,-1.0,0.0,-1.0,0.0,55.6,0.0,0.0,0.0
2025-02-25 00:00:00+00:00,240.0,0.0,6.685915492957746,0.0,7.377464788732394,0.0,95.94647887323943,0.0,0.058169014084507,0.0,10.0,0.0,14.5,0.0,100.0,0.0,0.44,0.0,3.1,0.0,3.1,0.0,73.2,0.0,0.0,0.0
2025-02-26 00:00:00+00:00,241.0,0.0,6.540277777777778,0.0,6.540277777777778,0.0,100.0,0.0,0.0,0.0,8.6,0.0,8.6,0.0,100.0,0.0,0.0,0.0,5.2,0.0,5.2,0.0,100.0,0.0,0.0,0.0
2025-02-27 00:00:00+00:00,242.0,0.0,5.471830985915493,0.0,8.690140845070422,0.0,84.38591549295774,0.0,0.2859154929577465,0.0,14.0,0.0,19.2,0.0,100.0,0.0,1.27,0.0,3.2000000000000006,0.0,3.2000000000000006,0.0,42.2,0.0,0.0,0.0
2025-02-28 00:00:00+00:00,243.0,0.0,4.25,0.0,7.6930555555555555,0.0,81.20277777777778,0.0,0.2593055555555555,0.0,7.900000000000001,0.0,18.0,0.0,100.0,0.0,1.16,0.0,1.6000000000000003,0.0,1.6000000000000003,0.0,43.79999999999999,0.0,0.0,0.0
2025-03-01 00:00:00+00:00,244.0,0.0,3.058333333333333,0.0,6.201388888888889,0.0,82.40555555555555,0.0,0.2227777777777777,0.0,6.400000000000001,0.0,17.1,0.0,100.0,0.0,0.9899999999999999,0.0,-0.5,0.0,-0.5,0.0,49.4,0.0,0.0,0.0
2025-03-02 00:00:00+00:00,245.0,0.0,-0.04366197183098589,0.0,4.828169014084507,0.0,77.47183098591549,0.0,0.37126760563380284,0.0,5.8,0.0,19.1,0.0,100.0,0.0,1.43,0.0,-3.2000000000000006,0.0,-3.2000000000000006,0.0,29.7,0.0,0.0,0.0
2025-03-03 00:00:00+00:00,246.0,0.0,0.1888888888888888,0.0,5.279166666666667,0.0,76.98194444444444,0.0,0.4130555555555555,0.0,6.5,0.0,20.6,0.0,100.0,0.0,1.66,0.0,-4.2,0.0,-4.2,0.0,30.7,0.0,0.0,0.0
2025-03-04 00:00:00+00:00,247.0,0.0,0.6722222222222222,0.0,5.998611111111111,0.0,75.97777777777777,0.0,0.4569444444444444,0.0,6.099999999999999,0.0,22.0,0.0,100.0,0.0,1.8500000000000003,0.0,-3.6,0.0,-3.6,0.0,28.5,0.0,0.0,0.0
2025-03-05 00:00:00+00:00,248.0,0.0,1.167605633802817,0.0,7.022535211267606,0.0,73.97464788732394,0.0,0.5242253521126761,0.0,5.7,0.0,23.399999999999995,0.0,100.0,0.0,2.04,0.0,-3.4,0.0,-3.4,0.0,28.7,0.0,0.0,0.0
2025-03-06 00:00:00+00:00,249.0,0.0,1.156338028169014,0.0,6.905633802816902,0.0,74.45915492957747,0.0,0.5108450704225352,0.0,5.5,0.0,23.5,0.0,100.0,0.0,2.06,0.0,-3.1,0.0,-3.1,0.0,29.0,0.0,0.0,0.0
2025-03-07 00:00:00+00:00,250.0,0.0,1.0285714285714285,0.0,8.124489795918368,0.0,70.13877551020408,0.0,0.6357142857142857,0.0,6.5,0.0,21.7,0.0,100.0,0.0,1.83,0.0,-3.1,0.0,-3.1,0.0,29.399999999999995,0.0,0.0,0.0
