receivedAt,Unnamed: 0_mean,Unnamed: 0_std,dewpoint_mean_mean,dewpoint_mean_std,temperature_mean_mean,temperature_mean_std,humidity_mean_mean,humidity_mean_std,vaporPressureDeficit_mean_mean,vaporPressureDeficit_mean_std,dewpoint_max_mean,dewpoint_max_std,temperature_max_mean,temperature_max_std,humidity_max_mean,humidity_max_std,vaporPressureDeficit_max_mean,vaporPressureDeficit_max_std,dewpoint_min_mean,dewpoint_min_std,temperature_min_mean,temperature_min_std,humidity_min_mean,humidity_min_std,vaporPressureDeficit_min_mean,vaporPressureDeficit_min_std,t_above_threshold_mean,t_above_threshold_std
2024-06-30 00:00:00+00:00,0.0,0.0,15.75,0.0,17.733333333333334,0.0,88.33333333333333,0.0,0.2383333333333333,0.0,15.800000000000002,0.0,18.0,0.0,89.55000000000001,0.0,0.265,0.0,15.699999999999998,0.0,17.5,0.0,87.2,0.0,0.21,0.0,0.0,0.0
2024-07-01 00:00:00+00:00,1.0,0.0,16.537499999999998,0.0,20.57361111111111,0.0,79.90138888888889,0.0,0.655,0.0,17.0875,0.0,21.445833333333336,0.0,81.98333333333333,0.0,0.7654166666666667,0.0,16.125,0.0,19.8875,0.0,77.63333333333334,0.0,0.5604166666666667,0.0,0.0,0.0
2024-07-02 00:00:00+00:00,2.0,0.0,15.790277777777776,0.0,22.74722222222222,0.0,68.99027777777778,0.0,1.1595833333333332,0.0,16.358333333333334,0.0,23.712499999999995,0.0,71.73333333333333,0.0,1.3329166666666667,0.0,15.2125,0.0,21.774999999999995,0.0,66.24166666666666,0.0,0.9883333333333332,0.0,0.0,0.0
2024-07-03 00:00:00+00:00,3.0,0.0,15.043055555555556,0.0,18.727777777777774,0.0,80.8013888888889,0.0,0.4972222222222222,0.0,15.333333333333334,0.0,19.241666666666667,0.0,82.57083333333334,0.0,0.5670833333333333,0.0,14.741666666666667,0.0,18.275,0.0,78.83749999999999,0.0,0.4345833333333333,0.0,0.0,0.0
2024-07-04 00:00:00+00:00,4.0,0.0,15.197222222222225,0.0,22.075,0.0,69.40416666666667,0.0,1.15125,0.0,15.758333333333333,0.0,22.870833333333334,0.0,72.02916666666667,0.0,1.2954166666666669,0.0,14.566666666666668,0.0,21.275,0.0,66.675,0.0,1.0033333333333332,0.0,0.0,0.0
2024-07-05 00:00:00+00:00,5.0,0.0,16.481944444444444,0.0,23.191666666666663,0.0,69.81527777777778,0.0,1.2045833333333331,0.0,16.95416666666667,0.0,23.866666666666664,0.0,72.08333333333333,0.0,1.33625,0.0,15.975,0.0,22.52916666666667,0.0,67.41250000000001,0.0,1.0879166666666666,0.0,0.0,0.0
2024-07-06 00:00:00+00:00,6.0,0.0,17.789583333333333,0.0,23.178472222222226,0.0,73.55277777777778,0.0,0.9148611111111112,0.0,18.27083333333333,0.0,24.03333333333333,0.0,75.925,0.0,1.0633333333333332,0.0,17.295833333333334,0.0,22.412500000000005,0.0,70.91250000000001,0.0,0.7725,0.0,0.0,0.0
2024-07-07 00:00:00+00:00,7.0,0.0,17.8625,0.0,21.479166666666668,0.0,80.71527777777779,0.0,0.5519444444444445,0.0,18.370833333333334,0.0,22.27083333333333,0.0,82.88333333333334,0.0,0.6466666666666666,0.0,17.420833333333334,0.0,20.75,0.0,78.75416666666666,0.0,0.45625,0.0,0.0,0.0
2024-07-08 00:00:00+00:00,8.0,0.0,18.4375,0.0,24.126388888888886,0.0,74.04652777777778,0.0,1.1036805555555556,0.0,18.979166666666668,0.0,24.875,0.0,76.24583333333334,0.0,1.25125,0.0,18.04583333333333,0.0,23.479166666666668,0.0,71.72083333333333,0.0,0.98375,0.0,0.0,0.0
2024-07-09 00:00:00+00:00,9.0,0.0,18.820833333333333,0.0,24.59861111111111,0.0,73.35000000000001,0.0,1.1222222222222222,0.0,19.254166666666663,0.0,25.3875,0.0,75.92083333333333,0.0,1.2866666666666666,0.0,18.441666666666663,0.0,23.741666666666664,0.0,70.97916666666667,0.0,0.9554166666666668,0.0,0.0,0.0
2024-07-10 00:00:00+00:00,10.0,0.0,19.8125,0.0,26.94861111111111,0.0,69.18333333333334,0.0,1.561388888888889,0.0,20.29583333333333,0.0,27.758333333333336,0.0,71.39166666666667,0.0,1.7354166666666666,0.0,19.329166666666666,0.0,26.22083333333333,0.0,67.14583333333333,0.0,1.3949999999999998,0.0,1.9486111111111093,0.0
2024-07-11 00:00:00+00:00,11.0,0.0,20.641666666666666,0.0,27.529861111111117,0.0,69.47569444444444,0.0,1.5361805555555554,0.0,21.029166666666665,0.0,28.2375,0.0,71.65416666666667,0.0,1.694583333333333,0.0,20.2625,0.0,26.791666666666668,0.0,67.32916666666667,0.0,1.379166666666667,0.0,2.5298611111111136,0.0
2024-07-12 00:00:00+00:00,12.0,0.0,18.90972222222222,0.0,23.243749999999995,0.0,78.07847222222223,0.0,0.7388194444444444,0.0,19.34583333333333,0.0,24.27083333333333,0.0,80.8625,0.0,0.8958333333333334,0.0,18.495833333333334,0.0,22.337499999999995,0.0,74.90833333333333,0.0,0.5954166666666666,0.0,0.0,0.0
2024-07-13 00:00:00+00:00,13.0,0.0,18.888194444444444,0.0,25.552777777777777,0.0,69.88055555555556,0.0,1.3158333333333334,0.0,19.375,0.0,26.2625,0.0,72.08333333333333,0.0,1.47625,0.0,18.39583333333333,0.0,24.8125,0.0,67.35416666666667,0.0,1.17625,0.0,0.0,0.0
2024-07-14 00:00:00+00:00,14.0,0.0,18.820833333333333,0.0,25.41111111111111,0.0,70.59861111111111,0.0,1.353611111111111,0.0,19.291666666666668,0.0,26.09166666666667,0.0,72.83749999999999,0.0,1.4895833333333333,0.0,18.329166666666666,0.0,24.745833333333334,0.0,68.1125,0.0,1.2145833333333331,0.0,0.0,0.0
2024-07-15 00:00:00+00:00,15.0,0.0,18.95208333333333,0.0,26.070833333333336,0.0,69.42222222222223,0.0,1.5160416666666665,0.0,19.4,0.0,26.649999999999995,0.0,71.45833333333333,0.0,1.6391666666666664,0.0,18.5125,0.0,25.42083333333333,0.0,67.44583333333334,0.0,1.382083333333333,0.0,1.0708333333333364,0.0
2024-07-16 00:00:00+00:00,16.0,0.0,19.75555555555556,0.0,26.55972222222222,0.0,69.86111111111111,0.0,1.4619444444444445,0.0,20.308333333333334,0.0,27.412500000000005,0.0,72.32916666666667,0.0,1.6120833333333333,0.0,19.22083333333333,0.0,25.72083333333333,0.0,67.4875,0.0,1.3008333333333333,0.0,1.55972222222222,0.0
2024-07-17 00:00:00+00:00,17.0,0.0,20.08888888888889,0.0,25.429166666666664,0.0,74.65416666666667,0.0,1.0648611111111113,0.0,20.716666666666665,0.0,26.537500000000005,0.0,77.60000000000001,0.0,1.2666666666666666,0.0,19.620833333333334,0.0,24.3875,0.0,71.70416666666667,0.0,0.8641666666666666,0.0,0.0,0.0
2024-07-18 00:00:00+00:00,18.0,0.0,20.216666666666665,0.0,27.13055555555556,0.0,70.125,0.0,1.5481944444444444,0.0,20.725,0.0,27.879166666666663,0.0,72.21666666666667,0.0,1.7025,0.0,19.766666666666666,0.0,26.445833333333336,0.0,68.06666666666668,0.0,1.4191666666666667,0.0,2.1305555555555564,0.0
2024-07-19 00:00:00+00:00,19.0,0.0,19.709722222222226,0.0,24.47083333333333,0.0,77.87083333333334,0.0,0.9977777777777778,0.0,20.10833333333333,0.0,25.041666666666668,0.0,79.99583333333334,0.0,1.1025,0.0,19.354166666666668,0.0,23.899999999999995,0.0,75.82916666666667,0.0,0.8929166666666667,0.0,0.0,0.0
2024-07-20 00:00:00+00:00,20.0,0.0,18.916666666666668,0.0,23.222222222222225,0.0,78.96111111111111,0.0,0.7981944444444444,0.0,19.35,0.0,24.120833333333334,0.0,81.3,0.0,0.9499999999999998,0.0,18.491666666666667,0.0,22.337499999999995,0.0,76.66250000000001,0.0,0.6491666666666667,0.0,0.0,0.0
2024-07-21 00:00:00+00:00,21.0,0.0,19.904166666666665,0.0,25.105555555555554,0.0,75.53472222222221,0.0,1.0558333333333334,0.0,20.35,0.0,26.016666666666666,0.0,79.05416666666666,0.0,1.24375,0.0,19.45833333333333,0.0,24.129166666666663,0.0,72.47500000000001,0.0,0.8454166666666666,0.0,0.0,0.0
2024-07-22 00:00:00+00:00,22.0,0.0,20.86458333333333,0.0,24.28333333333333,0.0,81.92083333333333,0.0,0.619375,0.0,21.35833333333333,0.0,25.229166666666668,0.0,84.31666666666666,0.0,0.7620833333333333,0.0,20.383333333333333,0.0,23.29583333333333,0.0,79.27083333333333,0.0,0.4883333333333333,0.0,0.0,0.0
2024-07-23 00:00:00+00:00,23.0,0.0,19.904166666666665,0.0,23.45138888888889,0.0,81.70833333333333,0.0,0.6397222222222222,0.0,20.308333333333334,0.0,24.45833333333333,0.0,85.10000000000001,0.0,0.8233333333333334,0.0,19.5125,0.0,22.508333333333336,0.0,78.425,0.0,0.46875,0.0,0.0,0.0
2024-07-24 00:00:00+00:00,24.0,0.0,19.184722222222224,0.0,24.563888888888886,0.0,75.16805555555555,0.0,1.0752777777777778,0.0,19.625,0.0,25.25,0.0,77.75833333333334,0.0,1.2154166666666668,0.0,18.7875,0.0,23.72083333333333,0.0,72.83333333333333,0.0,0.89875,0.0,0.0,0.0
2024-07-25 00:00:00+00:00,25.0,0.0,19.97222222222222,0.0,25.016666666666666,0.0,75.19166666666666,0.0,0.94375,0.0,20.4375,0.0,25.899999999999995,0.0,78.12083333333334,0.0,1.13125,0.0,19.529166666666665,0.0,24.133333333333336,0.0,71.86666666666666,0.0,0.77875,0.0,0.0,0.0
2024-07-26 00:00:00+00:00,26.0,0.0,20.07361111111111,0.0,26.14583333333333,0.0,70.78888888888889,0.0,1.180625,0.0,20.616666666666667,0.0,26.954166666666666,0.0,74.74166666666666,0.0,1.42,0.0,19.508333333333333,0.0,25.304166666666664,0.0,67.3125,0.0,0.9220833333333333,0.0,1.145833333333332,0.0
2024-07-27 00:00:00+00:00,27.0,0.0,21.211111111111112,0.0,26.462499999999995,0.0,75.18472222222222,0.0,1.0963888888888889,0.0,21.854166666666668,0.0,27.33333333333333,0.0,79.46666666666667,0.0,1.3687499999999997,0.0,20.529166666666665,0.0,25.5125,0.0,70.70833333333333,0.0,0.8441666666666667,0.0,1.462500000000002,0.0
2024-07-28 00:00:00+00:00,28.0,0.0,21.99652777777777,0.0,26.31041666666667,0.0,79.28958333333334,0.0,0.9492361111111111,0.0,22.508333333333336,0.0,27.23333333333333,0.0,82.39166666666667,0.0,1.18625,0.0,21.445833333333336,0.0,25.433333333333334,0.0,75.62083333333334,0.0,0.7525,0.0,1.3104166666666686,0.0
2024-07-29 00:00:00+00:00,29.0,0.0,21.44305555555556,0.0,25.940277777777776,0.0,78.13194444444444,0.0,0.9368055555555556,0.0,21.837499999999995,0.0,26.70833333333333,0.0,80.91250000000001,0.0,1.10875,0.0,21.058333333333334,0.0,25.212499999999995,0.0,75.49583333333334,0.0,0.7579166666666667,0.0,0.0,0.0
2024-07-30 00:00:00+00:00,30.0,0.0,21.791666666666668,0.0,25.469444444444445,0.0,81.97361111111111,0.0,0.7780555555555555,0.0,22.1875,0.0,26.258333333333336,0.0,85.52916666666665,0.0,0.9720833333333334,0.0,21.416666666666668,0.0,24.566666666666663,0.0,78.825,0.0,0.56625,0.0,0.0,0.0
2024-07-31 00:00:00+00:00,31.0,0.0,22.979166666666668,0.0,25.99236111111111,0.0,84.88819444444444,0.0,0.6697222222222222,0.0,23.45,0.0,26.695833333333336,0.0,87.17083333333333,0.0,0.82125,0.0,22.475000000000005,0.0,25.229166666666668,0.0,82.35416666666667,0.0,0.5295833333333334,0.0,0.0,0.0
2024-08-01 00:00:00+00:00,32.0,0.0,21.089583333333334,0.0,23.88888888888889,0.0,85.45069444444444,0.0,0.5407638888888889,0.0,21.758333333333336,0.0,24.59583333333333,0.0,88.175,0.0,0.6687500000000001,0.0,20.45833333333333,0.0,23.179166666666664,0.0,82.92083333333333,0.0,0.4054166666666667,0.0,0.0,0.0
2024-08-02 00:00:00+00:00,33.0,0.0,19.95138888888889,0.0,22.25,0.0,87.39861111111111,0.0,0.39666666666666667,0.0,20.48333333333333,0.0,22.962499999999995,0.0,88.96666666666665,0.0,0.4675,0.0,19.45416666666667,0.0,21.579166666666666,0.0,85.77916666666665,0.0,0.3308333333333333,0.0,0.0,0.0
2024-08-03 00:00:00+00:00,34.0,0.0,20.154166666666665,0.0,23.22361111111111,0.0,83.85000000000001,0.0,0.54625,0.0,20.758333333333333,0.0,24.229166666666668,0.0,86.37916666666666,0.0,0.7129166666666666,0.0,19.54583333333333,0.0,22.375,0.0,80.97916666666667,0.0,0.41375,0.0,0.0,0.0
2024-08-04 00:00:00+00:00,35.0,0.0,20.356944444444444,0.0,23.873611111111117,0.0,81.27499999999999,0.0,0.6131944444444445,0.0,20.85833333333333,0.0,24.78333333333333,0.0,84.075,0.0,0.7666666666666666,0.0,19.90833333333333,0.0,23.100000000000005,0.0,78.22083333333333,0.0,0.4845833333333333,0.0,0.0,0.0
2024-08-05 00:00:00+00:00,36.0,0.0,21.459722222222226,0.0,25.162500000000005,0.0,81.24861111111112,0.0,0.7494444444444444,0.0,22.27083333333333,0.0,26.04583333333333,0.0,84.08333333333333,0.0,0.9812499999999998,0.0,20.695833333333333,0.0,24.162500000000005,0.0,77.3,0.0,0.56375,0.0,0.0,0.0
2024-08-06 00:00:00+00:00,37.0,0.0,21.093055555555555,0.0,25.85972222222222,0.0,77.12777777777778,0.0,1.0084722222222222,0.0,21.829166666666666,0.0,26.604166666666668,0.0,81.11666666666666,0.0,1.2325000000000002,0.0,20.504166666666663,0.0,25.191666666666663,0.0,73.52916666666667,0.0,0.7741666666666668,0.0,0.0,0.0
2024-08-07 00:00:00+00:00,38.0,0.0,18.87638888888889,0.0,21.90138888888889,0.0,84.63194444444444,0.0,0.5641666666666666,0.0,19.629166666666663,0.0,22.587499999999995,0.0,87.77499999999999,0.0,0.7012499999999999,0.0,18.266666666666666,0.0,21.225,0.0,81.9875,0.0,0.41625,0.0,0.0,0.0
2024-08-08 00:00:00+00:00,39.0,0.0,19.846527777777776,0.0,23.92638888888889,0.0,80.61041666666667,0.0,0.8324305555555557,0.0,20.70833333333333,0.0,24.60833333333333,0.0,84.9875,0.0,1.0433333333333332,0.0,19.066666666666663,0.0,23.2,0.0,76.81666666666666,0.0,0.5962500000000001,0.0,0.0,0.0
2024-08-09 00:00:00+00:00,40.0,0.0,21.42222222222222,0.0,25.25,0.0,82.28611111111111,0.0,0.8852777777777777,0.0,22.1125,0.0,25.941666666666663,0.0,85.25416666666666,0.0,1.05125,0.0,20.7875,0.0,24.52916666666667,0.0,79.71249999999999,0.0,0.6970833333333334,0.0,0.0,0.0
2024-08-10 00:00:00+00:00,41.0,0.0,22.199305555555554,0.0,26.152430555555554,0.0,81.41701388888889,0.0,0.9333680555555556,0.0,22.58333333333333,0.0,26.729166666666668,0.0,83.04583333333333,0.0,1.035,0.0,21.8125,0.0,25.52083333333333,0.0,79.9375,0.0,0.8233333333333334,0.0,1.1524305555555543,0.0
2024-08-11 00:00:00+00:00,42.0,0.0,23.355555555555554,0.0,26.659722222222225,0.0,83.21666666666667,0.0,0.7594444444444445,0.0,23.8125,0.0,27.2625,0.0,84.78750000000001,0.0,0.8516666666666667,0.0,22.829166666666666,0.0,26.05,0.0,81.47916666666667,0.0,0.67125,0.0,1.659722222222225,0.0
2024-08-12 00:00:00+00:00,43.0,0.0,22.82777777777778,0.0,26.17361111111111,0.0,82.87361111111112,0.0,0.7286111111111112,0.0,23.479166666666668,0.0,26.90833333333333,0.0,85.175,0.0,0.8691666666666666,0.0,22.1375,0.0,25.462499999999995,0.0,80.3,0.0,0.6041666666666666,0.0,1.1736111111111107,0.0
2024-08-13 00:00:00+00:00,44.0,0.0,20.60555555555556,0.0,24.67361111111111,0.0,80.52777777777779,0.0,0.857361111111111,0.0,21.1,0.0,25.6125,0.0,83.26666666666667,0.0,1.015,0.0,20.104166666666668,0.0,23.820833333333336,0.0,77.71666666666667,0.0,0.7029166666666667,0.0,0.0,0.0
2024-08-14 00:00:00+00:00,45.0,0.0,19.479166666666668,0.0,20.72083333333333,0.0,92.90833333333336,0.0,0.2018055555555555,0.0,20.066666666666663,0.0,21.495833333333334,0.0,93.92916666666667,0.0,0.2545833333333333,0.0,19.008333333333333,0.0,20.09583333333333,0.0,91.67916666666667,0.0,0.1608333333333333,0.0,0.0,0.0
2024-08-15 00:00:00+00:00,46.0,0.0,20.086111111111112,0.0,22.76944444444445,0.0,85.99722222222222,0.0,0.5116666666666667,0.0,20.78333333333333,0.0,23.579166666666666,0.0,88.10000000000001,0.0,0.6354166666666666,0.0,19.3375,0.0,22.0,0.0,83.10416666666667,0.0,0.4145833333333333,0.0,0.0,0.0
2024-08-16 00:00:00+00:00,47.0,0.0,21.15833333333333,0.0,24.15833333333333,0.0,85.15416666666667,0.0,0.6223611111111111,0.0,21.808333333333334,0.0,24.962499999999995,0.0,87.86666666666667,0.0,0.7833333333333333,0.0,20.4875,0.0,23.2625,0.0,81.76666666666667,0.0,0.4795833333333333,0.0,0.0,0.0
2024-08-17 00:00:00+00:00,48.0,0.0,20.648611111111112,0.0,23.337499999999995,0.0,86.06388888888888,0.0,0.5251388888888889,0.0,21.179166666666667,0.0,23.945833333333336,0.0,88.60833333333333,0.0,0.63625,0.0,20.054166666666667,0.0,22.6125,0.0,83.71249999999999,0.0,0.4016666666666666,0.0,0.0,0.0
2024-08-18 00:00:00+00:00,49.0,0.0,19.01111111111111,0.0,20.76805555555556,0.0,90.5791666666667,0.0,0.3093055555555555,0.0,19.629166666666663,0.0,21.712499999999995,0.0,92.59999999999998,0.0,0.41083333333333333,0.0,18.466666666666665,0.0,19.85,0.0,88.60416666666667,0.0,0.21291666666666656,0.0,0.0,0.0
2024-08-19 00:00:00+00:00,50.0,0.0,18.56388888888889,0.0,19.5375,0.0,94.34999999999998,0.0,0.1429166666666666,0.0,18.820833333333333,0.0,19.916666666666668,0.0,95.0,0.0,0.1729166666666667,0.0,18.3,0.0,19.2,0.0,93.425,0.0,0.1216666666666666,0.0,0.0,0.0
2024-08-20 00:00:00+00:00,51.0,0.0,19.32361111111111,0.0,22.11180555555556,0.0,85.3875,0.0,0.4786805555555555,0.0,19.9375,0.0,22.766666666666666,0.0,87.90416666666665,0.0,0.5675,0.0,18.85833333333333,0.0,21.554166666666664,0.0,83.25,0.0,0.3812499999999999,0.0,0.0,0.0
2024-08-21 00:00:00+00:00,52.0,0.0,21.811111111111117,0.0,25.425,0.0,81.39027777777778,0.0,0.757361111111111,0.0,22.416666666666668,0.0,26.183333333333334,0.0,83.68333333333334,0.0,0.8904166666666667,0.0,21.14583333333333,0.0,24.516666666666666,0.0,79.02916666666667,0.0,0.6308333333333334,0.0,0.0,0.0
2024-08-22 00:00:00+00:00,53.0,0.0,20.631944444444446,0.0,24.19305555555556,0.0,81.40833333333333,0.0,0.6604166666666667,0.0,21.183333333333334,0.0,25.041666666666668,0.0,83.94583333333334,0.0,0.8145833333333333,0.0,20.04583333333333,0.0,23.42083333333333,0.0,78.47083333333333,0.0,0.5325,0.0,0.0,0.0
2024-08-23 00:00:00+00:00,54.0,0.0,21.337499999999995,0.0,24.55555555555556,0.0,83.56944444444444,0.0,0.6727083333333334,0.0,21.779166666666665,0.0,25.2375,0.0,85.50833333333333,0.0,0.7983333333333333,0.0,20.8625,0.0,23.90416666666667,0.0,81.31666666666668,0.0,0.5741666666666666,0.0,0.0,0.0
2024-08-24 00:00:00+00:00,55.0,0.0,21.11875,0.0,24.834722222222226,0.0,81.54305555555555,0.0,0.7813194444444443,0.0,21.59583333333333,0.0,25.554166666666664,0.0,83.80833333333332,0.0,0.9383333333333334,0.0,20.666666666666668,0.0,24.22083333333333,0.0,78.8625,0.0,0.6629166666666667,0.0,0.0,0.0
2024-08-25 00:00:00+00:00,56.0,0.0,20.759722222222223,0.0,24.727777777777774,0.0,80.09861111111111,0.0,0.8091666666666667,0.0,21.604166666666668,0.0,25.53333333333333,0.0,83.46666666666667,0.0,1.0058333333333334,0.0,20.07916666666667,0.0,24.054166666666664,0.0,76.71249999999999,0.0,0.6308333333333334,0.0,0.0,0.0
2024-08-26 00:00:00+00:00,57.0,0.0,18.566666666666663,0.0,22.32777777777778,0.0,81.4263888888889,0.0,0.6627777777777778,0.0,19.304166666666667,0.0,23.17083333333333,0.0,85.91666666666667,0.0,0.85125,0.0,17.85,0.0,21.337499999999995,0.0,77.52916666666667,0.0,0.44625,0.0,0.0,0.0
2024-08-27 00:00:00+00:00,58.0,0.0,18.979166666666668,0.0,20.993055555555557,0.0,89.2986111111111,0.0,0.3634722222222222,0.0,19.541666666666668,0.0,22.0,0.0,91.74583333333334,0.0,0.49499999999999994,0.0,18.429166666666667,0.0,20.02083333333333,0.0,86.78333333333335,0.0,0.23791666666666664,0.0,0.0,0.0
2024-08-28 00:00:00+00:00,59.0,0.0,17.981944444444444,0.0,20.42638888888889,0.0,87.2361111111111,0.0,0.41625,0.0,18.466666666666665,0.0,21.329166666666666,0.0,90.08333333333331,0.0,0.5645833333333333,0.0,17.458333333333332,0.0,19.579166666666666,0.0,83.8875,0.0,0.29375,0.0,0.0,0.0
2024-08-29 00:00:00+00:00,60.0,0.0,18.875,0.0,23.141666666666666,0.0,80.42777777777778,0.0,0.893611111111111,0.0,19.641666666666666,0.0,23.933333333333334,0.0,83.2625,0.0,1.0329166666666667,0.0,18.091666666666665,0.0,22.245833333333334,0.0,77.79166666666667,0.0,0.7341666666666667,0.0,0.0,0.0
2024-08-30 00:00:00+00:00,61.0,0.0,20.829166666666666,0.0,22.883333333333336,0.0,88.89999999999999,0.0,0.39125000000000004,0.0,21.425,0.0,23.83333333333333,0.0,90.69166666666666,0.0,0.4970833333333333,0.0,20.279166666666665,0.0,22.1375,0.0,86.83749999999999,0.0,0.3083333333333333,0.0,0.0,0.0
2024-08-31 00:00:00+00:00,62.0,0.0,20.79930555555556,0.0,23.909722222222225,0.0,83.73402777777777,0.0,0.5729166666666666,0.0,21.504166666666663,0.0,24.72083333333333,0.0,87.12916666666666,0.0,0.6870833333333333,0.0,20.029166666666665,0.0,23.004166666666663,0.0,80.77083333333333,0.0,0.4320833333333333,0.0,0.0,0.0
2024-09-01 00:00:00+00:00,63.0,0.0,19.146527777777777,0.0,21.35833333333333,0.0,88.03888888888889,0.0,0.3605555555555556,0.0,19.67083333333333,0.0,22.1125,0.0,90.46250000000002,0.0,0.45916666666666667,0.0,18.633333333333333,0.0,20.620833333333334,0.0,85.48333333333333,0.0,0.2645833333333333,0.0,0.0,0.0
2024-09-02 00:00:00+00:00,64.0,0.0,18.04722222222222,0.0,19.95833333333333,0.0,89.27638888888889,0.0,0.2968055555555555,0.0,18.616666666666667,0.0,20.83333333333333,0.0,91.40416666666664,0.0,0.3820833333333333,0.0,17.454166666666666,0.0,19.154166666666665,0.0,86.91666666666667,0.0,0.2216666666666666,0.0,0.0,0.0
2024-09-03 00:00:00+00:00,65.0,0.0,17.59027777777778,0.0,19.58055555555556,0.0,89.19722222222221,0.0,0.3209722222222222,0.0,17.945833333333333,0.0,20.479166666666668,0.0,91.8916666666667,0.0,0.45125,0.0,17.191666666666666,0.0,18.75,0.0,85.88333333333333,0.0,0.21875,0.0,0.0,0.0
2024-09-04 00:00:00+00:00,66.0,0.0,17.779166666666665,0.0,18.23055555555556,0.0,97.29722222222222,0.0,0.0706944444444444,0.0,18.141666666666666,0.0,18.620833333333334,0.0,97.85416666666669,0.0,0.0841666666666666,0.0,17.404166666666665,0.0,17.783333333333335,0.0,96.83750000000002,0.0,0.0525,0.0,0.0,0.0
2024-09-05 00:00:00+00:00,67.0,0.0,17.001388888888886,0.0,17.51388888888889,0.0,96.9486111111111,0.0,0.0679166666666666,0.0,17.220833333333335,0.0,17.795833333333334,0.0,97.59999999999998,0.0,0.0829166666666666,0.0,16.808333333333334,0.0,17.220833333333335,0.0,96.375,0.0,0.0499999999999999,0.0,0.0,0.0
2024-09-06 00:00:00+00:00,68.0,0.0,17.961805555555554,0.0,21.054861111111112,0.0,84.35208333333334,0.0,0.5377777777777778,0.0,18.508333333333333,0.0,21.975000000000005,0.0,86.60000000000001,0.0,0.6616666666666667,0.0,17.520833333333332,0.0,20.195833333333333,0.0,82.18333333333334,0.0,0.4187499999999999,0.0,0.0,0.0
2024-09-07 00:00:00+00:00,69.0,0.0,17.4875,0.0,21.73611111111111,0.0,80.05972222222222,0.0,0.8061111111111111,0.0,18.066666666666663,0.0,22.412500000000005,0.0,82.17083333333333,0.0,0.895,0.0,16.966666666666665,0.0,21.03333333333333,0.0,78.20416666666667,0.0,0.7083333333333334,0.0,0.0,0.0
2024-09-08 00:00:00+00:00,70.0,0.0,17.295833333333334,0.0,18.415972222222223,0.0,93.63124999999998,0.0,0.1613888888888889,0.0,17.495833333333334,0.0,18.7,0.0,94.31666666666666,0.0,0.1820833333333333,0.0,17.1125,0.0,18.14583333333333,0.0,92.89583333333331,0.0,0.1408333333333333,0.0,0.0,0.0
2024-09-09 00:00:00+00:00,71.0,0.0,15.799305555555556,0.0,20.440277777777776,0.0,78.46875,0.0,0.7440972222222223,0.0,16.416666666666668,0.0,21.2875,0.0,80.72500000000001,0.0,0.8450000000000001,0.0,15.266666666666666,0.0,19.575,0.0,76.64583333333333,0.0,0.635,0.0,0.0,0.0
2024-09-10 00:00:00+00:00,72.0,0.0,14.009722222222225,0.0,19.5375,0.0,75.31527777777778,0.0,0.91125,0.0,14.416666666666666,0.0,20.183333333333334,0.0,77.3875,0.0,0.9954166666666668,0.0,13.591666666666669,0.0,18.883333333333333,0.0,73.425,0.0,0.8183333333333334,0.0,0.0,0.0
2024-09-11 00:00:00+00:00,73.0,0.0,16.12013888888889,0.0,19.2625,0.0,84.34027777777779,0.0,0.5008333333333334,0.0,16.525000000000002,0.0,19.8875,0.0,86.77083333333333,0.0,0.5933333333333334,0.0,15.691666666666668,0.0,18.59583333333333,0.0,82.22916666666667,0.0,0.4054166666666667,0.0,0.0,0.0
2024-09-12 00:00:00+00:00,74.0,0.0,11.167361111111113,0.0,11.394444444444444,0.0,98.4888888888889,0.0,0.0190277777777777,0.0,11.324999999999998,0.0,11.541666666666666,0.0,98.7333333333333,0.0,0.0220833333333333,0.0,11.012499999999998,0.0,11.25,0.0,98.22916666666669,0.0,0.0158333333333333,0.0,0.0,0.0
2024-09-13 00:00:00+00:00,75.0,0.0,5.945833333333333,0.0,13.747916666666669,0.0,62.03055555555556,0.0,0.6684722222222222,0.0,6.5625,0.0,14.25,0.0,64.325,0.0,0.7245833333333334,0.0,5.354166666666667,0.0,13.233333333333334,0.0,59.79166666666666,0.0,0.6091666666666666,0.0,0.0,0.0
2024-09-14 00:00:00+00:00,76.0,0.0,4.036111111111111,0.0,14.811111111111112,0.0,49.04583333333333,0.0,0.87125,0.0,4.754166666666666,0.0,15.366666666666667,0.0,52.10833333333333,0.0,0.9454166666666669,0.0,3.3166666666666664,0.0,14.316666666666668,0.0,46.01666666666666,0.0,0.80125,0.0,0.0,0.0
2024-09-15 00:00:00+00:00,77.0,0.0,6.183333333333334,0.0,15.426388888888887,0.0,55.25555555555556,0.0,0.8258333333333333,0.0,6.995833333333334,0.0,16.099999999999998,0.0,59.49166666666667,0.0,0.9270833333333334,0.0,5.2375,0.0,14.820833333333333,0.0,51.27916666666667,0.0,0.7225,0.0,0.0,0.0
2024-09-16 00:00:00+00:00,78.0,0.0,7.908333333333334,0.0,14.1875,0.0,67.05972222222222,0.0,0.5790972222222223,0.0,8.495833333333334,0.0,14.875,0.0,70.29583333333333,0.0,0.6541666666666667,0.0,7.375,0.0,13.5625,0.0,63.725,0.0,0.51,0.0,0.0,0.0
2024-09-17 00:00:00+00:00,79.0,0.0,11.228472222222225,0.0,14.558333333333332,0.0,82.07430555555555,0.0,0.3940277777777778,0.0,11.8375,0.0,15.525,0.0,84.67083333333333,0.0,0.48625,0.0,10.554166666666667,0.0,13.675000000000002,0.0,79.375,0.0,0.3104166666666667,0.0,0.0,0.0
2024-09-18 00:00:00+00:00,80.0,0.0,9.635416666666666,0.0,12.111805555555556,0.0,86.39513888888888,0.0,0.2681944444444444,0.0,10.070833333333333,0.0,12.7125,0.0,88.1125,0.0,0.3195833333333333,0.0,9.170833333333333,0.0,11.550000000000002,0.0,84.46666666666667,0.0,0.225,0.0,0.0,0.0
2024-09-19 00:00:00+00:00,81.0,0.0,11.300000000000002,0.0,13.44513888888889,0.0,87.96527777777777,0.0,0.24020833333333327,0.0,11.6625,0.0,13.991666666666667,0.0,89.64999999999999,0.0,0.2799999999999999,0.0,10.954166666666666,0.0,12.883333333333333,0.0,86.41250000000001,0.0,0.1945833333333333,0.0,0.0,0.0
2024-09-20 00:00:00+00:00,82.0,0.0,12.497916666666669,0.0,14.191666666666668,0.0,90.25624999999998,0.0,0.19666666666666663,0.0,12.800000000000002,0.0,14.5875,0.0,91.675,0.0,0.23458333333333328,0.0,12.154166666666669,0.0,13.816666666666668,0.0,88.54166666666667,0.0,0.16125,0.0,0.0,0.0
2024-09-21 00:00:00+00:00,83.0,0.0,13.193055555555555,0.0,14.583333333333334,0.0,92.29375,0.0,0.1774305555555555,0.0,13.65,0.0,15.354166666666666,0.0,94.2333333333333,0.0,0.2466666666666666,0.0,12.824999999999998,0.0,14.012499999999998,0.0,89.9875,0.0,0.1241666666666666,0.0,0.0,0.0
2024-09-22 00:00:00+00:00,84.0,0.0,13.225,0.0,14.463888888888889,0.0,92.87986111111111,0.0,0.1645833333333333,0.0,13.683333333333332,0.0,15.108333333333334,0.0,94.1416666666667,0.0,0.20166666666666658,0.0,12.758333333333333,0.0,13.7875,0.0,91.61666666666667,0.0,0.1291666666666666,0.0,0.0,0.0
2024-09-23 00:00:00+00:00,85.0,0.0,12.955555555555556,0.0,14.327777777777778,0.0,92.21944444444443,0.0,0.17194444444444437,0.0,13.204166666666666,0.0,14.766666666666666,0.0,93.3,0.0,0.20333333333333328,0.0,12.65,0.0,13.862500000000002,0.0,91.1416666666667,0.0,0.1429166666666666,0.0,0.0,0.0
2024-09-24 00:00:00+00:00,86.0,0.0,14.297222222222222,0.0,16.65972222222222,0.0,87.46875,0.0,0.3223611111111111,0.0,14.65,0.0,17.179166666666667,0.0,88.94583333333333,0.0,0.36833333333333335,0.0,13.929166666666667,0.0,16.079166666666666,0.0,86.175,0.0,0.2679166666666667,0.0,0.0,0.0
2024-09-25 00:00:00+00:00,87.0,0.0,13.719444444444443,0.0,15.981944444444444,0.0,87.50972222222221,0.0,0.2925,0.0,14.050000000000002,0.0,16.566666666666666,0.0,89.12083333333334,0.0,0.3441666666666667,0.0,13.354166666666666,0.0,15.391666666666666,0.0,85.95,0.0,0.2420833333333333,0.0,0.0,0.0
2024-09-26 00:00:00+00:00,88.0,0.0,13.788194444444445,0.0,14.887499999999998,0.0,93.28402777777778,0.0,0.11472222222222221,0.0,13.904166666666669,0.0,15.008333333333333,0.0,93.72083333333336,0.0,0.12374999999999999,0.0,13.683333333333332,0.0,14.770833333333334,0.0,92.80833333333334,0.0,0.1058333333333333,0.0,0.0,0.0
2024-09-27 00:00:00+00:00,89.0,0.0,16.553472222222222,0.0,18.56736111111111,0.0,89.41666666666667,0.0,0.3423611111111111,0.0,16.912499999999998,0.0,19.23333333333333,0.0,91.075,0.0,0.4170833333333333,0.0,16.1375,0.0,17.795833333333334,0.0,87.89166666666667,0.0,0.2566666666666666,0.0,0.0,0.0
2024-09-28 00:00:00+00:00,90.0,0.0,11.221527777777778,0.0,15.94375,0.0,77.61736111111111,0.0,0.6026388888888888,0.0,11.85,0.0,16.958333333333332,0.0,80.325,0.0,0.7183333333333333,0.0,10.595833333333331,0.0,14.949999999999998,0.0,74.41250000000001,0.0,0.4895833333333333,0.0,0.0,0.0
2024-09-29 00:00:00+00:00,91.0,0.0,8.718055555555555,0.0,13.709722222222224,0.0,77.02708333333334,0.0,0.6069444444444444,0.0,9.1,0.0,14.4,0.0,79.41666666666667,0.0,0.6904166666666667,0.0,8.237499999999999,0.0,12.9,0.0,74.55,0.0,0.5254166666666666,0.0,0.0,0.0
2024-09-30 00:00:00+00:00,92.0,0.0,10.136111111111113,0.0,12.72777777777778,0.0,85.22222222222221,0.0,0.2513888888888889,0.0,10.35,0.0,13.095833333333331,0.0,86.625,0.0,0.2808333333333333,0.0,9.954166666666667,0.0,12.379166666666668,0.0,83.8875,0.0,0.2220833333333333,0.0,0.0,0.0
2024-10-01 00:00:00+00:00,93.0,0.0,11.390277777777778,0.0,13.294444444444444,0.0,89.03611111111111,0.0,0.2004166666666667,0.0,11.583333333333334,0.0,13.5375,0.0,89.94166666666666,0.0,0.2183333333333333,0.0,11.183333333333332,0.0,13.025,0.0,88.125,0.0,0.18166666666666656,0.0,0.0,0.0
2024-10-02 00:00:00+00:00,94.0,0.0,13.745138888888889,0.0,15.138888888888888,0.0,92.1729166666667,0.0,0.178125,0.0,14.066666666666668,0.0,15.666666666666666,0.0,93.3875,0.0,0.22375,0.0,13.479166666666666,0.0,14.679166666666667,0.0,90.77916666666664,0.0,0.1354166666666666,0.0,0.0,0.0
2024-10-03 00:00:00+00:00,95.0,0.0,10.856944444444444,0.0,11.551736111111111,0.0,95.58541666666666,0.0,0.0608333333333333,0.0,11.025,0.0,11.7125,0.0,95.85416666666669,0.0,0.0641666666666666,0.0,10.720833333333331,0.0,11.425000000000002,0.0,95.31666666666666,0.0,0.0570833333333333,0.0,0.0,0.0
2024-10-04 00:00:00+00:00,96.0,0.0,9.093055555555557,0.0,10.21111111111111,0.0,93.10208333333333,0.0,0.0955555555555555,0.0,9.304166666666667,0.0,10.45,0.0,94.0,0.0,0.10875,0.0,8.883333333333333,0.0,9.966666666666669,0.0,92.25,0.0,0.0820833333333333,0.0,0.0,0.0
2024-10-05 00:00:00+00:00,97.0,0.0,9.845138888888888,0.0,11.286111111111111,0.0,91.6395833333333,0.0,0.1419444444444444,0.0,10.108333333333333,0.0,11.7125,0.0,92.82083333333333,0.0,0.16874999999999987,0.0,9.620833333333334,0.0,10.887499999999998,0.0,90.46666666666664,0.0,0.1154166666666666,0.0,0.0,0.0
2024-10-06 00:00:00+00:00,98.0,0.0,9.256944444444445,0.0,11.133333333333333,0.0,89.40208333333334,0.0,0.1790972222222222,0.0,9.533333333333331,0.0,11.516666666666666,0.0,90.54166666666669,0.0,0.2008333333333333,0.0,8.983333333333333,0.0,10.737500000000002,0.0,88.325,0.0,0.1570833333333333,0.0,0.0,0.0
2024-10-07 00:00:00+00:00,99.0,0.0,11.104166666666666,0.0,12.18888888888889,0.0,94.0625,0.0,0.1233333333333333,0.0,11.4125,0.0,12.754166666666668,0.0,95.3625,0.0,0.17499999999999996,0.0,10.791666666666666,0.0,11.645833333333334,0.0,92.30833333333334,0.0,0.08749999999999998,0.0,0.0,0.0
2024-10-08 00:00:00+00:00,100.0,0.0,13.595138888888888,0.0,13.635416666666666,0.0,99.74722222222222,0.0,0.0040277777777777,0.0,13.716666666666669,0.0,13.766666666666666,0.0,99.84166666666664,0.0,0.005833333333333299,0.0,13.4625,0.0,13.491666666666667,0.0,99.6416666666667,0.0,0.0025,0.0,0.0,0.0
2024-10-09 00:00:00+00:00,101.0,0.0,14.21111111111111,0.0,15.54027777777778,0.0,92.47499999999998,0.0,0.1633333333333333,0.0,14.479166666666666,0.0,16.020833333333332,0.0,93.6083333333333,0.0,0.1975,0.0,13.933333333333332,0.0,15.104166666666666,0.0,91.3125,0.0,0.1316666666666666,0.0,0.0,0.0
2024-10-10 00:00:00+00:00,102.0,0.0,12.03472222222222,0.0,12.477777777777776,0.0,97.2076388888889,0.0,0.04388888888888879,0.0,12.2875,0.0,12.725,0.0,97.5791666666667,0.0,0.0499999999999999,0.0,11.791666666666666,0.0,12.225,0.0,96.8,0.0,0.0391666666666666,0.0,0.0,0.0
2024-10-11 00:00:00+00:00,103.0,0.0,8.854861111111111,0.0,11.363888888888887,0.0,87.24444444444445,0.0,0.3161111111111111,0.0,9.3875,0.0,12.25,0.0,89.24166666666667,0.0,0.3775,0.0,8.395833333333334,0.0,10.4875,0.0,85.42083333333333,0.0,0.24875,0.0,0.0,0.0
2024-10-12 00:00:00+00:00,104.0,0.0,9.740277777777775,0.0,11.669444444444444,0.0,89.50833333333333,0.0,0.2220833333333333,0.0,10.15,0.0,12.304166666666667,0.0,90.99583333333334,0.0,0.2645833333333333,0.0,9.333333333333334,0.0,11.066666666666668,0.0,87.89999999999999,0.0,0.1854166666666666,0.0,0.0,0.0
2024-10-13 00:00:00+00:00,105.0,0.0,10.006944444444445,0.0,11.881944444444445,0.0,89.86319444444445,0.0,0.2170138888888888,0.0,10.320833333333333,0.0,12.362500000000002,0.0,91.0,0.0,0.2483333333333333,0.0,9.7375,0.0,11.475,0.0,88.64999999999999,0.0,0.1891666666666666,0.0,0.0,0.0
2024-10-14 00:00:00+00:00,106.0,0.0,10.52361111111111,0.0,12.116666666666667,0.0,91.2625,0.0,0.1831944444444444,0.0,11.012499999999998,0.0,12.783333333333331,0.0,92.4875,0.0,0.21458333333333326,0.0,10.0375,0.0,11.395833333333334,0.0,90.08750000000002,0.0,0.1445833333333333,0.0,0.0,0.0
2024-10-15 00:00:00+00:00,107.0,0.0,10.0875,0.0,11.198611111111113,0.0,93.6875,0.0,0.125,0.0,10.595833333333331,0.0,11.895833333333334,0.0,94.7041666666667,0.0,0.1566666666666666,0.0,9.641666666666667,0.0,10.595833333333331,0.0,92.42916666666667,0.0,0.0979166666666666,0.0,0.0,0.0
2024-10-16 00:00:00+00:00,108.0,0.0,11.4625,0.0,11.545833333333334,0.0,99.45833333333331,0.0,0.0080555555555555,0.0,11.6,0.0,11.695833333333333,0.0,99.6083333333333,0.0,0.0108333333333333,0.0,11.316666666666668,0.0,11.383333333333333,0.0,99.31666666666666,0.0,0.0054166666666666,0.0,0.0,0.0
2024-10-17 00:00:00+00:00,109.0,0.0,14.334027777777775,0.0,14.411805555555555,0.0,99.49444444444445,0.0,0.0088888888888888,0.0,14.441666666666668,0.0,14.5375,0.0,99.61666666666667,0.0,0.011250000000000001,0.0,14.216666666666669,0.0,14.279166666666669,0.0,99.35416666666669,0.0,0.006666666666666601,0.0,0.0,0.0
2024-10-18 00:00:00+00:00,110.0,0.0,13.585416666666667,0.0,13.668749999999998,0.0,99.50694444444444,0.0,0.0112499999999999,0.0,13.770833333333334,0.0,13.870833333333332,0.0,99.58750000000002,0.0,0.01375,0.0,13.379166666666668,0.0,13.454166666666666,0.0,99.40000000000002,0.0,0.0095833333333333,0.0,0.0,0.0
2024-10-19 00:00:00+00:00,111.0,0.0,12.256944444444445,0.0,12.269444444444444,0.0,99.91527777777776,0.0,0.00125,0.0,12.416666666666666,0.0,12.4375,0.0,99.96250000000002,0.0,0.0020833333333333,0.0,12.112500000000002,0.0,12.120833333333332,0.0,99.8583333333333,0.0,0.0004166666666666,0.0,0.0,0.0
2024-10-20 00:00:00+00:00,112.0,0.0,14.66388888888889,0.0,14.869444444444445,0.0,98.75694444444444,0.0,0.0286111111111111,0.0,15.045833333333334,0.0,15.341666666666669,0.0,99.24583333333334,0.0,0.0433333333333333,0.0,14.320833333333333,0.0,14.458333333333334,0.0,98.22499999999998,0.0,0.0154166666666666,0.0,0.0,0.0
2024-10-21 00:00:00+00:00,113.0,0.0,14.979166666666666,0.0,16.955555555555556,0.0,90.09444444444443,0.0,0.3026388888888889,0.0,15.308333333333332,0.0,17.479166666666668,0.0,91.4541666666667,0.0,0.35625,0.0,14.633333333333333,0.0,16.379166666666666,0.0,88.64999999999999,0.0,0.2529166666666667,0.0,0.0,0.0
2024-10-22 00:00:00+00:00,114.0,0.0,13.440277777777778,0.0,15.09027777777778,0.0,91.4576388888889,0.0,0.23854166666666657,0.0,13.891666666666666,0.0,15.729166666666666,0.0,93.2625,0.0,0.30125,0.0,12.970833333333331,0.0,14.470833333333331,0.0,89.625,0.0,0.1775,0.0,0.0,0.0
2024-10-23 00:00:00+00:00,115.0,0.0,13.41527777777778,0.0,13.694444444444445,0.0,98.29166666666669,0.0,0.03125,0.0,13.5625,0.0,13.875,0.0,98.625,0.0,0.0379166666666666,0.0,13.283333333333331,0.0,13.525,0.0,97.94583333333333,0.0,0.0249999999999999,0.0,0.0,0.0
2024-10-24 00:00:00+00:00,116.0,0.0,13.934722222222222,0.0,14.180555555555555,0.0,98.45555555555556,0.0,0.0279166666666666,0.0,14.095833333333331,0.0,14.379166666666668,0.0,98.7958333333333,0.0,0.0349999999999999,0.0,13.762499999999998,0.0,13.9625,0.0,98.1083333333333,0.0,0.02125,0.0,0.0,0.0
2024-10-25 00:00:00+00:00,117.0,0.0,13.845833333333331,0.0,15.319444444444445,0.0,91.69305555555555,0.0,0.1823611111111111,0.0,14.083333333333334,0.0,15.816666666666668,0.0,92.90416666666664,0.0,0.2275,0.0,13.629166666666668,0.0,14.929166666666667,0.0,90.25416666666666,0.0,0.1470833333333333,0.0,0.0,0.0
2024-10-26 00:00:00+00:00,118.0,0.0,13.918055555555556,0.0,13.97638888888889,0.0,99.62777777777778,0.0,0.0070833333333333,0.0,14.1,0.0,14.179166666666667,0.0,99.7958333333333,0.0,0.01,0.0,13.737500000000002,0.0,13.775,0.0,99.4833333333333,0.0,0.00375,0.0,0.0,0.0
2024-10-27 00:00:00+00:00,119.0,0.0,14.636111111111113,0.0,15.779166666666669,0.0,93.85277777777776,0.0,0.1622222222222222,0.0,14.979166666666666,0.0,16.3125,0.0,95.2625,0.0,0.21291666666666656,0.0,14.3125,0.0,15.300000000000002,0.0,92.2333333333333,0.0,0.11874999999999998,0.0,0.0,0.0
2024-10-28 00:00:00+00:00,120.0,0.0,13.261111111111113,0.0,14.737500000000002,0.0,92.0513888888889,0.0,0.1905555555555555,0.0,13.612500000000002,0.0,15.4,0.0,93.61666666666667,0.0,0.24916666666666662,0.0,12.933333333333332,0.0,14.125,0.0,90.1875,0.0,0.1404166666666666,0.0,0.0,0.0
2024-10-29 00:00:00+00:00,121.0,0.0,10.90625,0.0,11.856249999999998,0.0,94.94444444444444,0.0,0.1298611111111111,0.0,11.504166666666668,0.0,12.658333333333331,0.0,96.2958333333333,0.0,0.1733333333333333,0.0,10.4375,0.0,11.245833333333332,0.0,93.3625,0.0,0.09333333333333331,0.0,0.0,0.0
2024-10-30 00:00:00+00:00,122.0,0.0,9.9625,0.0,11.47222222222222,0.0,92.38194444444444,0.0,0.2088888888888889,0.0,10.4125,0.0,12.158333333333331,0.0,93.7041666666667,0.0,0.2566666666666666,0.0,9.4625,0.0,10.804166666666667,0.0,90.86666666666667,0.0,0.1666666666666666,0.0,0.0,0.0
2024-10-31 00:00:00+00:00,123.0,0.0,8.966666666666667,0.0,10.63472222222222,0.0,91.6736111111111,0.0,0.2216666666666666,0.0,9.608333333333333,0.0,11.458333333333334,0.0,93.34166666666664,0.0,0.27375,0.0,8.308333333333334,0.0,9.783333333333331,0.0,89.88333333333333,0.0,0.1716666666666666,0.0,0.0,0.0
2024-11-01 00:00:00+00:00,124.0,0.0,8.115277777777777,0.0,9.890277777777778,0.0,91.12916666666666,0.0,0.2268055555555555,0.0,8.745833333333334,0.0,10.741666666666667,0.0,92.77916666666664,0.0,0.2770833333333333,0.0,7.454166666666667,0.0,9.029166666666669,0.0,89.425,0.0,0.1779166666666666,0.0,0.0,0.0
2024-11-02 00:00:00+00:00,125.0,0.0,7.291666666666667,0.0,9.03125,0.0,91.2986111111111,0.0,0.2159027777777777,0.0,7.883333333333333,0.0,9.779166666666669,0.0,92.69166666666666,0.0,0.2595833333333333,0.0,6.6125,0.0,8.141666666666667,0.0,89.78750000000001,0.0,0.17541666666666664,0.0,0.0,0.0
2024-11-03 00:00:00+00:00,126.0,0.0,6.104166666666667,0.0,7.704166666666667,0.0,91.8861111111111,0.0,0.1840277777777778,0.0,6.616666666666667,0.0,8.4625,0.0,93.45833333333331,0.0,0.2258333333333333,0.0,5.545833333333333,0.0,6.908333333333332,0.0,90.22916666666669,0.0,0.1420833333333333,0.0,0.0,0.0
2024-11-04 00:00:00+00:00,127.0,0.0,5.837500000000001,0.0,7.399999999999999,0.0,92.05555555555556,0.0,0.1809722222222222,0.0,6.358333333333333,0.0,8.174999999999999,0.0,93.77500000000002,0.0,0.23124999999999987,0.0,5.2,0.0,6.55,0.0,90.21666666666664,0.0,0.13375,0.0,0.0,0.0
2024-11-05 00:00:00+00:00,128.0,0.0,4.241666666666666,0.0,5.384722222222222,0.0,93.78055555555557,0.0,0.11,0.0,4.820833333333334,0.0,6.150000000000001,0.0,95.45833333333331,0.0,0.1491666666666666,0.0,3.6375000000000006,0.0,4.629166666666667,0.0,92.0166666666667,0.0,0.0745833333333333,0.0,0.0,0.0
2024-11-06 00:00:00+00:00,129.0,0.0,3.4277777777777776,0.0,5.455555555555556,0.0,90.08194444444445,0.0,0.2076388888888889,0.0,4.141666666666667,0.0,6.45,0.0,92.09583333333336,0.0,0.2695833333333333,0.0,2.8333333333333335,0.0,4.608333333333333,0.0,87.83333333333333,0.0,0.15375,0.0,0.0,0.0
2024-11-07 00:00:00+00:00,130.0,0.0,3.4916666666666667,0.0,5.164583333333334,0.0,91.55763888888889,0.0,0.166875,0.0,4.2375,0.0,6.066666666666666,0.0,93.4541666666667,0.0,0.21,0.0,2.8708333333333336,0.0,4.320833333333334,0.0,89.76666666666667,0.0,0.1233333333333333,0.0,0.0,0.0
2024-11-08 00:00:00+00:00,131.0,0.0,3.4402777777777778,0.0,4.345833333333333,0.0,94.80694444444445,0.0,0.0791666666666666,0.0,4.079166666666667,0.0,5.091666666666667,0.0,96.11666666666667,0.0,0.1025,0.0,2.9291666666666667,0.0,3.7708333333333335,0.0,93.49166666666667,0.0,0.05541666666666659,0.0,0.0,0.0
2024-11-09 00:00:00+00:00,132.0,0.0,3.9902777777777776,0.0,4.872222222222223,0.0,95.24305555555556,0.0,0.0855555555555555,0.0,4.754166666666666,0.0,5.654166666666666,0.0,96.90833333333336,0.0,0.1125,0.0,3.4166666666666665,0.0,4.216666666666667,0.0,94.03333333333336,0.0,0.051666666666666604,0.0,0.0,0.0
2024-11-10 00:00:00+00:00,133.0,0.0,2.784722222222222,0.0,4.172222222222222,0.0,92.77083333333331,0.0,0.1313888888888889,0.0,3.3625000000000003,0.0,4.925,0.0,94.40000000000002,0.0,0.1725,0.0,2.216666666666667,0.0,3.470833333333333,0.0,90.7333333333333,0.0,0.0970833333333333,0.0,0.0,0.0
2024-11-11 00:00:00+00:00,134.0,0.0,1.8763888888888889,0.0,3.243055555555556,0.0,92.74305555555556,0.0,0.1169444444444444,0.0,2.404166666666667,0.0,3.970833333333333,0.0,94.46666666666664,0.0,0.1525,0.0,1.4083333333333332,0.0,2.5916666666666663,0.0,90.96250000000002,0.0,0.0833333333333333,0.0,0.0,0.0
2024-11-12 00:00:00+00:00,135.0,0.0,0.6930555555555554,0.0,2.3791666666666664,0.0,91.325,0.0,0.1397222222222222,0.0,1.1666666666666663,0.0,3.0583333333333336,0.0,92.94166666666666,0.0,0.17499999999999996,0.0,0.3125,0.0,1.7250000000000003,0.0,89.69583333333333,0.0,0.1025,0.0,0.0,0.0
2024-11-13 00:00:00+00:00,136.0,0.0,1.745833333333333,0.0,3.254861111111111,0.0,91.4541666666667,0.0,0.1086805555555555,0.0,2.216666666666667,0.0,3.9583333333333335,0.0,93.75833333333333,0.0,0.15375,0.0,1.225,0.0,2.5916666666666663,0.0,89.17083333333333,0.0,0.0670833333333333,0.0,0.0,0.0
2024-11-14 00:00:00+00:00,137.0,0.0,1.4652777777777777,0.0,3.908333333333333,0.0,87.93333333333334,0.0,0.19027777777777768,0.0,1.8833333333333335,0.0,4.6625000000000005,0.0,90.2041666666667,0.0,0.2383333333333333,0.0,1.1333333333333333,0.0,3.2000000000000006,0.0,85.97500000000001,0.0,0.1374999999999999,0.0,0.0,0.0
2024-11-15 00:00:00+00:00,138.0,0.0,-0.6138888888888889,0.0,0.8305555555555556,0.0,92.18194444444445,0.0,0.0993055555555555,0.0,-0.0333333333333332,0.0,1.5958333333333334,0.0,93.6416666666667,0.0,0.12875,0.0,-1.125,0.0,0.0916666666666666,0.0,90.30833333333334,0.0,0.0758333333333333,0.0,0.0,0.0
2024-11-16 00:00:00+00:00,139.0,0.0,-0.7319444444444444,0.0,0.975,0.0,91.29444444444444,0.0,0.1276388888888888,0.0,-0.1625,0.0,1.8291666666666664,0.0,92.80416666666667,0.0,0.1604166666666666,0.0,-1.3083333333333331,0.0,0.1374999999999999,0.0,89.63333333333333,0.0,0.0974999999999999,0.0,0.0,0.0
2024-11-17 00:00:00+00:00,140.0,0.0,-0.8180555555555555,0.0,0.5708333333333332,0.0,92.46180555555556,0.0,0.0939583333333333,0.0,-0.0708333333333333,0.0,1.4750000000000003,0.0,94.2625,0.0,0.1158333333333333,0.0,-1.5458333333333334,0.0,-0.2958333333333334,0.0,90.90416666666664,0.0,0.0687499999999999,0.0,0.0,0.0
2024-11-18 00:00:00+00:00,141.0,0.0,0.6138888888888889,0.0,1.3736111111111111,0.0,95.27083333333331,0.0,0.04638888888888879,0.0,0.875,0.0,1.7625,0.0,96.11666666666667,0.0,0.05666666666666661,0.0,0.3708333333333333,0.0,1.0375,0.0,94.34583333333336,0.0,0.0375,0.0,0.0,0.0
2024-11-19 00:00:00+00:00,142.0,0.0,1.772222222222222,0.0,2.6527777777777777,0.0,94.89305555555556,0.0,0.0630555555555555,0.0,2.220833333333333,0.0,3.2708333333333335,0.0,95.94166666666666,0.0,0.08,0.0,1.3333333333333333,0.0,2.0625,0.0,93.8125,0.0,0.04750000000000001,0.0,0.0,0.0
2024-11-20 00:00:00+00:00,143.0,0.0,0.3986111111111111,0.0,4.95,0.0,77.20277777777778,0.0,0.21624999999999997,0.0,0.9250000000000002,0.0,5.45,0.0,79.64583333333333,0.0,0.25,0.0,-0.1708333333333333,0.0,4.525,0.0,74.45416666666667,0.0,0.18875,0.0,0.0,0.0
2024-11-21 00:00:00+00:00,144.0,0.0,-5.108333333333333,0.0,-0.5388888888888889,0.0,74.16527777777777,0.0,0.1802777777777778,0.0,-4.7875000000000005,0.0,-0.0333333333333333,0.0,77.2375,0.0,0.205,0.0,-5.433333333333334,0.0,-1.0708333333333333,0.0,71.20416666666667,0.0,0.1579166666666666,0.0,0.0,0.0
2024-11-22 00:00:00+00:00,145.0,0.0,-5.827777777777778,0.0,2.1840277777777777,0.0,63.22708333333333,0.0,0.3359722222222221,0.0,-5.1375,0.0,2.766666666666667,0.0,66.99166666666666,0.0,0.37375,0.0,-6.516666666666667,0.0,1.5125,0.0,59.958333333333336,0.0,0.2920833333333333,0.0,0.0,0.0
2024-11-23 00:00:00+00:00,146.0,0.0,-4.644444444444445,0.0,-0.8027777777777779,0.0,78.59305555555555,0.0,0.1745833333333333,0.0,-4.3125,0.0,-0.0541666666666665,0.0,81.65833333333333,0.0,0.21,0.0,-4.941666666666666,0.0,-1.4916666666666665,0.0,75.27083333333333,0.0,0.1429166666666666,0.0,0.0,0.0
2024-11-24 00:00:00+00:00,147.0,0.0,-2.6694444444444443,0.0,-0.1249999999999999,0.0,85.5,0.0,0.1281944444444444,0.0,-2.370833333333333,0.0,0.4833333333333334,0.0,87.72500000000001,0.0,0.1529166666666666,0.0,-2.983333333333333,0.0,-0.7208333333333333,0.0,83.45416666666667,0.0,0.1054166666666666,0.0,0.0,0.0
2024-11-25 00:00:00+00:00,148.0,0.0,-1.2458333333333331,0.0,0.1819444444444445,0.0,91.60416666666669,0.0,0.0804166666666666,0.0,-0.9583333333333334,0.0,0.8458333333333332,0.0,93.65833333333336,0.0,0.1070833333333333,0.0,-1.5458333333333334,0.0,-0.5166666666666666,0.0,89.64166666666667,0.0,0.051666666666666604,0.0,0.0,0.0
2024-11-26 00:00:00+00:00,149.0,0.0,2.7927083333333336,0.0,3.7770833333333336,0.0,93.7645833333333,0.0,0.0605902777777777,0.0,3.029166666666667,0.0,4.15,0.0,94.95,0.0,0.07375,0.0,2.5708333333333333,0.0,3.408333333333333,0.0,92.59583333333336,0.0,0.048333333333333305,0.0,0.0,0.0
2024-11-27 00:00:00+00:00,150.0,0.0,5.643055555555556,0.0,6.495833333333334,0.0,94.95972222222224,0.0,0.0697222222222222,0.0,6.016666666666667,0.0,7.075,0.0,96.5458333333333,0.0,0.09125,0.0,5.3125,0.0,5.904166666666666,0.0,93.65833333333336,0.0,0.0429166666666666,0.0,0.0,0.0
2024-11-28 00:00:00+00:00,151.0,0.0,4.965277777777778,0.0,6.080555555555556,0.0,93.44027777777778,0.0,0.0880555555555555,0.0,5.3125,0.0,6.675,0.0,94.77916666666664,0.0,0.1108333333333333,0.0,4.575,0.0,5.458333333333333,0.0,92.11666666666667,0.0,0.0658333333333333,0.0,0.0,0.0
2024-11-29 00:00:00+00:00,152.0,0.0,-1.301388888888889,0.0,-0.3249999999999999,0.0,94.45277777777778,0.0,0.0577777777777777,0.0,-0.7208333333333332,0.0,0.3333333333333334,0.0,96.41249999999998,0.0,0.0770833333333333,0.0,-1.7749999999999997,0.0,-0.9375,0.0,92.97499999999998,0.0,0.0329166666666666,0.0,0.0,0.0
2024-11-30 00:00:00+00:00,153.0,0.0,-2.734722222222222,0.0,-1.4472222222222222,0.0,93.08888888888889,0.0,0.08125,0.0,-2.2333333333333334,0.0,-0.7416666666666667,0.0,94.62083333333334,0.0,0.10625,0.0,-3.1791666666666667,0.0,-2.0875,0.0,91.36666666666667,0.0,0.06,0.0,0.0,0.0
2024-12-01 00:00:00+00:00,154.0,0.0,-3.1152777777777776,0.0,-1.125,0.0,89.425,0.0,0.1177777777777777,0.0,-2.4833333333333334,0.0,-0.3416666666666665,0.0,91.64583333333331,0.0,0.1416666666666666,0.0,-3.6124999999999994,0.0,-1.9208333333333327,0.0,87.73333333333333,0.0,0.0891666666666666,0.0,0.0,0.0
2024-12-02 00:00:00+00:00,155.0,0.0,-3.061111111111112,0.0,-1.3625,0.0,90.84305555555557,0.0,0.1015277777777777,0.0,-2.4625,0.0,-0.6291666666666668,0.0,92.55416666666667,0.0,0.1254166666666666,0.0,-3.5875,0.0,-2.0500000000000003,0.0,89.13333333333333,0.0,0.08125,0.0,0.0,0.0
2024-12-03 00:00:00+00:00,156.0,0.0,3.23815048849004e-17,0.0,1.3208333333333333,0.0,91.61944444444445,0.0,0.0698611111111111,0.0,0.2416666666666667,0.0,1.6666666666666667,0.0,92.71666666666664,0.0,0.0808333333333333,0.0,-0.2374999999999999,0.0,0.9875000000000002,0.0,90.43333333333334,0.0,0.0595833333333333,0.0,0.0,0.0
2024-12-04 00:00:00+00:00,157.0,0.0,1.7041666666666666,0.0,2.1625,0.0,97.0125,0.0,0.0275,0.0,2.0375,0.0,2.529166666666667,0.0,97.47499999999998,0.0,0.0316666666666666,0.0,1.3833333333333335,0.0,1.8208333333333335,0.0,96.53749999999998,0.0,0.0233333333333333,0.0,0.0,0.0
2024-12-05 00:00:00+00:00,158.0,0.0,-2.404166666666667,0.0,-1.965277777777778,0.0,97.02638888888889,0.0,0.022638888888888802,0.0,-1.6875,0.0,-1.1791666666666667,0.0,98.125,0.0,0.0341666666666666,0.0,-2.983333333333333,0.0,-2.691666666666667,0.0,95.63333333333333,0.0,0.012916666666666599,0.0,0.0,0.0
2024-12-06 00:00:00+00:00,159.0,0.0,-2.219444444444445,0.0,1.7930555555555554,0.0,78.99722222222222,0.0,0.2072222222222222,0.0,-1.7666666666666666,0.0,2.4958333333333336,0.0,82.11666666666666,0.0,0.2479166666666666,0.0,-2.6416666666666666,0.0,1.025,0.0,76.25,0.0,0.1633333333333333,0.0,0.0,0.0
2024-12-07 00:00:00+00:00,160.0,0.0,-2.0277777777777777,0.0,0.1291666666666666,0.0,86.35138888888889,0.0,0.0981944444444444,0.0,-1.7708333333333333,0.0,0.5666666666666667,0.0,88.52916666666665,0.0,0.115,0.0,-2.2625,0.0,-0.3083333333333333,0.0,84.22083333333333,0.0,0.0820833333333333,0.0,0.0,0.0
2024-12-08 00:00:00+00:00,161.0,0.0,0.6291666666666667,0.0,0.6291666666666667,0.0,99.99583333333334,0.0,0.0,0.0,0.7208333333333333,0.0,0.7208333333333333,0.0,100.0,0.0,0.0,0.0,0.5458333333333333,0.0,0.5458333333333333,0.0,99.9875,0.0,0.0,0.0,0.0,0.0
2024-12-09 00:00:00+00:00,162.0,0.0,1.459722222222222,0.0,1.459722222222222,0.0,100.0,0.0,0.0,0.0,1.6666666666666667,0.0,1.6666666666666667,0.0,100.0,0.0,0.0,0.0,1.2375,0.0,1.2375,0.0,100.0,0.0,0.0,0.0,0.0,0.0
2024-12-10 00:00:00+00:00,163.0,0.0,1.89375,0.0,1.89375,0.0,100.0,0.0,0.0,0.0,2.1375,0.0,2.1375,0.0,100.0,0.0,0.0,0.0,1.6791666666666665,0.0,1.6791666666666665,0.0,100.0,0.0,0.0,0.0,0.0,0.0
2024-12-11 00:00:00+00:00,164.0,0.0,-0.5965277777777778,0.0,-0.4979166666666668,0.0,99.34097222222222,0.0,0.0069444444444444,0.0,0.1125,0.0,0.2374999999999999,0.0,99.5791666666667,0.0,0.0091666666666666,0.0,-1.3208333333333333,0.0,-1.2583333333333333,0.0,99.15416666666664,0.0,0.0041666666666666,0.0,0.0,0.0
2024-12-12 00:00:00+00:00,165.0,0.0,-3.3569444444444443,0.0,-3.277777777777778,0.0,99.47499999999998,0.0,0.0052777777777777,0.0,-2.645833333333333,0.0,-2.5500000000000003,0.0,99.62083333333334,0.0,0.0070833333333333,0.0,-4.095833333333333,0.0,-4.033333333333333,0.0,99.325,0.0,0.00375,0.0,0.0,0.0
2024-12-13 00:00:00+00:00,166.0,0.0,-2.638888888888889,0.0,-2.5625000000000004,0.0,99.4833333333333,0.0,0.0047222222222222,0.0,-2.0458333333333334,0.0,-1.95,0.0,99.68333333333334,0.0,0.006249999999999899,0.0,-3.2875,0.0,-3.2416666666666667,0.0,99.33750000000002,0.0,0.0025,0.0,0.0,0.0
2024-12-14 00:00:00+00:00,167.0,0.0,0.5305555555555556,0.0,0.5319444444444444,0.0,99.98888888888888,0.0,0.0001388888888888,0.0,0.8333333333333334,0.0,0.8375,0.0,100.0,0.0,0.0004166666666666,0.0,0.2666666666666666,0.0,0.2666666666666666,0.0,99.96666666666664,0.0,0.0,0.0,0.0,0.0
2024-12-15 00:00:00+00:00,168.0,0.0,-0.1361111111111111,0.0,0.041666666666666706,0.0,98.83472222222224,0.0,0.0102777777777777,0.0,0.4708333333333334,0.0,0.7000000000000001,0.0,99.2,0.0,0.015,0.0,-0.7374999999999999,0.0,-0.6,0.0,98.3583333333333,0.0,0.006666666666666601,0.0,0.0,0.0
2024-12-16 00:00:00+00:00,169.0,0.0,0.323611111111111,0.0,2.558333333333333,0.0,87.04027777777777,0.0,0.136875,0.0,0.6458333333333334,0.0,3.2875,0.0,89.1375,0.0,0.16708333333333333,0.0,0.0249999999999999,0.0,1.8875,0.0,84.78333333333333,0.0,0.11,0.0,0.0,0.0
2024-12-17 00:00:00+00:00,170.0,0.0,-0.075,0.0,0.5277777777777777,0.0,96.44583333333333,0.0,0.0429166666666666,0.0,0.65,0.0,1.4125000000000003,0.0,97.34583333333336,0.0,0.05875,0.0,-0.7125,0.0,-0.1541666666666667,0.0,95.425,0.0,0.03,0.0,0.0,0.0
2024-12-18 00:00:00+00:00,171.0,0.0,-0.5875,0.0,-0.1402777777777777,0.0,97.28194444444443,0.0,0.0302777777777777,0.0,0.1333333333333333,0.0,0.7541666666666665,0.0,98.7625,0.0,0.0441666666666666,0.0,-1.2916666666666667,0.0,-1.1041666666666667,0.0,96.2958333333333,0.0,0.0108333333333333,0.0,0.0,0.0
2024-12-19 00:00:00+00:00,172.0,0.0,0.3854166666666666,0.0,0.3854166666666666,0.0,100.0,0.0,0.0,0.0,0.6333333333333333,0.0,0.6333333333333333,0.0,100.0,0.0,0.0,0.0,0.1416666666666666,0.0,0.1416666666666666,0.0,100.0,0.0,0.0,0.0,0.0,0.0
2024-12-20 00:00:00+00:00,173.0,0.0,-2.1034722222222224,0.0,4.483333333333333,0.0,66.75277777777778,0.0,0.3084027777777777,0.0,-1.5458333333333334,0.0,4.991666666666666,0.0,69.39999999999999,0.0,0.3416666666666666,0.0,-2.645833333333333,0.0,3.966666666666667,0.0,64.20416666666667,0.0,0.2745833333333333,0.0,0.0,0.0
2024-12-21 00:00:00+00:00,174.0,0.0,-4.697222222222222,0.0,-1.59375,0.0,82.03055555555555,0.0,0.1355555555555555,0.0,-4.329166666666667,0.0,-0.6124999999999999,0.0,85.4875,0.0,0.17208333333333328,0.0,-5.095833333333333,0.0,-2.4875000000000003,0.0,78.64583333333333,0.0,0.1020833333333333,0.0,0.0,0.0
2024-12-22 00:00:00+00:00,175.0,0.0,-2.45,0.0,-1.6555555555555557,0.0,94.75694444444444,0.0,0.0330555555555555,0.0,-2.2208333333333337,0.0,-1.3583333333333334,0.0,95.72916666666669,0.0,0.0408333333333333,0.0,-2.670833333333333,0.0,-1.95,0.0,93.6083333333333,0.0,0.0266666666666666,0.0,0.0,0.0
2024-12-23 00:00:00+00:00,176.0,0.0,-7.429166666666667,0.0,4.2652777777777775,0.0,46.1875,0.0,0.4965277777777777,0.0,-6.758333333333333,0.0,5.270833333333333,0.0,49.1,0.0,0.5670833333333333,0.0,-8.025,0.0,3.2916666666666665,0.0,42.958333333333336,0.0,0.4333333333333333,0.0,0.0,0.0
2024-12-24 00:00:00+00:00,177.0,0.0,-7.32361111111111,0.0,5.673611111111111,0.0,40.03333333333333,0.0,0.5801388888888889,0.0,-6.833333333333333,0.0,6.4375,0.0,42.62083333333333,0.0,0.6375000000000001,0.0,-7.854166666666667,0.0,4.8375,0.0,37.62083333333333,0.0,0.5220833333333333,0.0,0.0,0.0
2024-12-25 00:00:00+00:00,178.0,0.0,-5.918055555555555,0.0,-2.3041666666666667,0.0,79.7375,0.0,0.1588888888888888,0.0,-5.470833333333334,0.0,-1.2875,0.0,83.27083333333333,0.0,0.1941666666666666,0.0,-6.358333333333333,0.0,-3.358333333333333,0.0,76.32083333333334,0.0,0.12125000000000001,0.0,0.0,0.0
2024-12-26 00:00:00+00:00,179.0,0.0,-6.466666666666666,0.0,-4.238888888888889,0.0,88.01527777777778,0.0,0.1038888888888888,0.0,-5.8500000000000005,0.0,-3.2541666666666664,0.0,90.65416666666664,0.0,0.1320833333333333,0.0,-7.016666666666667,0.0,-5.229166666666667,0.0,85.73333333333333,0.0,0.0741666666666666,0.0,0.0,0.0
2024-12-27 00:00:00+00:00,180.0,0.0,-5.47986111111111,0.0,-3.6041666666666665,0.0,89.73958333333333,0.0,0.09513888888888881,0.0,-4.895833333333333,0.0,-2.8000000000000003,0.0,92.08750000000002,0.0,0.1149999999999999,0.0,-6.0125,0.0,-4.408333333333333,0.0,87.58333333333333,0.0,0.0708333333333333,0.0,0.0,0.0
2024-12-28 00:00:00+00:00,181.0,0.0,-3.029166666666667,0.0,-1.3902777777777775,0.0,91.03611111111111,0.0,0.09916666666666658,0.0,-2.3416666666666663,0.0,-0.4124999999999999,0.0,92.8916666666667,0.0,0.1241666666666666,0.0,-3.6,0.0,-2.2625,0.0,89.10416666666667,0.0,0.075,0.0,0.0,0.0
2024-12-29 00:00:00+00:00,182.0,0.0,-2.355555555555556,0.0,-1.3388888888888888,0.0,94.31944444444444,0.0,0.0697222222222222,0.0,-1.5541666666666665,0.0,-0.3875,0.0,95.53333333333336,0.0,0.0858333333333333,0.0,-3.125,0.0,-2.316666666666667,0.0,93.18333333333334,0.0,0.051666666666666604,0.0,0.0,0.0
2024-12-30 00:00:00+00:00,183.0,0.0,-2.473611111111111,0.0,-1.7666666666666666,0.0,95.83888888888889,0.0,0.0487499999999999,0.0,-1.754166666666667,0.0,-0.8458333333333335,0.0,97.04166666666669,0.0,0.0658333333333333,0.0,-3.1458333333333335,0.0,-2.658333333333333,0.0,94.6708333333333,0.0,0.0316666666666666,0.0,0.0,0.0
2024-12-31 00:00:00+00:00,184.0,0.0,-3.263888888888889,0.0,-2.5722222222222224,0.0,95.92569444444445,0.0,0.045000000000000005,0.0,-2.5541666666666667,0.0,-1.6875,0.0,96.91666666666669,0.0,0.0591666666666666,0.0,-3.9375,0.0,-3.4125,0.0,94.94583333333333,0.0,0.0320833333333333,0.0,0.0,0.0
2025-01-01 00:00:00+00:00,185.0,0.0,-4.093055555555556,0.0,-3.408333333333333,0.0,95.8291666666667,0.0,0.0398611111111111,0.0,-3.233333333333333,0.0,-2.4791666666666665,0.0,96.6125,0.0,0.0479166666666666,0.0,-4.916666666666667,0.0,-4.333333333333333,0.0,95.1416666666667,0.0,0.0308333333333333,0.0,0.0,0.0
2025-01-02 00:00:00+00:00,186.0,0.0,-2.7625000000000006,0.0,-2.402777777777778,0.0,97.59861111111111,0.0,0.0166666666666666,0.0,-2.433333333333333,0.0,-2.0458333333333334,0.0,98.125,0.0,0.0191666666666666,0.0,-3.1,0.0,-2.779166666666667,0.0,97.27083333333331,0.0,0.012916666666666599,0.0,0.0,0.0
2025-01-03 00:00:00+00:00,187.0,0.0,-2.961111111111111,0.0,-0.0847222222222221,0.0,85.83888888888889,0.0,0.1584722222222222,0.0,-2.404166666666667,0.0,0.7083333333333334,0.0,87.675,0.0,0.1908333333333333,0.0,-3.5375,0.0,-0.8041666666666666,0.0,83.66250000000001,0.0,0.13375,0.0,0.0,0.0
2025-01-04 00:00:00+00:00,188.0,0.0,-6.184722222222223,0.0,-5.023611111111111,0.0,93.20972222222224,0.0,0.0519444444444444,0.0,-5.525000000000001,0.0,-4.270833333333333,0.0,94.46250000000002,0.0,0.0641666666666666,0.0,-6.833333333333333,0.0,-5.783333333333334,0.0,91.83333333333331,0.0,0.0416666666666666,0.0,0.0,0.0
2025-01-05 00:00:00+00:00,189.0,0.0,-2.0541666666666667,0.0,-0.8722222222222222,0.0,92.2333333333333,0.0,0.0511111111111111,0.0,-1.8416666666666668,0.0,-0.65,0.0,93.49583333333334,0.0,0.06,0.0,-2.283333333333333,0.0,-1.1,0.0,90.84999999999998,0.0,0.0425,0.0,0.0,0.0
2025-01-06 00:00:00+00:00,190.0,0.0,0.4347222222222222,0.0,1.2430555555555556,0.0,94.48472222222222,0.0,0.0380555555555555,0.0,0.6458333333333334,0.0,1.5375000000000003,0.0,95.50833333333333,0.0,0.0454166666666666,0.0,0.225,0.0,0.9499999999999998,0.0,93.49583333333334,0.0,0.030416666666666602,0.0,0.0,0.0
2025-01-07 00:00:00+00:00,191.0,0.0,3.719444444444445,0.0,3.719444444444445,0.0,100.0,0.0,0.0,0.0,4.025,0.0,4.025,0.0,100.0,0.0,0.0,0.0,3.4416666666666664,0.0,3.4416666666666664,0.0,100.0,0.0,0.0,0.0,0.0,0.0
2025-01-08 00:00:00+00:00,192.0,0.0,3.6972222222222224,0.0,3.7916666666666665,0.0,99.37777777777778,0.0,0.006111111111111099,0.0,4.041666666666667,0.0,4.170833333333333,0.0,99.74166666666667,0.0,0.01,0.0,3.4,0.0,3.4500000000000006,0.0,99.02083333333331,0.0,0.0025,0.0,0.0,0.0
2025-01-09 00:00:00+00:00,193.0,0.0,4.302777777777778,0.0,4.302777777777778,0.0,100.0,0.0,0.0,0.0,4.45,0.0,4.45,0.0,100.0,0.0,0.0,0.0,4.1625,0.0,4.1625,0.0,100.0,0.0,0.0,0.0,0.0,0.0
2025-01-10 00:00:00+00:00,194.0,0.0,-0.4958333333333333,0.0,2.766666666666667,0.0,82.98611111111111,0.0,0.1559722222222222,0.0,0.0625,0.0,3.3708333333333336,0.0,85.42083333333333,0.0,0.1845833333333333,0.0,-0.975,0.0,2.2041666666666666,0.0,80.76666666666667,0.0,0.12625,0.0,0.0,0.0
2025-01-11 00:00:00+00:00,195.0,0.0,-3.448611111111111,0.0,-1.3958333333333333,0.0,87.98333333333333,0.0,0.0993055555555555,0.0,-3.15,0.0,-0.8583333333333333,0.0,89.77499999999999,0.0,0.115,0.0,-3.779166666666667,0.0,-1.9083333333333332,0.0,86.07083333333333,0.0,0.0845833333333333,0.0,0.0,0.0
2025-01-12 00:00:00+00:00,196.0,0.0,-5.395833333333333,0.0,-2.173611111111111,0.0,81.87569444444445,0.0,0.1438888888888888,0.0,-5.095833333333333,0.0,-1.5625,0.0,84.34166666666667,0.0,0.1691666666666666,0.0,-5.7250000000000005,0.0,-2.8000000000000003,0.0,79.35416666666667,0.0,0.1179166666666666,0.0,0.0,0.0
2025-01-13 00:00:00+00:00,197.0,0.0,-6.358333333333333,0.0,-2.9055555555555554,0.0,80.9375,0.0,0.1494444444444444,0.0,-6.045833333333333,0.0,-2.2125,0.0,83.96666666666667,0.0,0.1741666666666666,0.0,-6.679166666666667,0.0,-3.595833333333333,0.0,77.75,0.0,0.1241666666666666,0.0,0.0,0.0
2025-01-14 00:00:00+00:00,198.0,0.0,-5.754166666666666,0.0,-3.679166666666666,0.0,88.79236111111112,0.0,0.1020138888888888,0.0,-5.254166666666666,0.0,-2.9416666666666664,0.0,90.55,0.0,0.12875,0.0,-6.270833333333333,0.0,-4.333333333333333,0.0,86.40416666666665,0.0,0.0820833333333333,0.0,0.0,0.0
2025-01-15 00:00:00+00:00,199.0,0.0,-4.8125,0.0,-1.9916666666666665,0.0,84.65694444444445,0.0,0.1344444444444444,0.0,-4.420833333333333,0.0,-1.1833333333333331,0.0,87.25416666666666,0.0,0.16375,0.0,-5.245833333333334,0.0,-2.875,0.0,81.89999999999999,0.0,0.1054166666666666,0.0,0.0,0.0
2025-01-16 00:00:00+00:00,200.0,0.0,-3.209722222222222,0.0,-0.3361111111111112,0.0,83.85972222222222,0.0,0.1480555555555555,0.0,-2.8666666666666667,0.0,0.4125000000000001,0.0,86.41666666666667,0.0,0.1779166666666666,0.0,-3.5625,0.0,-1.0625000000000002,0.0,81.16250000000001,0.0,0.11874999999999998,0.0,0.0,0.0
2025-01-17 00:00:00+00:00,201.0,0.0,-3.722222222222222,0.0,-2.529166666666667,0.0,93.31944444444444,0.0,0.0731944444444444,0.0,-3.1166666666666667,0.0,-1.7375,0.0,94.925,0.0,0.09625,0.0,-4.3,0.0,-3.391666666666666,0.0,91.625,0.0,0.05083333333333331,0.0,0.0,0.0
2025-01-18 00:00:00+00:00,202.0,0.0,-4.095138888888889,0.0,-2.163194444444444,0.0,89.52916666666665,0.0,0.10736111111111109,0.0,-3.470833333333333,0.0,-1.375,0.0,91.59166666666664,0.0,0.1316666666666666,0.0,-4.741666666666666,0.0,-3.0875,0.0,87.76666666666667,0.0,0.0833333333333333,0.0,0.0,0.0
2025-01-19 00:00:00+00:00,203.0,0.0,0.3638888888888889,0.0,1.502777777777778,0.0,92.5458333333333,0.0,0.0540277777777777,0.0,0.5541666666666667,0.0,1.7666666666666666,0.0,93.4541666666667,0.0,0.0633333333333333,0.0,0.1541666666666666,0.0,1.225,0.0,91.38333333333333,0.0,0.0466666666666666,0.0,0.0,0.0
2025-01-20 00:00:00+00:00,204.0,0.0,1.9569444444444448,0.0,1.9569444444444448,0.0,100.0,0.0,0.0,0.0,2.1875,0.0,2.1875,0.0,100.0,0.0,0.0,0.0,1.7375,0.0,1.7375,0.0,100.0,0.0,0.0,0.0,0.0,0.0
2025-01-21 00:00:00+00:00,205.0,0.0,2.2163194444444443,0.0,2.236111111111111,0.0,99.86875000000002,0.0,0.001875,0.0,2.954166666666667,0.0,2.9916666666666667,0.0,100.0,0.0,0.00375,0.0,1.6416666666666668,0.0,1.6416666666666668,0.0,99.75416666666666,0.0,0.0,0.0,0.0,0.0
2025-01-22 00:00:00+00:00,206.0,0.0,1.3652777777777778,0.0,1.3652777777777778,0.0,100.0,0.0,0.0,0.0,1.6541666666666668,0.0,1.6541666666666668,0.0,100.0,0.0,0.0,0.0,1.0958333333333334,0.0,1.0958333333333334,0.0,100.0,0.0,0.0,0.0,0.0,0.0
2025-01-23 00:00:00+00:00,207.0,0.0,2.752083333333333,0.0,2.752083333333333,0.0,100.0,0.0,0.0,0.0,3.016666666666667,0.0,3.016666666666667,0.0,100.0,0.0,0.0,0.0,2.475,0.0,2.475,0.0,100.0,0.0,0.0,0.0,0.0,0.0
2025-01-24 00:00:00+00:00,208.0,0.0,1.7402777777777778,0.0,1.7625,0.0,99.84999999999998,0.0,0.0016666666666666,0.0,2.3000000000000003,0.0,2.3375,0.0,99.99166666666667,0.0,0.0033333333333333006,0.0,1.175,0.0,1.1875,0.0,99.69583333333333,0.0,0.0,0.0,0.0,0.0
2025-01-25 00:00:00+00:00,209.0,0.0,4.172222222222222,0.0,4.815277777777777,0.0,96.11805555555556,0.0,0.0473611111111111,0.0,4.470833333333333,0.0,5.208333333333333,0.0,96.72916666666669,0.0,0.05666666666666661,0.0,3.8250000000000006,0.0,4.3875,0.0,95.40833333333336,0.0,0.0391666666666666,0.0,0.0,0.0
2025-01-26 00:00:00+00:00,210.0,0.0,5.670833333333333,0.0,5.673611111111111,0.0,99.97777777777776,0.0,0.0002777777777777,0.0,5.941666666666666,0.0,5.95,0.0,100.0,0.0,0.0008333333333333,0.0,5.4125000000000005,0.0,5.4125000000000005,0.0,99.94166666666666,0.0,0.0,0.0,0.0,0.0
2025-01-27 00:00:00+00:00,211.0,0.0,5.465277777777778,0.0,5.465277777777778,0.0,100.0,0.0,0.0,0.0,5.579166666666667,0.0,5.579166666666667,0.0,100.0,0.0,0.0,0.0,5.345833333333334,0.0,5.345833333333334,0.0,100.0,0.0,0.0,0.0,0.0,0.0
2025-01-28 00:00:00+00:00,212.0,0.0,7.002777777777777,0.0,7.002777777777777,0.0,100.0,0.0,0.0,0.0,7.291666666666667,0.0,7.291666666666667,0.0,100.0,0.0,0.0,0.0,6.7,0.0,6.7,0.0,100.0,0.0,0.0,0.0,0.0,0.0
2025-01-29 00:00:00+00:00,213.0,0.0,2.336805555555556,0.0,2.8937500000000003,0.0,96.73472222222222,0.0,0.04388888888888879,0.0,2.8958333333333335,0.0,3.5041666666666664,0.0,97.3625,0.0,0.05333333333333331,0.0,1.7583333333333335,0.0,2.275,0.0,96.09166666666664,0.0,0.0345833333333333,0.0,0.0,0.0
2025-01-30 00:00:00+00:00,214.0,0.0,0.8791666666666668,0.0,1.6222222222222225,0.0,95.53472222222224,0.0,0.05291666666666659,0.0,1.4458333333333335,0.0,2.3625000000000003,0.0,96.7958333333333,0.0,0.0720833333333333,0.0,0.325,0.0,0.8708333333333332,0.0,94.3,0.0,0.0349999999999999,0.0,0.0,0.0
2025-01-31 00:00:00+00:00,215.0,0.0,1.5013888888888889,0.0,1.679166666666667,0.0,98.8625,0.0,0.011666666666666598,0.0,1.8041666666666665,0.0,2.029166666666667,0.0,99.25833333333333,0.0,0.0158333333333333,0.0,1.1916666666666669,0.0,1.3083333333333331,0.0,98.53749999999998,0.0,0.0070833333333333,0.0,0.0,0.0
2025-02-01 00:00:00+00:00,216.0,0.0,3.783333333333333,0.0,3.783333333333333,0.0,100.0,0.0,0.0,0.0,4.004166666666666,0.0,4.004166666666666,0.0,100.0,0.0,0.0,0.0,3.595833333333333,0.0,3.595833333333333,0.0,100.0,0.0,0.0,0.0,0.0,0.0
2025-02-02 00:00:00+00:00,217.0,0.0,2.645833333333333,0.0,2.772222222222222,0.0,99.21805555555557,0.0,0.0101388888888888,0.0,3.2916666666666665,0.0,3.4375,0.0,99.79166666666669,0.0,0.0154166666666666,0.0,2.1041666666666665,0.0,2.1666666666666665,0.0,98.80833333333334,0.0,0.0020833333333333,0.0,0.0,0.0
2025-02-03 00:00:00+00:00,218.0,0.0,1.0625,0.0,2.2805555555555554,0.0,93.4472222222222,0.0,0.0995833333333333,0.0,1.6000000000000003,0.0,3.0083333333333333,0.0,95.4833333333333,0.0,0.1283333333333333,0.0,0.4749999999999999,0.0,1.433333333333333,0.0,91.70833333333331,0.0,0.0633333333333333,0.0,0.0,0.0
2025-02-04 00:00:00+00:00,219.0,0.0,-0.0090277777777777,0.0,2.285416666666667,0.0,88.21319444444445,0.0,0.1696527777777778,0.0,0.4624999999999999,0.0,3.0416666666666665,0.0,89.7375,0.0,0.2024999999999999,0.0,-0.5416666666666666,0.0,1.4708333333333334,0.0,86.60416666666667,0.0,0.13625,0.0,0.0,0.0
2025-02-05 00:00:00+00:00,220.0,0.0,-0.8361111111111109,0.0,1.8125,0.0,86.9236111111111,0.0,0.19347222222222218,0.0,-0.2833333333333332,0.0,2.7000000000000006,0.0,89.13333333333333,0.0,0.23124999999999987,0.0,-1.3166666666666669,0.0,0.8750000000000001,0.0,85.10000000000001,0.0,0.1483333333333333,0.0,0.0,0.0
2025-02-06 00:00:00+00:00,221.0,0.0,-1.4388888888888889,0.0,1.363888888888889,0.0,85.72083333333335,0.0,0.1904166666666666,0.0,-0.9875000000000002,0.0,2.2125,0.0,88.00416666666666,0.0,0.22875,0.0,-1.8333333333333333,0.0,0.49166666666666653,0.0,83.94583333333334,0.0,0.1441666666666666,0.0,0.0,0.0
2025-02-07 00:00:00+00:00,222.0,0.0,-1.4388888888888889,0.0,0.15,0.0,90.68888888888888,0.0,0.09180555555555552,0.0,-1.0041666666666669,0.0,0.8833333333333333,0.0,92.17916666666667,0.0,0.1175,0.0,-1.820833333333333,0.0,-0.4291666666666665,0.0,88.7375,0.0,0.0720833333333333,0.0,0.0,0.0
2025-02-08 00:00:00+00:00,223.0,0.0,0.9291666666666668,0.0,2.1375,0.0,92.2986111111111,0.0,0.0631944444444444,0.0,1.0791666666666666,0.0,2.379166666666667,0.0,93.50416666666666,0.0,0.0733333333333333,0.0,0.775,0.0,1.870833333333333,0.0,91.125,0.0,0.05291666666666659,0.0,0.0,0.0
2025-02-09 00:00:00+00:00,224.0,0.0,2.9819444444444443,0.0,2.9819444444444443,0.0,100.0,0.0,0.0,0.0,3.108333333333333,0.0,3.108333333333333,0.0,100.0,0.0,0.0,0.0,2.8666666666666667,0.0,2.8666666666666667,0.0,100.0,0.0,0.0,0.0,0.0,0.0
2025-02-10 00:00:00+00:00,225.0,0.0,6.120833333333334,0.0,6.122222222222223,0.0,99.9875,0.0,0.0001388888888888,0.0,6.55,0.0,6.554166666666667,0.0,100.0,0.0,0.0004166666666666,0.0,5.808333333333334,0.0,5.808333333333334,0.0,99.96250000000002,0.0,0.0,0.0,0.0,0.0
2025-02-11 00:00:00+00:00,226.0,0.0,6.654166666666668,0.0,6.979166666666667,0.0,97.94027777777778,0.0,0.0252777777777777,0.0,6.825,0.0,7.170833333333333,0.0,98.30833333333334,0.0,0.0295833333333333,0.0,6.504166666666666,0.0,6.795833333333333,0.0,97.66249999999998,0.0,0.0204166666666666,0.0,0.0,0.0
2025-02-12 00:00:00+00:00,227.0,0.0,6.741666666666667,0.0,6.940277777777777,0.0,98.74166666666667,0.0,0.0168055555555555,0.0,7.004166666666666,0.0,7.295833333333333,0.0,99.24583333333334,0.0,0.027083333333333303,0.0,6.508333333333333,0.0,6.629166666666666,0.0,98.08333333333331,0.0,0.0091666666666666,0.0,0.0,0.0
2025-02-13 00:00:00+00:00,228.0,0.0,6.505555555555556,0.0,6.694444444444444,0.0,98.77916666666664,0.0,0.0138888888888888,0.0,6.645833333333333,0.0,6.854166666666667,0.0,99.14583333333331,0.0,0.0175,0.0,6.366666666666666,0.0,6.541666666666667,0.0,98.47083333333336,0.0,0.0095833333333333,0.0,0.0,0.0
2025-02-14 00:00:00+00:00,229.0,0.0,3.022222222222222,0.0,3.4416666666666664,0.0,97.40833333333336,0.0,0.0252777777777777,0.0,3.404166666666667,0.0,3.858333333333333,0.0,98.34999999999998,0.0,0.0375,0.0,2.6416666666666666,0.0,3.0750000000000006,0.0,96.09583333333336,0.0,0.01625,0.0,0.0,0.0
2025-02-15 00:00:00+00:00,230.0,0.0,-2.0708333333333333,0.0,1.6805555555555556,0.0,82.00694444444444,0.0,0.23875,0.0,-1.5833333333333333,0.0,2.3291666666666666,0.0,83.8125,0.0,0.2704166666666667,0.0,-2.4541666666666666,0.0,1.0916666666666666,0.0,80.2625,0.0,0.2029166666666666,0.0,0.0,0.0
2025-02-16 00:00:00+00:00,231.0,0.0,-0.3666666666666667,0.0,1.9750000000000003,0.0,87.36388888888888,0.0,0.1540277777777778,0.0,0.025000000000000005,0.0,2.795833333333333,0.0,89.84583333333335,0.0,0.19166666666666657,0.0,-0.7458333333333332,0.0,1.1,0.0,85.03333333333333,0.0,0.1133333333333333,0.0,0.0,0.0
2025-02-17 00:00:00+00:00,232.0,0.0,0.3055555555555556,0.0,2.3694444444444445,0.0,87.80555555555556,0.0,0.1177777777777777,0.0,0.5583333333333333,0.0,2.845833333333333,0.0,89.32916666666667,0.0,0.1395833333333333,0.0,0.0874999999999999,0.0,1.8958333333333333,0.0,86.32083333333333,0.0,0.09500000000000001,0.0,0.0,0.0
2025-02-18 00:00:00+00:00,233.0,0.0,-0.6798611111111111,0.0,2.5819444444444444,0.0,81.22708333333334,0.0,0.1826388888888889,0.0,-0.4333333333333333,0.0,3.079166666666667,0.0,82.92916666666666,0.0,0.205,0.0,-0.9208333333333334,0.0,2.0625,0.0,79.5625,0.0,0.1595833333333333,0.0,0.0,0.0
2025-02-19 00:00:00+00:00,234.0,0.0,-2.084722222222222,0.0,-0.2722222222222222,0.0,88.94583333333333,0.0,0.0879166666666666,0.0,-1.8541666666666667,0.0,0.0958333333333334,0.0,89.95833333333333,0.0,0.0970833333333333,0.0,-2.2916666666666665,0.0,-0.6,0.0,87.94583333333333,0.0,0.07875,0.0,0.0,0.0
2025-02-20 00:00:00+00:00,235.0,0.0,-1.0,0.0,2.1305555555555555,0.0,84.20416666666667,0.0,0.2186111111111111,0.0,-0.6124999999999999,0.0,2.8875000000000006,0.0,85.81666666666666,0.0,0.2516666666666666,0.0,-1.370833333333333,0.0,1.441666666666667,0.0,82.36666666666666,0.0,0.1879166666666666,0.0,0.0,0.0
2025-02-21 00:00:00+00:00,236.0,0.0,0.0458333333333333,0.0,3.344444444444445,0.0,83.48055555555555,0.0,0.25625,0.0,0.3791666666666666,0.0,3.929166666666666,0.0,84.85000000000001,0.0,0.2891666666666667,0.0,-0.3916666666666666,0.0,2.7125000000000004,0.0,81.99583333333334,0.0,0.2258333333333333,0.0,0.0,0.0
2025-02-22 00:00:00+00:00,237.0,0.0,1.2347222222222225,0.0,3.076388888888889,0.0,89.64444444444445,0.0,0.1344444444444444,0.0,1.5541666666666665,0.0,3.6625,0.0,90.99583333333334,0.0,0.1591666666666666,0.0,0.8666666666666667,0.0,2.458333333333333,0.0,88.31666666666666,0.0,0.1116666666666666,0.0,0.0,0.0
2025-02-23 00:00:00+00:00,238.0,0.0,3.3208333333333333,0.0,5.527777777777778,0.0,88.05,0.0,0.1854166666666666,0.0,3.6749999999999994,0.0,6.158333333333334,0.0,89.64583333333333,0.0,0.2175,0.0,2.9875000000000003,0.0,4.9375,0.0,86.41250000000001,0.0,0.1558333333333333,0.0,0.0,0.0
2025-02-24 00:00:00+00:00,239.0,0.0,4.273611111111111,0.0,6.154166666666666,0.0,89.74166666666667,0.0,0.1648611111111111,0.0,4.854166666666667,0.0,7.125,0.0,91.75,0.0,0.21,0.0,3.720833333333333,0.0,5.216666666666667,0.0,87.60000000000001,0.0,0.125,0.0,0.0,0.0
2025-02-25 00:00:00+00:00,240.0,0.0,6.641666666666667,0.0,7.511111111111112,0.0,94.97638888888888,0.0,0.0736111111111111,0.0,6.883333333333333,0.0,7.895833333333333,0.0,95.8625,0.0,0.0891666666666666,0.0,6.370833333333334,0.0,7.116666666666667,0.0,94.09166666666664,0.0,0.0583333333333333,0.0,0.0,0.0
2025-02-26 00:00:00+00:00,241.0,0.0,6.545833333333333,0.0,6.545833333333333,0.0,100.0,0.0,0.0,0.0,6.650000000000001,0.0,6.650000000000001,0.0,100.0,0.0,0.0,0.0,6.433333333333334,0.0,6.433333333333334,0.0,100.0,0.0,0.0,0.0,0.0,0.0
2025-02-27 00:00:00+00:00,242.0,0.0,5.268055555555556,0.0,8.730555555555556,0.0,83.66388888888889,0.0,0.3116666666666666,0.0,5.645833333333333,0.0,9.4875,0.0,85.77499999999999,0.0,0.3670833333333334,0.0,4.833333333333333,0.0,7.9875,0.0,81.25,0.0,0.2625,0.0,0.0,0.0
2025-02-28 00:00:00+00:00,243.0,0.0,4.021527777777778,0.0,7.642361111111111,0.0,80.59722222222221,0.0,0.2706944444444444,0.0,4.391666666666667,0.0,8.408333333333333,0.0,83.22916666666667,0.0,0.3304166666666666,0.0,3.7083333333333335,0.0,6.820833333333333,0.0,77.99166666666666,0.0,0.2133333333333333,0.0,0.0,0.0
2025-03-01 00:00:00+00:00,244.0,0.0,3.031944444444445,0.0,6.336111111111111,0.0,81.8625,0.0,0.2352777777777777,0.0,3.3541666666666665,0.0,7.0625,0.0,84.375,0.0,0.28125,0.0,2.720833333333333,0.0,5.595833333333334,0.0,79.55833333333334,0.0,0.1904166666666666,0.0,0.0,0.0
2025-03-02 00:00:00+00:00,245.0,0.0,-0.0138888888888888,0.0,5.075,0.0,76.95416666666667,0.0,0.38986111111111105,0.0,0.4875,0.0,6.0,0.0,79.72500000000001,0.0,0.4616666666666666,0.0,-0.5541666666666667,0.0,3.9791666666666665,0.0,74.2625,0.0,0.3083333333333333,0.0,0.0,0.0
2025-03-03 00:00:00+00:00,246.0,0.0,0.0027777777777778004,0.0,5.523611111111111,0.0,75.8013888888889,0.0,0.4480555555555556,0.0,0.4291666666666667,0.0,6.408333333333334,0.0,78.13333333333334,0.0,0.52,0.0,-0.4333333333333333,0.0,4.529166666666667,0.0,73.33749999999999,0.0,0.3729166666666666,0.0,0.0,0.0
2025-03-04 00:00:00+00:00,247.0,0.0,0.5083333333333333,0.0,6.240277777777778,0.0,74.94305555555556,0.0,0.4977777777777778,0.0,0.9875000000000002,0.0,7.229166666666667,0.0,77.64166666666667,0.0,0.5795833333333333,0.0,0.0291666666666667,0.0,5.270833333333333,0.0,71.82916666666667,0.0,0.41958333333333336,0.0,0.0,0.0
2025-03-05 00:00:00+00:00,248.0,0.0,1.025,0.0,7.354166666666667,0.0,72.79861111111111,0.0,0.5766666666666667,0.0,1.5166666666666666,0.0,8.370833333333334,0.0,75.69166666666666,0.0,0.6629166666666667,0.0,0.5583333333333332,0.0,6.383333333333333,0.0,69.9875,0.0,0.4920833333333334,0.0,0.0,0.0
2025-03-06 00:00:00+00:00,249.0,0.0,0.967361111111111,0.0,7.342361111111111,0.0,72.51597222222223,0.0,0.5752777777777778,0.0,1.3500000000000003,0.0,8.245833333333334,0.0,75.33749999999999,0.0,0.6558333333333334,0.0,0.5708333333333333,0.0,6.404166666666666,0.0,69.91250000000001,0.0,0.4975,0.0,0.0,0.0
2025-03-07 00:00:00+00:00,250.0,0.0,0.7549019607843137,0.0,8.507843137254902,0.0,68.49607843137255,0.0,0.7056862745098039,0.0,1.1647058823529413,0.0,9.264705882352942,0.0,70.67647058823529,0.0,0.77,0.0,0.35294117647058815,0.0,7.647058823529412,0.0,66.61176470588236,0.0,0.6329411764705882,0.0,0.0,0.0
