,receivedAt,protocolVersion_mean,deviceId_mean,photosyntheticallyActiveRadiation_mean,protocolVersion_max,deviceId_max,photosyntheticallyActiveRadiation_max,protocolVersion_min,deviceId_min,photosyntheticallyActiveRadiation_min,DLI_mol m-2 d-1
0,2024-06-30 00:00:00+00:00,2.0,21456.0,0.0,2.0,21456.0,0.0,2.0,21456.0,0.0,0.0
1,2024-07-01 00:00:00+00:00,2.0,21456.0,263.7388888888889,2.0,21456.0,344.92499999999995,2.0,21456.0,181.20000000000002,22.78704
2,2024-07-02 00:00:00+00:00,2.0,21456.0,498.0465277777778,2.0,21456.0,571.975,2.0,21456.0,407.0333333333333,43.03122
3,2024-07-03 00:00:00+00:00,2.0,21456.0,191.55833333333337,2.0,21456.0,251.50416666666663,2.0,21456.0,145.525,16.55064
4,2024-07-04 00:00:00+00:00,2.0,21456.0,554.3979166666667,2.0,21456.0,617.4166666666666,2.0,21456.0,485.03333333333336,47.89998
5,2024-07-05 00:00:00+00:00,2.0,21456.0,488.59722222222223,2.0,21456.0,585.0166666666667,2.0,21456.0,390.5125,42.2148
6,2024-07-06 00:00:00+00:00,2.0,21456.0,268.62361111111113,2.0,21456.0,371.4083333333333,2.0,21456.0,169.14583333333334,23.20908
7,2024-07-07 00:00:00+00:00,2.0,21456.0,169.5,2.0,21456.0,240.70416666666665,2.0,21456.0,103.79583333333333,14.6448
8,2024-07-08 00:00:00+00:00,2.0,21456.0,489.8722222222222,2.0,21456.0,554.5375,2.0,21456.0,407.8333333333333,42.32496
9,2024-07-09 00:00:00+00:00,2.0,21456.0,364.8097222222222,2.0,21456.0,419.3041666666666,2.0,21456.0,298.3833333333333,31.519559999999995
10,2024-07-10 00:00:00+00:00,2.0,21456.0,466.2,2.0,21456.0,544.0875,2.0,21456.0,380.325,40.27968
11,2024-07-11 00:00:00+00:00,2.0,21456.0,477.8208333333334,2.0,21456.0,530.1708333333333,2.0,21456.0,418.4041666666667,41.28372
12,2024-07-12 00:00:00+00:00,2.0,21456.0,294.46944444444443,2.0,21456.0,438.8,2.0,21456.0,181.57916666666665,25.44216
13,2024-07-13 00:00:00+00:00,2.0,21456.0,418.91388888888895,2.0,21456.0,523.1374999999999,2.0,21456.0,259.8875,36.19416
14,2024-07-14 00:00:00+00:00,2.0,21456.0,477.75555555555553,2.0,21456.0,557.2583333333333,2.0,21456.0,409.12916666666666,41.27808
15,2024-07-15 00:00:00+00:00,2.0,21456.0,501.31805555555553,2.0,21456.0,560.0041666666667,2.0,21456.0,430.7083333333333,43.31388
16,2024-07-16 00:00:00+00:00,2.0,21456.0,482.29305555555555,2.0,21456.0,540.2,2.0,21456.0,412.0208333333333,41.67012
17,2024-07-17 00:00:00+00:00,2.0,21456.0,333.4048611111111,2.0,21456.0,468.09999999999997,2.0,21456.0,200.61249999999998,28.80618
18,2024-07-18 00:00:00+00:00,2.0,21456.0,492.0069444444444,2.0,21456.0,537.375,2.0,21456.0,445.78749999999997,42.5094
19,2024-07-19 00:00:00+00:00,2.0,21456.0,359.67083333333335,2.0,21456.0,416.6333333333334,2.0,21456.0,293.8833333333333,31.07556
20,2024-07-20 00:00:00+00:00,2.0,21456.0,282.0708333333333,2.0,21456.0,375.52500000000003,2.0,21456.0,219.84166666666667,24.37092
21,2024-07-21 00:00:00+00:00,2.0,21456.0,460.65000000000003,2.0,21456.0,511.01666666666665,2.0,21456.0,408.48333333333335,39.80016
22,2024-07-22 00:00:00+00:00,2.0,21456.0,493.68611111111113,2.0,21456.0,569.2291666666666,2.0,21456.0,398.14166666666665,42.65448
23,2024-07-23 00:00:00+00:00,2.0,21456.0,283.34027777777777,2.0,21456.0,441.12916666666666,2.0,21456.0,153.35,24.4806
24,2024-07-24 00:00:00+00:00,2.0,21456.0,410.71250000000003,2.0,21456.0,476.79999999999995,2.0,21456.0,325.2375,35.48556
25,2024-07-25 00:00:00+00:00,2.0,21456.0,429.55,2.0,21456.0,505.79583333333335,2.0,21456.0,354.2,37.11312
26,2024-07-26 00:00:00+00:00,2.0,21456.0,402.52361111111117,2.0,21456.0,474.0125,2.0,21456.0,329.77916666666664,34.77804
27,2024-07-27 00:00:00+00:00,2.0,21456.0,471.8305555555556,2.0,21456.0,521.7041666666667,2.0,21456.0,420.3833333333334,40.76616
28,2024-07-28 00:00:00+00:00,2.0,21456.0,458.00416666666666,2.0,21456.0,500.87083333333334,2.0,21456.0,413.2791666666667,39.57156
29,2024-07-29 00:00:00+00:00,2.0,21456.0,479.7236111111111,2.0,21456.0,531.6125000000001,2.0,21456.0,428.73333333333335,41.44812
30,2024-07-30 00:00:00+00:00,2.0,21456.0,460.97083333333336,2.0,21456.0,499.3458333333333,2.0,21456.0,422.4041666666667,39.82788000000001
31,2024-07-31 00:00:00+00:00,2.0,21456.0,454.6423611111111,2.0,21456.0,499.5333333333333,2.0,21456.0,408.1791666666666,39.2811
32,2024-08-01 00:00:00+00:00,2.0,21456.0,361.3972222222222,2.0,21456.0,414.5083333333334,2.0,21456.0,294.92083333333335,31.22472
33,2024-08-02 00:00:00+00:00,2.0,21456.0,381.6541666666667,2.0,21456.0,453.675,2.0,21456.0,305.77916666666664,32.974920000000004
34,2024-08-03 00:00:00+00:00,2.0,21456.0,430.54305555555555,2.0,21456.0,520.4458333333333,2.0,21456.0,343.82083333333327,37.19892
35,2024-08-04 00:00:00+00:00,2.0,21456.0,412.87916666666666,2.0,21456.0,497.05833333333334,2.0,21456.0,331.84166666666664,35.67276
36,2024-08-05 00:00:00+00:00,2.0,21456.0,433.1069444444445,2.0,21456.0,499.98333333333335,2.0,21456.0,360.37916666666666,37.42044
37,2024-08-06 00:00:00+00:00,2.0,21456.0,427.31319444444443,2.0,21456.0,474.80833333333334,2.0,21456.0,366.8875,36.91986
38,2024-08-07 00:00:00+00:00,2.0,21456.0,306.0708333333333,2.0,21456.0,351.05833333333334,2.0,21456.0,256.6458333333333,26.44452
39,2024-08-08 00:00:00+00:00,2.0,21456.0,473.65555555555557,2.0,21456.0,527.1083333333333,2.0,21456.0,423.0125,40.92384
40,2024-08-09 00:00:00+00:00,2.0,21456.0,464.0625,2.0,21456.0,506.375,2.0,21456.0,422.5916666666667,40.095
41,2024-08-10 00:00:00+00:00,2.0,21456.0,467.5111111111111,2.0,21456.0,515.475,2.0,21456.0,415.8666666666666,40.39296
42,2024-08-11 00:00:00+00:00,2.0,21456.0,444.27361111111117,2.0,21456.0,486.6041666666667,2.0,21456.0,394.5958333333333,38.38524
43,2024-08-12 00:00:00+00:00,2.0,21456.0,392.7722222222222,2.0,21456.0,468.6333333333334,2.0,21456.0,331.0,33.93552
44,2024-08-13 00:00:00+00:00,2.0,21456.0,392.28749999999997,2.0,21456.0,460.0083333333334,2.0,21456.0,317.1875,33.89364
45,2024-08-14 00:00:00+00:00,2.0,21456.0,177.76319444444445,2.0,21456.0,290.37083333333334,2.0,21456.0,91.31666666666666,15.35874
46,2024-08-15 00:00:00+00:00,2.0,21456.0,363.14861111111117,2.0,21456.0,418.325,2.0,21456.0,309.22499999999997,31.376040000000003
47,2024-08-16 00:00:00+00:00,2.0,21456.0,324.6305555555556,2.0,21456.0,428.3125,2.0,21456.0,198.66666666666666,28.048080000000002
48,2024-08-17 00:00:00+00:00,2.0,21456.0,313.46805555555557,2.0,21456.0,375.25416666666666,2.0,21456.0,245.63333333333333,27.08364
49,2024-08-18 00:00:00+00:00,2.0,21456.0,207.26666666666665,2.0,21456.0,334.31666666666666,2.0,21456.0,97.7,17.90784
50,2024-08-19 00:00:00+00:00,2.0,21456.0,100.90138888888889,2.0,21456.0,124.82083333333333,2.0,21456.0,79.15416666666667,8.71788
51,2024-08-20 00:00:00+00:00,2.0,21456.0,209.7263888888889,2.0,21456.0,300.02916666666664,2.0,21456.0,146.12916666666666,18.12036
52,2024-08-21 00:00:00+00:00,2.0,21456.0,451.3055555555556,2.0,21456.0,508.6875,2.0,21456.0,384.3,38.9928
53,2024-08-22 00:00:00+00:00,2.0,21456.0,317.59722222222223,2.0,21456.0,383.3666666666666,2.0,21456.0,265.84583333333336,27.4404
54,2024-08-23 00:00:00+00:00,2.0,21456.0,402.39375,2.0,21456.0,440.0125,2.0,21456.0,363.12083333333334,34.76682
55,2024-08-24 00:00:00+00:00,2.0,21456.0,363.9597222222222,2.0,21456.0,415.91249999999997,2.0,21456.0,294.19166666666666,31.44612
56,2024-08-25 00:00:00+00:00,2.0,21456.0,384.9583333333333,2.0,21456.0,420.00416666666666,2.0,21456.0,348.6666666666667,33.2604
57,2024-08-26 00:00:00+00:00,2.0,21456.0,248.71180555555557,2.0,21456.0,324.35833333333335,2.0,21456.0,169.82500000000002,21.488700000000005
58,2024-08-27 00:00:00+00:00,2.0,21456.0,191.1291666666667,2.0,21456.0,258.82916666666665,2.0,21456.0,120.35416666666667,16.513560000000002
59,2024-08-28 00:00:00+00:00,2.0,21456.0,218.15694444444443,2.0,21456.0,300.97499999999997,2.0,21456.0,131.5625,18.84876
60,2024-08-29 00:00:00+00:00,2.0,21456.0,390.19166666666666,2.0,21456.0,445.62916666666666,2.0,21456.0,325.47499999999997,33.71256
61,2024-08-30 00:00:00+00:00,2.0,21456.0,335.68055555555554,2.0,21456.0,422.2083333333333,2.0,21456.0,262.875,29.0028
62,2024-08-31 00:00:00+00:00,2.0,21456.0,224.90416666666667,2.0,21456.0,298.15416666666664,2.0,21456.0,155.72083333333333,19.43172
63,2024-09-01 00:00:00+00:00,2.0,21456.0,227.96805555555557,2.0,21456.0,341.9916666666666,2.0,21456.0,134.20000000000002,19.69644
64,2024-09-02 00:00:00+00:00,2.0,21456.0,288.8673611111111,2.0,21456.0,390.92083333333335,2.0,21456.0,196.9958333333333,24.95814
65,2024-09-03 00:00:00+00:00,2.0,21456.0,199.50833333333333,2.0,21456.0,278.96666666666664,2.0,21456.0,112.8,17.23752
66,2024-09-04 00:00:00+00:00,2.0,21456.0,115.21805555555557,2.0,21456.0,176.35833333333335,2.0,21456.0,76.02916666666667,9.95484
67,2024-09-05 00:00:00+00:00,2.0,21456.0,49.76666666666667,2.0,21456.0,68.925,2.0,21456.0,33.37916666666667,4.29984
68,2024-09-06 00:00:00+00:00,2.0,21456.0,321.49027777777775,2.0,21456.0,462.33750000000003,2.0,21456.0,186.6916666666667,27.77676
69,2024-09-07 00:00:00+00:00,2.0,21456.0,421.5444444444445,2.0,21456.0,464.7083333333333,2.0,21456.0,379.6375,36.42144
70,2024-09-08 00:00:00+00:00,2.0,21456.0,64.38055555555556,2.0,21456.0,87.89166666666667,2.0,21456.0,41.1625,5.56248
71,2024-09-09 00:00:00+00:00,2.0,21456.0,336.7347222222222,2.0,21456.0,461.08750000000003,2.0,21456.0,228.64583333333334,29.09388
72,2024-09-10 00:00:00+00:00,2.0,21456.0,414.26666666666665,2.0,21456.0,462.87916666666666,2.0,21456.0,357.17083333333335,35.79264
73,2024-09-11 00:00:00+00:00,2.0,21456.0,241.74027777777778,2.0,21456.0,302.3958333333333,2.0,21456.0,168.11666666666665,20.88636
74,2024-09-12 00:00:00+00:00,2.0,21456.0,29.30972222222222,2.0,21456.0,38.025,2.0,21456.0,21.5625,2.53236
75,2024-09-13 00:00:00+00:00,2.0,21456.0,144.61388888888888,2.0,21456.0,167.76666666666668,2.0,21456.0,121.19166666666666,12.49464
76,2024-09-14 00:00:00+00:00,2.0,21456.0,72.35000000000001,2.0,21456.0,84.6375,2.0,21456.0,60.199999999999996,6.25104
77,2024-09-15 00:00:00+00:00,2.0,21456.0,105.99861111111112,2.0,21456.0,130.275,2.0,21456.0,80.33749999999999,9.15828
78,2024-09-16 00:00:00+00:00,2.0,21456.0,119.21249999999999,2.0,21456.0,154.30416666666667,2.0,21456.0,76.77916666666667,10.29996
79,2024-09-17 00:00:00+00:00,2.0,21456.0,269.03749999999997,2.0,21456.0,358.62083333333334,2.0,21456.0,179.63333333333333,23.24484
80,2024-09-18 00:00:00+00:00,2.0,21456.0,153.18695652173912,2.0,21456.0,195.7695652173913,2.0,21456.0,117.02173913043478,12.683879999999998
81,2024-09-19 00:00:00+00:00,2.0,21456.0,111.7923611111111,2.0,21456.0,154.2375,2.0,21456.0,70.53333333333333,9.65886
82,2024-09-20 00:00:00+00:00,2.0,21456.0,103.69444444444444,2.0,21456.0,162.11666666666665,2.0,21456.0,64.80833333333332,8.9592
83,2024-09-21 00:00:00+00:00,2.0,21456.0,110.98194444444444,2.0,21456.0,145.52916666666667,2.0,21456.0,67.97916666666667,9.58884
84,2024-09-22 00:00:00+00:00,2.0,21456.0,188.04861111111111,2.0,21456.0,258.09999999999997,2.0,21456.0,129.0875,16.247400000000003
85,2024-09-23 00:00:00+00:00,2.0,21456.0,142.9958333333333,2.0,21456.0,181.95833333333334,2.0,21456.0,111.72916666666667,12.354839999999998
86,2024-09-24 00:00:00+00:00,2.0,21456.0,210.025,2.0,21456.0,278.2083333333333,2.0,21456.0,150.71666666666667,18.14616
87,2024-09-25 00:00:00+00:00,2.0,21456.0,197.01666666666668,2.0,21456.0,313.6875,2.0,21456.0,109.59583333333335,17.022240000000004
88,2024-09-26 00:00:00+00:00,2.0,21456.0,35.93333333333333,2.0,21456.0,43.55833333333334,2.0,21456.0,28.004166666666666,3.10464
89,2024-09-27 00:00:00+00:00,2.0,21456.0,227.85833333333335,2.0,21456.0,324.87083333333334,2.0,21456.0,153.2,19.68696
90,2024-09-28 00:00:00+00:00,2.0,21456.0,271.2416666666667,2.0,21456.0,347.02916666666664,2.0,21456.0,211.41666666666666,23.43528
91,2024-09-29 00:00:00+00:00,2.0,21456.0,339.29027777777776,2.0,21456.0,375.9375,2.0,21456.0,305.24583333333334,29.31468
92,2024-09-30 00:00:00+00:00,2.0,21456.0,83.975,2.0,21456.0,104.56666666666666,2.0,21456.0,61.64166666666667,7.255439999999999
93,2024-10-01 00:00:00+00:00,2.0,21456.0,85.89166666666667,2.0,21456.0,104.44166666666666,2.0,21456.0,67.825,7.42104
94,2024-10-02 00:00:00+00:00,2.0,21456.0,128.41666666666666,2.0,21456.0,163.00416666666666,2.0,21456.0,97.92083333333333,11.0952
95,2024-10-03 00:00:00+00:00,2.0,21456.0,29.688888888888886,2.0,21456.0,35.55833333333333,2.0,21456.0,24.3875,2.56512
96,2024-10-04 00:00:00+00:00,2.0,21456.0,58.31180555555556,2.0,21456.0,71.8625,2.0,21456.0,44.895833333333336,5.03814
97,2024-10-05 00:00:00+00:00,2.0,21456.0,98.47361111111111,2.0,21456.0,133.55833333333334,2.0,21456.0,74.04166666666667,8.50812
98,2024-10-06 00:00:00+00:00,2.0,21456.0,89.0763888888889,2.0,21456.0,108.82916666666667,2.0,21456.0,69.35,7.696200000000001
99,2024-10-07 00:00:00+00:00,2.0,21456.0,115.59722222222223,2.0,21456.0,161.82083333333333,2.0,21456.0,65.23333333333333,9.9876
100,2024-10-08 00:00:00+00:00,2.0,21456.0,29.75277777777778,2.0,21456.0,42.34166666666667,2.0,21456.0,19.416666666666668,2.57064
101,2024-10-09 00:00:00+00:00,2.0,21456.0,100.64305555555556,2.0,21456.0,148.65833333333333,2.0,21456.0,68.73333333333333,8.69556
102,2024-10-10 00:00:00+00:00,2.0,21456.0,28.431944444444444,2.0,21456.0,44.824999999999996,2.0,21456.0,14.9125,2.45652
103,2024-10-11 00:00:00+00:00,2.0,21456.0,251.3326388888889,2.0,21456.0,317.1958333333333,2.0,21456.0,185.8125,21.71514
104,2024-10-12 00:00:00+00:00,2.0,21456.0,158.36111111111111,2.0,21456.0,220.71666666666667,2.0,21456.0,86.62916666666666,13.6824
105,2024-10-13 00:00:00+00:00,2.0,21456.0,133.06666666666666,2.0,21456.0,152.8125,2.0,21456.0,115.8875,11.49696
106,2024-10-14 00:00:00+00:00,2.0,21456.0,190.76250000000002,2.0,21456.0,272.7916666666667,2.0,21456.0,110.66250000000001,16.48188
107,2024-10-15 00:00:00+00:00,2.0,21456.0,179.83333333333334,2.0,21456.0,260.57916666666665,2.0,21456.0,104.48333333333333,15.5376
108,2024-10-16 00:00:00+00:00,2.0,21456.0,68.18472222222222,2.0,21456.0,89.84166666666665,2.0,21456.0,42.26666666666667,5.89116
109,2024-10-17 00:00:00+00:00,2.0,21456.0,65.0513888888889,2.0,21456.0,81.32916666666667,2.0,21456.0,49.70416666666667,5.62044
110,2024-10-18 00:00:00+00:00,2.0,21456.0,69.79444444444444,2.0,21456.0,93.9875,2.0,21456.0,50.27916666666667,6.03024
111,2024-10-19 00:00:00+00:00,2.0,21456.0,49.861111111111114,2.0,21456.0,62.37083333333333,2.0,21456.0,36.199999999999996,4.308
112,2024-10-20 00:00:00+00:00,2.0,21456.0,155.41111111111113,2.0,21456.0,234.4125,2.0,21456.0,96.20416666666667,13.42752
113,2024-10-21 00:00:00+00:00,2.0,21456.0,343.15277777777777,2.0,21456.0,378.7166666666667,2.0,21456.0,308.3041666666667,29.648399999999995
114,2024-10-22 00:00:00+00:00,2.0,21456.0,350.4736111111111,2.0,21456.0,407.5541666666666,2.0,21456.0,307.0125,30.28092
115,2024-10-23 00:00:00+00:00,2.0,21456.0,49.55138888888889,2.0,21456.0,59.24166666666667,2.0,21456.0,40.12916666666667,4.28124
116,2024-10-24 00:00:00+00:00,2.0,21456.0,78.78611111111111,2.0,21456.0,102.53750000000001,2.0,21456.0,58.324999999999996,6.80712
117,2024-10-25 00:00:00+00:00,2.0,21456.0,253.68055555555554,2.0,21456.0,334.3958333333333,2.0,21456.0,198.79166666666666,21.918
118,2024-10-26 00:00:00+00:00,2.0,21456.0,64.64722222222223,2.0,21456.0,91.1375,2.0,21456.0,42.262499999999996,5.585520000000001
119,2024-10-27 00:00:00+00:00,2.0,21456.0,287.0375,2.0,21456.0,335.0791666666667,2.0,21456.0,233.49166666666667,24.800040000000003
120,2024-10-28 00:00:00+00:00,2.0,21456.0,191.65138888888887,2.0,21456.0,286.675,2.0,21456.0,120.89166666666667,16.55868
121,2024-10-29 00:00:00+00:00,2.0,21456.0,294.3451388888889,2.0,21456.0,367.77500000000003,2.0,21456.0,228.9625,25.43142
122,2024-10-30 00:00:00+00:00,2.0,21456.0,338.0444444444445,2.0,21456.0,377.0416666666667,2.0,21456.0,298.87916666666666,29.207040000000003
123,2024-10-31 00:00:00+00:00,2.0,21456.0,347.59236111111113,2.0,21456.0,386.57916666666665,2.0,21456.0,301.09166666666664,30.03198
124,2024-11-01 00:00:00+00:00,2.0,21456.0,351.4111111111111,2.0,21456.0,389.0291666666667,2.0,21456.0,306.8875,30.36192
125,2024-11-02 00:00:00+00:00,2.0,21456.0,352.4145833333334,2.0,21456.0,399.3958333333333,2.0,21456.0,294.4916666666667,30.448620000000005
126,2024-11-03 00:00:00+00:00,2.0,21456.0,334.71805555555557,2.0,21456.0,393.25416666666666,2.0,21456.0,253.76250000000002,28.91964
127,2024-11-04 00:00:00+00:00,2.0,21456.0,326.4875,2.0,21456.0,390.3958333333333,2.0,21456.0,241.01250000000002,28.20852
128,2024-11-05 00:00:00+00:00,2.0,21456.0,207.88194444444446,2.0,21456.0,267.1166666666667,2.0,21456.0,144.69583333333333,17.961
129,2024-11-06 00:00:00+00:00,2.0,21456.0,302.7708333333333,2.0,21456.0,379.0625,2.0,21456.0,183.22083333333333,26.1594
130,2024-11-07 00:00:00+00:00,2.0,21456.0,300.2291666666667,2.0,21456.0,375.75,2.0,21456.0,177.91666666666666,25.9398
131,2024-11-08 00:00:00+00:00,2.0,21456.0,238.11111111111111,2.0,21456.0,313.34166666666664,2.0,21456.0,128.20416666666668,20.5728
132,2024-11-09 00:00:00+00:00,2.0,21456.0,222.49166666666667,2.0,21456.0,283.5416666666667,2.0,21456.0,157.8125,19.22328
133,2024-11-10 00:00:00+00:00,2.0,21456.0,278.4583333333333,2.0,21456.0,364.03749999999997,2.0,21456.0,211.40833333333333,24.0588
134,2024-11-11 00:00:00+00:00,2.0,21456.0,270.87916666666666,2.0,21456.0,363.15000000000003,2.0,21456.0,204.58333333333334,23.40396
135,2024-11-12 00:00:00+00:00,2.0,21456.0,248.80972222222223,2.0,21456.0,345.1583333333333,2.0,21456.0,174.10416666666666,21.49716
136,2024-11-13 00:00:00+00:00,2.0,21456.0,215.7722222222222,2.0,21456.0,332.2583333333333,2.0,21456.0,101.17083333333333,18.64272
137,2024-11-14 00:00:00+00:00,2.0,21456.0,271.69166666666666,2.0,21456.0,363.92083333333335,2.0,21456.0,164.21666666666667,23.47416
138,2024-11-15 00:00:00+00:00,2.0,21456.0,261.3902777777778,2.0,21456.0,346.06666666666666,2.0,21456.0,144.50416666666666,22.58412
139,2024-11-16 00:00:00+00:00,2.0,21456.0,223.01458333333335,2.0,21456.0,271.9875,2.0,21456.0,175.82500000000002,19.26846
140,2024-11-17 00:00:00+00:00,2.0,21456.0,250.6916666666667,2.0,21456.0,312.3916666666667,2.0,21456.0,152.85416666666666,21.65976
141,2024-11-18 00:00:00+00:00,2.0,21456.0,103.29027777777777,2.0,21456.0,154.6875,2.0,21456.0,54.54583333333334,8.92428
142,2024-11-19 00:00:00+00:00,2.0,21456.0,123.30833333333334,2.0,21456.0,153.76666666666668,2.0,21456.0,91.28333333333335,10.65384
143,2024-11-20 00:00:00+00:00,2.0,21456.0,164.46944444444446,2.0,21456.0,241.39583333333334,2.0,21456.0,78.77083333333333,14.21016
144,2024-11-21 00:00:00+00:00,2.0,21456.0,76.57847222222222,2.0,21456.0,119.32499999999999,2.0,21456.0,41.50416666666666,6.61638
145,2024-11-22 00:00:00+00:00,2.0,21456.0,209.14583333333334,2.0,21456.0,301.93333333333334,2.0,21456.0,129.16666666666666,18.0702
146,2024-11-23 00:00:00+00:00,2.0,21456.0,191.50694444444446,2.0,21456.0,299.2625,2.0,21456.0,84.87083333333332,16.546200000000002
147,2024-11-24 00:00:00+00:00,2.0,21456.0,125.80555555555556,2.0,21456.0,185.42916666666667,2.0,21456.0,82.58333333333333,10.8696
148,2024-11-25 00:00:00+00:00,2.0,21456.0,165.37916666666663,2.0,21456.0,255.1291666666667,2.0,21456.0,56.416666666666664,14.288759999999998
149,2024-11-26 00:00:00+00:00,2.0,21456.0,67.35416666666667,2.0,21456.0,88.80416666666666,2.0,21456.0,49.520833333333336,5.8194
150,2024-11-27 00:00:00+00:00,2.0,21456.0,99.60416666666667,2.0,21456.0,126.94999999999999,2.0,21456.0,66.1125,8.6058
151,2024-11-28 00:00:00+00:00,2.0,21456.0,132.29513888888889,2.0,21456.0,173.75833333333333,2.0,21456.0,83.12916666666668,11.4303
152,2024-11-29 00:00:00+00:00,2.0,21456.0,178.4888888888889,2.0,21456.0,247.19166666666663,2.0,21456.0,62.137499999999996,15.42144
153,2024-11-30 00:00:00+00:00,2.0,21456.0,174.60833333333335,2.0,21456.0,243.10416666666666,2.0,21456.0,59.50833333333333,15.086160000000001
154,2024-12-01 00:00:00+00:00,2.0,21456.0,176.40555555555557,2.0,21456.0,243.57083333333333,2.0,21456.0,63.51666666666667,15.24144
155,2024-12-02 00:00:00+00:00,2.0,21456.0,184.3125,2.0,21456.0,252.95000000000002,2.0,21456.0,73.46666666666667,15.9246
156,2024-12-03 00:00:00+00:00,2.0,21456.0,49.93194444444445,2.0,21456.0,64.16250000000001,2.0,21456.0,38.449999999999996,4.31412
157,2024-12-04 00:00:00+00:00,2.0,21456.0,50.49027777777778,2.0,21456.0,63.8125,2.0,21456.0,39.295833333333334,4.36236
158,2024-12-05 00:00:00+00:00,2.0,21456.0,184.8708333333333,2.0,21456.0,239.6,2.0,21456.0,113.17916666666666,15.972839999999998
159,2024-12-06 00:00:00+00:00,2.0,21456.0,187.39305555555555,2.0,21456.0,223.8125,2.0,21456.0,140.68749999999997,16.19076
160,2024-12-07 00:00:00+00:00,2.0,21456.0,53.80972222222223,2.0,21456.0,67.70833333333333,2.0,21456.0,41.42916666666667,4.64916
161,2024-12-08 00:00:00+00:00,2.0,21456.0,15.197222222222223,2.0,21456.0,17.55,2.0,21456.0,12.779166666666667,1.31304
162,2024-12-09 00:00:00+00:00,2.0,21456.0,60.356944444444444,2.0,21456.0,71.63333333333334,2.0,21456.0,49.59166666666667,5.21484
163,2024-12-10 00:00:00+00:00,2.0,21456.0,45.85138888888889,2.0,21456.0,58.48333333333333,2.0,21456.0,35.545833333333334,3.96156
164,2024-12-11 00:00:00+00:00,2.0,21456.0,177.9152777777778,2.0,21456.0,230.2541666666667,2.0,21456.0,117.375,15.371880000000003
165,2024-12-12 00:00:00+00:00,2.0,21456.0,191.5111111111111,2.0,21456.0,249.82916666666665,2.0,21456.0,116.19583333333333,16.54656
166,2024-12-13 00:00:00+00:00,2.0,21456.0,189.66666666666666,2.0,21456.0,248.64583333333334,2.0,21456.0,109.9375,16.3872
167,2024-12-14 00:00:00+00:00,2.0,21456.0,66.40277777777779,2.0,21456.0,82.93333333333334,2.0,21456.0,49.137499999999996,5.7372
168,2024-12-15 00:00:00+00:00,2.0,21456.0,185.28055555555557,2.0,21456.0,247.69583333333333,2.0,21456.0,110.97083333333335,16.00824
169,2024-12-16 00:00:00+00:00,2.0,21456.0,167.02222222222224,2.0,21456.0,227.1291666666667,2.0,21456.0,101.24583333333334,14.430720000000003
170,2024-12-17 00:00:00+00:00,2.0,21456.0,160.65277777777777,2.0,21456.0,230.375,2.0,21456.0,86.63333333333333,13.8804
171,2024-12-18 00:00:00+00:00,2.0,21456.0,133.03333333333333,2.0,21456.0,202.64166666666665,2.0,21456.0,58.28333333333333,11.49408
172,2024-12-19 00:00:00+00:00,2.0,21456.0,38.09444444444444,2.0,21456.0,52.949999999999996,2.0,21456.0,24.333333333333332,3.29136
173,2024-12-20 00:00:00+00:00,2.0,21456.0,115.52361111111111,2.0,21456.0,163.35416666666666,2.0,21456.0,75.14999999999999,9.98124
174,2024-12-21 00:00:00+00:00,2.0,21456.0,184.7736111111111,2.0,21456.0,248.6833333333333,2.0,21456.0,109.825,15.96444
175,2024-12-22 00:00:00+00:00,2.0,21456.0,35.65555555555556,2.0,21456.0,47.07083333333333,2.0,21456.0,22.354166666666668,3.08064
176,2024-12-23 00:00:00+00:00,2.0,21456.0,193.84861111111107,2.0,21456.0,254.62916666666663,2.0,21456.0,116.92083333333335,16.748519999999996
177,2024-12-24 00:00:00+00:00,2.0,21456.0,195.95972222222224,2.0,21456.0,254.43333333333337,2.0,21456.0,117.67916666666667,16.93092
178,2024-12-25 00:00:00+00:00,2.0,21456.0,198.68055555555554,2.0,21456.0,253.48333333333332,2.0,21456.0,121.41666666666667,17.166
179,2024-12-26 00:00:00+00:00,2.0,21456.0,198.93472222222223,2.0,21456.0,252.53333333333333,2.0,21456.0,121.80416666666667,17.18796
180,2024-12-27 00:00:00+00:00,2.0,21456.0,199.07222222222222,2.0,21456.0,251.38749999999996,2.0,21456.0,121.35000000000001,17.19984
181,2024-12-28 00:00:00+00:00,2.0,21456.0,201.56805555555556,2.0,21456.0,248.525,2.0,21456.0,124.47499999999998,17.41548
182,2024-12-29 00:00:00+00:00,2.0,21456.0,200.56388888888887,2.0,21456.0,251.84583333333333,2.0,21456.0,121.07916666666667,17.32872
183,2024-12-30 00:00:00+00:00,2.0,21456.0,200.1916666666667,2.0,21456.0,252.98749999999998,2.0,21456.0,119.7375,17.29656
184,2024-12-31 00:00:00+00:00,2.0,21456.0,198.50416666666663,2.0,21456.0,252.91666666666666,2.0,21456.0,117.25833333333333,17.150759999999995
185,2025-01-01 00:00:00+00:00,2.0,21456.0,191.55833333333337,2.0,21456.0,245.35833333333335,2.0,21456.0,113.10416666666667,16.55064
186,2025-01-02 00:00:00+00:00,2.0,21456.0,57.31111111111111,2.0,21456.0,76.82916666666667,2.0,21456.0,38.52916666666666,4.95168
187,2025-01-03 00:00:00+00:00,2.0,21456.0,200.98749999999998,2.0,21456.0,256.2375,2.0,21456.0,111.51249999999999,17.36532
188,2025-01-04 00:00:00+00:00,2.0,21456.0,165.92777777777778,2.0,21456.0,225.48749999999998,2.0,21456.0,98.30416666666667,14.33616
189,2025-01-05 00:00:00+00:00,2.0,21456.0,26.43472222222222,2.0,21456.0,32.541666666666664,2.0,21456.0,19.912499999999998,2.28396
190,2025-01-06 00:00:00+00:00,2.0,21456.0,20.42222222222222,2.0,21456.0,29.945833333333336,2.0,21456.0,12.625,1.76448
191,2025-01-07 00:00:00+00:00,2.0,21456.0,37.79027777777778,2.0,21456.0,54.24166666666667,2.0,21456.0,25.708333333333332,3.26508
192,2025-01-08 00:00:00+00:00,2.0,21456.0,92.46527777777779,2.0,21456.0,140.45416666666668,2.0,21456.0,50.354166666666664,7.989000000000001
193,2025-01-09 00:00:00+00:00,2.0,21456.0,28.329166666666666,2.0,21456.0,37.72083333333333,2.0,21456.0,19.6875,2.44764
194,2025-01-10 00:00:00+00:00,2.0,21456.0,79.65277777777779,2.0,21456.0,116.92083333333333,2.0,21456.0,52.1875,6.882
195,2025-01-11 00:00:00+00:00,2.0,21456.0,141.74027777777778,2.0,21456.0,183.75,2.0,21456.0,104.675,12.24636
196,2025-01-12 00:00:00+00:00,2.0,21456.0,183.9652777777778,2.0,21456.0,269.84583333333336,2.0,21456.0,85.40416666666668,15.894600000000002
197,2025-01-13 00:00:00+00:00,2.0,21456.0,189.83055555555552,2.0,21456.0,269.5458333333333,2.0,21456.0,104.25416666666666,16.401359999999997
198,2025-01-14 00:00:00+00:00,2.0,21456.0,194.71875,2.0,21456.0,260.12083333333334,2.0,21456.0,132.48333333333332,16.8237
199,2025-01-15 00:00:00+00:00,2.0,21456.0,214.05555555555554,2.0,21456.0,268.97083333333336,2.0,21456.0,158.5,18.4944
200,2025-01-16 00:00:00+00:00,2.0,21456.0,196.31944444444446,2.0,21456.0,245.17083333333335,2.0,21456.0,157.24583333333334,16.962
201,2025-01-17 00:00:00+00:00,2.0,21456.0,227.65833333333333,2.0,21456.0,263.81666666666666,2.0,21456.0,179.55833333333337,19.66968
202,2025-01-18 00:00:00+00:00,2.0,21456.0,240.225,2.0,21456.0,277.4458333333333,2.0,21456.0,188.13750000000002,20.75544
203,2025-01-19 00:00:00+00:00,2.0,21456.0,24.325,2.0,21456.0,32.079166666666666,2.0,21456.0,15.604166666666666,2.10168
204,2025-01-20 00:00:00+00:00,2.0,21456.0,43.550000000000004,2.0,21456.0,56.37916666666666,2.0,21456.0,32.38333333333333,3.76272
205,2025-01-21 00:00:00+00:00,2.0,21456.0,166.1013888888889,2.0,21456.0,234.71666666666667,2.0,21456.0,102.26666666666667,14.35116
206,2025-01-22 00:00:00+00:00,2.0,21456.0,57.5,2.0,21456.0,75.72083333333333,2.0,21456.0,41.35,4.968
207,2025-01-23 00:00:00+00:00,2.0,21456.0,37.43819444444444,2.0,21456.0,50.23333333333333,2.0,21456.0,27.15833333333333,3.23466
208,2025-01-24 00:00:00+00:00,2.0,21456.0,236.92083333333335,2.0,21456.0,332.1125,2.0,21456.0,154.07083333333333,20.46996
209,2025-01-25 00:00:00+00:00,2.0,21456.0,135.5736111111111,2.0,21456.0,179.97500000000002,2.0,21456.0,102.0,11.71356
210,2025-01-26 00:00:00+00:00,2.0,21456.0,58.083333333333336,2.0,21456.0,78.72916666666667,2.0,21456.0,39.21666666666666,5.0184
211,2025-01-27 00:00:00+00:00,2.0,21456.0,30.618055555555557,2.0,21456.0,37.80416666666667,2.0,21456.0,24.02916666666667,2.6454
212,2025-01-28 00:00:00+00:00,2.0,21456.0,44.10833333333334,2.0,21456.0,62.51666666666666,2.0,21456.0,30.670833333333334,3.8109600000000006
213,2025-01-29 00:00:00+00:00,2.0,21456.0,247.51944444444442,2.0,21456.0,332.71250000000003,2.0,21456.0,159.90833333333333,21.38568
214,2025-01-30 00:00:00+00:00,2.0,21456.0,185.33055555555555,2.0,21456.0,279.46250000000003,2.0,21456.0,101.74166666666667,16.01256
215,2025-01-31 00:00:00+00:00,2.0,21456.0,77.1736111111111,2.0,21456.0,105.47500000000001,2.0,21456.0,53.104166666666664,6.667799999999999
216,2025-02-01 00:00:00+00:00,2.0,21456.0,30.134722222222223,2.0,21456.0,38.295833333333334,2.0,21456.0,21.4375,2.60364
217,2025-02-02 00:00:00+00:00,2.0,21456.0,220.34583333333333,2.0,21456.0,322.79583333333335,2.0,21456.0,124.92916666666666,19.03788
218,2025-02-03 00:00:00+00:00,2.0,21456.0,310.9736111111111,2.0,21456.0,378.2708333333333,2.0,21456.0,253.3708333333333,26.86812
219,2025-02-04 00:00:00+00:00,2.0,21456.0,310.8597222222222,2.0,21456.0,388.25416666666666,2.0,21456.0,253.07083333333333,26.85828
220,2025-02-05 00:00:00+00:00,2.0,21456.0,333.7472222222222,2.0,21456.0,412.90000000000003,2.0,21456.0,257.3375,28.83576
221,2025-02-06 00:00:00+00:00,2.0,21456.0,335.8875,2.0,21456.0,405.12083333333334,2.0,21456.0,260.34583333333336,29.02068
222,2025-02-07 00:00:00+00:00,2.0,21456.0,159.975,2.0,21456.0,223.11666666666667,2.0,21456.0,119.05833333333334,13.82184
223,2025-02-08 00:00:00+00:00,2.0,21456.0,44.15694444444444,2.0,21456.0,54.12083333333334,2.0,21456.0,36.27916666666667,3.81516
224,2025-02-09 00:00:00+00:00,2.0,21456.0,50.481944444444444,2.0,21456.0,59.17083333333333,2.0,21456.0,42.53333333333334,4.36164
225,2025-02-10 00:00:00+00:00,2.0,21456.0,128.18055555555554,2.0,21456.0,193.40416666666667,2.0,21456.0,82.74166666666666,11.074799999999998
226,2025-02-11 00:00:00+00:00,2.0,21456.0,72.55694444444445,2.0,21456.0,84.23333333333333,2.0,21456.0,61.72083333333333,6.26892
227,2025-02-12 00:00:00+00:00,2.0,21456.0,85.94722222222224,2.0,21456.0,126.72500000000001,2.0,21456.0,56.37916666666667,7.425840000000001
228,2025-02-13 00:00:00+00:00,2.0,21456.0,46.161111111111104,2.0,21456.0,53.75,2.0,21456.0,38.9125,3.9883199999999994
229,2025-02-14 00:00:00+00:00,2.0,21456.0,57.144444444444446,2.0,21456.0,75.92083333333333,2.0,21456.0,41.35,4.93728
230,2025-02-15 00:00:00+00:00,2.0,21456.0,402.7166666666667,2.0,21456.0,451.31666666666666,2.0,21456.0,343.2833333333333,34.79472
231,2025-02-16 00:00:00+00:00,2.0,21456.0,340.90972222222223,2.0,21456.0,404.5833333333333,2.0,21456.0,258.52500000000003,29.4546
232,2025-02-17 00:00:00+00:00,2.0,21456.0,144.5847222222222,2.0,21456.0,188.20833333333334,2.0,21456.0,110.89999999999999,12.49212
233,2025-02-18 00:00:00+00:00,2.0,21456.0,248.09444444444443,2.0,21456.0,278.5125,2.0,21456.0,211.6,21.43536
234,2025-02-19 00:00:00+00:00,2.0,21456.0,86.87361111111112,2.0,21456.0,100.3625,2.0,21456.0,76.25833333333333,7.50588
235,2025-02-20 00:00:00+00:00,2.0,21456.0,363.7708333333333,2.0,21456.0,407.75416666666666,2.0,21456.0,316.5833333333333,31.4298
236,2025-02-21 00:00:00+00:00,2.0,21456.0,376.2083333333333,2.0,21456.0,425.87083333333334,2.0,21456.0,322.57916666666665,32.5044
237,2025-02-22 00:00:00+00:00,2.0,21456.0,206.2097222222222,2.0,21456.0,244.98333333333335,2.0,21456.0,171.125,17.81652
238,2025-02-23 00:00:00+00:00,2.0,21456.0,268.36527777777775,2.0,21456.0,311.3208333333333,2.0,21456.0,220.60833333333335,23.18676
239,2025-02-24 00:00:00+00:00,2.0,21456.0,207.79999999999998,2.0,21456.0,272.2916666666667,2.0,21456.0,146.63750000000002,17.95392
240,2025-02-25 00:00:00+00:00,2.0,21456.0,111.4875,2.0,21456.0,166.43333333333334,2.0,21456.0,72.1375,9.63252
241,2025-02-26 00:00:00+00:00,2.0,21456.0,50.97361111111112,2.0,21456.0,59.237500000000004,2.0,21456.0,43.6,4.40412
242,2025-02-27 00:00:00+00:00,2.0,21456.0,447.53749999999997,2.0,21456.0,488.5083333333334,2.0,21456.0,406.18333333333334,38.66724
243,2025-02-28 00:00:00+00:00,2.0,21456.0,218.65694444444443,2.0,21456.0,299.06666666666666,2.0,21456.0,150.03333333333333,18.89196
244,2025-03-01 00:00:00+00:00,2.0,21456.0,181.5513888888889,2.0,21456.0,253.55416666666667,2.0,21456.0,125.46249999999999,15.68604
245,2025-03-02 00:00:00+00:00,2.0,21456.0,457.5333333333333,2.0,21456.0,494.3041666666666,2.0,21456.0,420.5708333333334,39.53088
246,2025-03-03 00:00:00+00:00,2.0,21456.0,455.76388888888886,2.0,21456.0,492.0208333333333,2.0,21456.0,419.0,39.37799999999999
247,2025-03-04 00:00:00+00:00,2.0,21456.0,451.89861111111117,2.0,21456.0,490.9875,2.0,21456.0,413.77500000000003,39.04404
248,2025-03-05 00:00:00+00:00,2.0,21456.0,458.89861111111105,2.0,21456.0,508.39166666666665,2.0,21456.0,415.5,39.64884
249,2025-03-06 00:00:00+00:00,2.0,21456.0,464.52916666666664,2.0,21456.0,522.5375,2.0,21456.0,416.2208333333333,40.13531999999999
250,2025-03-07 00:00:00+00:00,2.0,21456.0,445.9777777777778,2.0,21456.0,500.76250000000005,2.0,21456.0,398.78749999999997,38.53248
251,2025-03-08 00:00:00+00:00,2.0,21456.0,455.29305555555555,2.0,21456.0,517.65,2.0,21456.0,402.3333333333333,39.33732
252,2025-03-09 00:00:00+00:00,2.0,21456.0,216.6326388888889,2.0,21456.0,267.3333333333333,2.0,21456.0,172.1875,18.71706
253,2025-03-10 00:00:00+00:00,2.0,21456.0,208.36944444444444,2.0,21456.0,350.45416666666665,2.0,21456.0,100.70833333333333,18.00312
254,2025-03-11 00:00:00+00:00,2.0,21456.0,351.46527777777777,2.0,21456.0,410.5333333333333,2.0,21456.0,282.97499999999997,30.366599999999995
255,2025-03-12 00:00:00+00:00,2.0,21456.0,164.375,2.0,21456.0,244.70833333333334,2.0,21456.0,87.7,14.202
256,2025-03-13 00:00:00+00:00,2.0,21456.0,349.07222222222214,2.0,21456.0,505.49583333333334,2.0,21456.0,185.61666666666667,30.159839999999992
257,2025-03-14 00:00:00+00:00,2.0,21456.0,178.47777777777776,2.0,21456.0,237.91666666666666,2.0,21456.0,134.5875,15.420479999999998
258,2025-03-15 00:00:00+00:00,2.0,21456.0,92.32777777777778,2.0,21456.0,118.44583333333333,2.0,21456.0,69.96249999999999,7.97712
259,2025-03-16 00:00:00+00:00,2.0,21456.0,137.1013888888889,2.0,21456.0,187.72083333333333,2.0,21456.0,89.72500000000001,11.84556
260,2025-03-17 00:00:00+00:00,2.0,21456.0,348.77777777777777,2.0,21456.0,488.0125,2.0,21456.0,226.67083333333335,30.134399999999996
261,2025-03-18 00:00:00+00:00,2.0,21456.0,506.3263888888889,2.0,21456.0,554.0875,2.0,21456.0,458.0333333333333,43.7466
262,2025-03-19 00:00:00+00:00,2.0,21456.0,501.06111111111113,2.0,21456.0,553.4,2.0,21456.0,450.7083333333333,43.29168
263,2025-03-20 00:00:00+00:00,2.0,21456.0,381.57916666666665,2.0,21456.0,434.7916666666667,2.0,21456.0,333.175,32.96844
264,2025-03-21 00:00:00+00:00,2.0,21456.0,165.10763888888889,2.0,21456.0,193.20833333333334,2.0,21456.0,139.07500000000002,14.2653
265,2025-03-22 00:00:00+00:00,2.0,21456.0,77.15,2.0,21456.0,101.48333333333333,2.0,21456.0,55.925000000000004,6.665760000000001
266,2025-03-23 00:00:00+00:00,2.0,21456.0,118.7625,2.0,21456.0,164.90833333333333,2.0,21456.0,77.28333333333333,10.26108
267,2025-03-24 00:00:00+00:00,2.0,21456.0,269.80277777777775,2.0,21456.0,412.75,2.0,21456.0,160.29583333333332,23.31096
268,2025-03-25 00:00:00+00:00,2.0,21456.0,179.7458333333333,2.0,21456.0,269.275,2.0,21456.0,91.35833333333333,15.530039999999998
269,2025-03-26 00:00:00+00:00,2.0,21456.0,231.95972222222224,2.0,21456.0,367.3208333333334,2.0,21456.0,95.52499999999999,20.04132
270,2025-03-27 00:00:00+00:00,2.0,21456.0,301.6638888888889,2.0,21456.0,369.9083333333333,2.0,21456.0,245.97083333333333,26.06376
271,2025-03-28 00:00:00+00:00,2.0,21456.0,139.22361111111113,2.0,21456.0,181.42916666666667,2.0,21456.0,102.99583333333334,12.02892
272,2025-03-29 00:00:00+00:00,2.0,21456.0,118.45902777777776,2.0,21456.0,149.26250000000002,2.0,21456.0,95.14166666666667,10.23486
273,2025-03-30 00:00:00+00:00,2.0,21456.0,296.06805555555553,2.0,21456.0,346.3333333333333,2.0,21456.0,250.8166666666667,25.58028
274,2025-03-31 00:00:00+00:00,2.0,21456.0,282.8,2.0,21456.0,385.9791666666667,2.0,21456.0,178.61249999999998,24.43392
275,2025-04-01 00:00:00+00:00,2.0,21456.0,187.57222222222222,2.0,21456.0,227.16666666666666,2.0,21456.0,143.20416666666668,16.20624
276,2025-04-02 00:00:00+00:00,2.0,21456.0,300.7416666666667,2.0,21456.0,380.2166666666667,2.0,21456.0,239.90833333333333,25.98408
277,2025-04-03 00:00:00+00:00,2.0,21456.0,308.0861111111111,2.0,21456.0,347.2916666666667,2.0,21456.0,270.26666666666665,26.61864
278,2025-04-04 00:00:00+00:00,2.0,21456.0,310.1611111111111,2.0,21456.0,343.05833333333334,2.0,21456.0,276.0708333333333,26.79792
279,2025-04-05 00:00:00+00:00,2.0,21456.0,312.66805555555555,2.0,21456.0,345.0833333333333,2.0,21456.0,279.84583333333336,27.01452
280,2025-04-06 00:00:00+00:00,2.0,21456.0,326.6666666666667,2.0,21456.0,360.7583333333334,2.0,21456.0,291.90416666666664,28.224
281,2025-04-07 00:00:00+00:00,2.0,21456.0,326.20972222222224,2.0,21456.0,360.41249999999997,2.0,21456.0,291.3666666666667,28.18452
282,2025-04-08 00:00:00+00:00,2.0,21456.0,332.15833333333336,2.0,21456.0,363.8833333333334,2.0,21456.0,301.325,28.69848
283,2025-04-09 00:00:00+00:00,2.0,21456.0,306.79305555555555,2.0,21456.0,358.5833333333333,2.0,21456.0,252.34583333333333,26.50692
284,2025-04-10 00:00:00+00:00,2.0,21456.0,260.10833333333335,2.0,21456.0,286.78749999999997,2.0,21456.0,232.76666666666665,22.47336
285,2025-04-11 00:00:00+00:00,2.0,21456.0,342.11527777777775,2.0,21456.0,371.4375,2.0,21456.0,306.8875,29.55876
286,2025-04-12 00:00:00+00:00,2.0,21456.0,300.56944444444446,2.0,21456.0,337.1458333333333,2.0,21456.0,262.2291666666667,25.9692
287,2025-04-13 00:00:00+00:00,2.0,21456.0,64.25277777777778,2.0,21456.0,78.35416666666667,2.0,21456.0,47.4125,5.55144
288,2025-04-14 00:00:00+00:00,2.0,21456.0,100.59444444444443,2.0,21456.0,126.30416666666667,2.0,21456.0,79.34166666666667,8.69136
289,2025-04-15 00:00:00+00:00,2.0,21456.0,102.33749999999999,2.0,21456.0,138.25,2.0,21456.0,73.20416666666667,8.84196
290,2025-04-16 00:00:00+00:00,2.0,21456.0,144.11805555555557,2.0,21456.0,189.54999999999998,2.0,21456.0,99.22500000000001,12.4518
291,2025-04-17 00:00:00+00:00,2.0,21456.0,77.05277777777778,2.0,21456.0,123.28333333333335,2.0,21456.0,44.475,6.65736
292,2025-04-18 00:00:00+00:00,2.0,21456.0,238.25486111111113,2.0,21456.0,318.1166666666667,2.0,21456.0,157.85,20.58522
293,2025-04-19 00:00:00+00:00,2.0,21456.0,112.98958333333333,2.0,21456.0,163.15416666666667,2.0,21456.0,70.875,9.7623
294,2025-04-20 00:00:00+00:00,2.0,21456.0,216.02499999999998,2.0,21456.0,279.0833333333333,2.0,21456.0,166.47083333333333,18.664559999999998
295,2025-04-21 00:00:00+00:00,2.0,21456.0,164.2722222222222,2.0,21456.0,208.82083333333333,2.0,21456.0,116.53750000000001,14.19312
296,2025-04-22 00:00:00+00:00,2.0,21456.0,246.48055555555558,2.0,21456.0,329.325,2.0,21456.0,181.61666666666667,21.29592
297,2025-04-23 00:00:00+00:00,2.0,21456.0,159.12222222222223,2.0,21456.0,222.01250000000002,2.0,21456.0,102.84583333333332,13.74816
298,2025-04-24 00:00:00+00:00,2.0,21456.0,179.19166666666663,2.0,21456.0,249.85833333333335,2.0,21456.0,126.46249999999999,15.482159999999999
299,2025-04-25 00:00:00+00:00,2.0,21456.0,143.5361111111111,2.0,21456.0,185.27916666666667,2.0,21456.0,115.35833333333333,12.401519999999998
300,2025-04-26 00:00:00+00:00,2.0,21456.0,159.975,2.0,21456.0,220.83333333333334,2.0,21456.0,111.80416666666667,13.82184
301,2025-04-27 00:00:00+00:00,2.0,21456.0,209.20138888888889,2.0,21456.0,257.00416666666666,2.0,21456.0,149.275,18.075
302,2025-04-28 00:00:00+00:00,2.0,21456.0,302.3305555555556,2.0,21456.0,458.68333333333334,2.0,21456.0,193.7875,26.12136
303,2025-04-29 00:00:00+00:00,2.0,21456.0,419.85833333333335,2.0,21456.0,497.8958333333333,2.0,21456.0,320.84999999999997,36.27576
304,2025-04-30 00:00:00+00:00,2.0,21456.0,394.19722222222225,2.0,21456.0,489.42083333333335,2.0,21456.0,292.78333333333336,34.05864
305,2025-05-01 00:00:00+00:00,2.0,21456.0,369.2055555555555,2.0,21456.0,435.51666666666665,2.0,21456.0,307.72083333333336,31.899359999999998
306,2025-05-02 00:00:00+00:00,2.0,21456.0,386.6958333333334,2.0,21456.0,423.54583333333335,2.0,21456.0,350.60833333333335,33.410520000000005
307,2025-05-03 00:00:00+00:00,2.0,21456.0,239.18333333333337,2.0,21456.0,312.12083333333334,2.0,21456.0,176.1625,20.665440000000004
308,2025-05-04 00:00:00+00:00,2.0,21456.0,277.5597222222222,2.0,21456.0,327.3,2.0,21456.0,223.89166666666665,23.98116
309,2025-05-05 00:00:00+00:00,2.0,21456.0,142.1236111111111,2.0,21456.0,240.475,2.0,21456.0,68.35833333333333,12.279479999999998
310,2025-05-06 00:00:00+00:00,2.0,21456.0,153.13472222222222,2.0,21456.0,174.0625,2.0,21456.0,133.9,13.23084
311,2025-05-07 00:00:00+00:00,2.0,21456.0,107.02222222222223,2.0,21456.0,132.55416666666667,2.0,21456.0,84.03333333333333,9.24672
312,2025-05-08 00:00:00+00:00,2.0,21456.0,278.9555555555556,2.0,21456.0,344.5416666666667,2.0,21456.0,208.475,24.10176
313,2025-05-09 00:00:00+00:00,2.0,21456.0,192.98749999999998,2.0,21456.0,256.76666666666665,2.0,21456.0,129.74583333333334,16.67412
314,2025-05-10 00:00:00+00:00,2.0,21456.0,252.19930555555558,2.0,21456.0,301.6375,2.0,21456.0,200.61249999999998,21.79002
315,2025-05-11 00:00:00+00:00,2.0,21456.0,413.6541666666667,2.0,21456.0,482.94166666666666,2.0,21456.0,314.9458333333333,35.73972
316,2025-05-12 00:00:00+00:00,2.0,21456.0,314.09027777777777,2.0,21456.0,371.17083333333335,2.0,21456.0,241.20833333333334,27.1374
317,2025-05-13 00:00:00+00:00,2.0,21456.0,244.76527777777778,2.0,21456.0,320.54583333333335,2.0,21456.0,173.53333333333333,21.14772
318,2025-05-14 00:00:00+00:00,2.0,21456.0,319.86527777777775,2.0,21456.0,380.6583333333333,2.0,21456.0,266.59999999999997,27.63636
319,2025-05-15 00:00:00+00:00,2.0,21456.0,377.8416666666667,2.0,21456.0,457.5333333333333,2.0,21456.0,308.6041666666667,32.645520000000005
320,2025-05-16 00:00:00+00:00,2.0,21456.0,333.27500000000003,2.0,21456.0,421.9083333333333,2.0,21456.0,256.15416666666664,28.79496
321,2025-05-17 00:00:00+00:00,2.0,21456.0,404.9444444444444,2.0,21456.0,476.3458333333333,2.0,21456.0,313.6791666666667,34.9872
322,2025-05-18 00:00:00+00:00,2.0,21456.0,422.84166666666664,2.0,21456.0,473.17083333333335,2.0,21456.0,371.0541666666666,36.533519999999996
323,2025-05-19 00:00:00+00:00,2.0,21456.0,393.3194444444444,2.0,21456.0,443.90833333333336,2.0,21456.0,345.1541666666667,33.9828
324,2025-05-20 00:00:00+00:00,2.0,21456.0,127.74444444444445,2.0,21456.0,169.3375,2.0,21456.0,89.7625,11.03712
325,2025-05-21 00:00:00+00:00,2.0,21456.0,190.6875,2.0,21456.0,256.4291666666667,2.0,21456.0,137.14166666666668,16.4754
326,2025-05-22 00:00:00+00:00,2.0,21456.0,76.71805555555555,2.0,21456.0,108.53750000000001,2.0,21456.0,53.40833333333333,6.62844
327,2025-05-23 00:00:00+00:00,2.0,21456.0,314.75347222222223,2.0,21456.0,395.43333333333334,2.0,21456.0,231.21666666666667,27.1947
328,2025-05-24 00:00:00+00:00,2.0,21456.0,321.93611111111113,2.0,21456.0,420.2375,2.0,21456.0,209.07916666666665,27.81528
329,2025-05-25 00:00:00+00:00,2.0,21456.0,308.3666666666667,2.0,21456.0,348.20416666666665,2.0,21456.0,273.59999999999997,26.64288
330,2025-05-26 00:00:00+00:00,2.0,21456.0,421.8041666666666,2.0,21456.0,468.32916666666665,2.0,21456.0,365.15000000000003,36.44388
331,2025-05-27 00:00:00+00:00,2.0,21456.0,152.62222222222223,2.0,21456.0,202.2125,2.0,21456.0,111.30833333333334,13.18656
332,2025-05-28 00:00:00+00:00,2.0,21456.0,307.20694444444445,2.0,21456.0,369.33750000000003,2.0,21456.0,243.10833333333335,26.54268
333,2025-05-29 00:00:00+00:00,2.0,21456.0,442.0625,2.0,21456.0,482.41249999999997,2.0,21456.0,405.27500000000003,38.1942
334,2025-05-30 00:00:00+00:00,2.0,21456.0,384.54583333333335,2.0,21456.0,445.5208333333333,2.0,21456.0,330.72499999999997,33.22476
335,2025-05-31 00:00:00+00:00,2.0,21456.0,426.71527777777777,2.0,21456.0,472.0333333333333,2.0,21456.0,377.8458333333333,36.8682
336,2025-06-01 00:00:00+00:00,2.0,21456.0,365.81388888888887,2.0,21456.0,428.1166666666666,2.0,21456.0,299.72083333333336,31.60632
337,2025-06-02 00:00:00+00:00,2.0,21456.0,247.24166666666667,2.0,21456.0,341.52500000000003,2.0,21456.0,154.87916666666666,21.36168
338,2025-06-03 00:00:00+00:00,2.0,21456.0,373.5805555555555,2.0,21456.0,461.03749999999997,2.0,21456.0,290.44166666666666,32.277359999999994
339,2025-06-04 00:00:00+00:00,2.0,21456.0,225.85833333333335,2.0,21456.0,296.9375,2.0,21456.0,158.88750000000002,19.51416
340,2025-06-05 00:00:00+00:00,2.0,21456.0,253.25694444444446,2.0,21456.0,344.39166666666665,2.0,21456.0,178.29166666666666,21.8814
341,2025-06-06 00:00:00+00:00,2.0,21456.0,386.11041666666665,2.0,21456.0,443.17916666666673,2.0,21456.0,326.8,33.35994
342,2025-06-07 00:00:00+00:00,2.0,21456.0,285.3597222222222,2.0,21456.0,383.7291666666667,2.0,21456.0,188.37916666666663,24.65508
343,2025-06-08 00:00:00+00:00,2.0,21456.0,397.01944444444445,2.0,21456.0,440.48333333333335,2.0,21456.0,344.50416666666666,34.30248
344,2025-06-09 00:00:00+00:00,2.0,21456.0,376.35138888888883,2.0,21456.0,405.6125,2.0,21456.0,345.8833333333334,32.51676
345,2025-06-10 00:00:00+00:00,2.0,21456.0,394.7083333333333,2.0,21456.0,425.37083333333334,2.0,21456.0,362.3666666666666,34.1028
346,2025-06-11 00:00:00+00:00,2.0,21456.0,397.06111111111113,2.0,21456.0,432.6666666666667,2.0,21456.0,359.19166666666666,34.30608
347,2025-06-12 00:00:00+00:00,2.0,21456.0,379.06805555555553,2.0,21456.0,426.3333333333333,2.0,21456.0,332.90833333333336,32.75148
348,2025-06-13 00:00:00+00:00,2.0,21456.0,398.44305555555553,2.0,21456.0,433.76666666666665,2.0,21456.0,360.8208333333334,34.42548
349,2025-06-14 00:00:00+00:00,2.0,21456.0,319.8388888888889,2.0,21456.0,351.51666666666665,2.0,21456.0,289.575,27.63408
350,2025-06-15 00:00:00+00:00,2.0,21456.0,391.4638888888889,2.0,21456.0,445.12916666666666,2.0,21456.0,346.72499999999997,33.82248
351,2025-06-16 00:00:00+00:00,2.0,21456.0,131.15416666666667,2.0,21456.0,203.70833333333334,2.0,21456.0,78.58333333333333,11.33172
352,2025-06-17 00:00:00+00:00,2.0,21456.0,392.0361111111111,2.0,21456.0,463.02916666666664,2.0,21456.0,303.33750000000003,33.87192
353,2025-06-18 00:00:00+00:00,2.0,21456.0,409.08611111111117,2.0,21456.0,446.62083333333334,2.0,21456.0,368.91249999999997,35.34504
354,2025-06-19 00:00:00+00:00,2.0,21456.0,404.75416666666666,2.0,21456.0,445.87083333333334,2.0,21456.0,363.1583333333333,34.97076
355,2025-06-20 00:00:00+00:00,2.0,21456.0,381.8,2.0,21456.0,448.60434782608695,2.0,21456.0,311.08260869565214,31.61304
356,2025-06-21 00:00:00+00:00,2.0,21456.0,337.10625,2.0,21456.0,390.2791666666667,2.0,21456.0,286.06666666666666,29.12598
357,2025-06-22 00:00:00+00:00,2.0,21456.0,417.9666666666667,2.0,21456.0,452.8125,2.0,21456.0,378.91249999999997,36.11232
358,2025-06-23 00:00:00+00:00,2.0,21456.0,514.0755555555555,2.0,21456.0,570.62,2.0,21456.0,439.88,27.76008
