,receivedAt,dewpoint_mean,temperature_mean,humidity_mean,vaporPressureDeficit_mean,dewpoint_max,temperature_max,humidity_max,vaporPressureDeficit_max,dewpoint_min,temperature_min,humidity_min,vaporPressureDeficit_min
0,2024-06-30 00:00:00+00:00,15.75,17.733333333333334,88.33333333333333,0.23833333333333337,15.9,18.5,91.7,0.32,15.5,17.0,85.0,0.16
1,2024-07-01 00:00:00+00:00,16.5375,20.57361111111111,79.90138888888889,0.6549999999999999,21.7,32.5,95.8,2.56,14.0,14.8,46.9,0.07
2,2024-07-02 00:00:00+00:00,15.785915492957745,22.761971830985914,68.96760563380282,1.1650704225352113,20.5,34.0,96.2,3.58,13.1,13.7,30.5,0.06
3,2024-07-03 00:00:00+00:00,15.043055555555554,18.727777777777778,80.80138888888888,0.4972222222222222,17.8,25.6,95.3,1.51,13.7,14.6,53.7,0.08
4,2024-07-04 00:00:00+00:00,15.197222222222223,22.075000000000003,69.40416666666667,1.15125,20.1,35.1,95.6,3.57,13.1,13.9,31.7,0.07
5,2024-07-05 00:00:00+00:00,16.481944444444444,23.191666666666666,69.81527777777778,1.2045833333333333,21.7,36.9,96.4,3.85,11.9,12.5,35.6,0.05
6,2024-07-06 00:00:00+00:00,17.828169014084505,23.263380281690143,73.35211267605634,0.9243661971830985,22.3,35.4,93.4,3.25,14.7,16.0,43.4,0.12
7,2024-07-07 00:00:00+00:00,17.862499999999997,21.479166666666668,80.71527777777777,0.5519444444444445,22.3,30.6,100.0,1.69,15.4,17.1,60.1,0.0
8,2024-07-08 00:00:00+00:00,18.45492957746479,24.204225352112676,73.8,1.1166197183098592,23.5,36.2,95.3,3.54,15.7,17.1,40.1,0.1
9,2024-07-09 00:00:00+00:00,18.820833333333333,24.59861111111111,73.35,1.1222222222222222,23.1,36.6,96.8,3.59,15.2,15.8,41.6,0.06
10,2024-07-10 00:00:00+00:00,19.8125,26.94861111111111,69.18333333333334,1.561388888888889,25.3,39.8,95.7,4.1,16.2,16.9,37.4,0.08
11,2024-07-11 00:00:00+00:00,20.588732394366197,27.37605633802817,69.82535211267606,1.5049295774647886,25.7,39.2,96.0,4.23,16.8,17.5,40.2,0.08
12,2024-07-12 00:00:00+00:00,18.919718309859153,23.27323943661972,78.00704225352112,0.7432394366197184,23.0,33.7,94.5,2.44,16.5,18.2,52.1,0.12
13,2024-07-13 00:00:00+00:00,18.867605633802814,25.407042253521126,70.29859154929578,1.2843661971830986,24.4,37.8,94.8,3.94,15.8,17.6,36.9,0.11
14,2024-07-14 00:00:00+00:00,18.820833333333333,25.41111111111111,70.59861111111111,1.353611111111111,24.1,37.7,95.4,3.87,15.0,15.9,39.8,0.08
15,2024-07-15 00:00:00+00:00,18.974647887323943,26.176056338028168,69.10000000000001,1.5350704225352112,24.7,38.2,97.0,4.25,15.2,15.8,35.2,0.05
16,2024-07-16 00:00:00+00:00,19.755555555555556,26.55972222222222,69.86111111111111,1.4619444444444445,27.1,39.2,95.9,4.2,15.6,16.3,38.3,0.08
17,2024-07-17 00:00:00+00:00,20.08888888888889,25.429166666666667,74.65416666666667,1.064861111111111,25.5,36.7,96.0,3.27,16.3,17.0,47.1,0.08
18,2024-07-18 00:00:00+00:00,20.216666666666665,27.130555555555556,70.125,1.5481944444444444,25.1,40.6,96.6,4.77,16.5,17.0,37.4,0.07
19,2024-07-19 00:00:00+00:00,19.709722222222222,24.470833333333335,77.87083333333334,0.9977777777777779,26.7,40.1,96.7,4.06,16.9,17.5,42.6,0.07
20,2024-07-20 00:00:00+00:00,18.916666666666668,23.22222222222222,78.96111111111111,0.7981944444444444,24.2,35.7,95.8,2.85,16.5,17.3,51.0,0.09
21,2024-07-21 00:00:00+00:00,19.904166666666665,25.105555555555554,75.53472222222223,1.0558333333333332,27.7,37.4,97.1,3.51,16.0,16.5,45.0,0.05
22,2024-07-22 00:00:00+00:00,20.904225352112675,24.346478873239434,81.80845070422535,0.6247887323943662,28.5,32.9,94.7,1.85,16.4,17.3,55.7,0.11
23,2024-07-23 00:00:00+00:00,19.904166666666665,23.45138888888889,81.70833333333333,0.6397222222222223,25.1,33.9,94.7,2.11,16.8,17.7,56.0,0.11
24,2024-07-24 00:00:00+00:00,19.18472222222222,24.563888888888886,75.16805555555555,1.0752777777777778,23.6,37.2,96.5,3.74,15.7,16.3,40.7,0.07
25,2024-07-25 00:00:00+00:00,19.97222222222222,25.016666666666666,75.19166666666666,0.9437500000000001,26.8,34.8,93.3,2.96,16.5,18.9,44.8,0.15
26,2024-07-26 00:00:00+00:00,20.122535211267607,26.233802816901406,70.64084507042253,1.1911267605633802,26.5,37.6,85.7,3.9,16.4,19.1,39.8,0.33
27,2024-07-27 00:00:00+00:00,21.211111111111112,26.4625,75.18472222222222,1.0963888888888889,28.2,36.9,96.2,3.58,17.0,18.2,42.6,0.09
28,2024-07-28 00:00:00+00:00,21.971830985915492,26.236619718309857,79.5112676056338,0.9383098591549296,29.0,38.7,97.8,3.94,17.6,18.0,42.7,0.05
29,2024-07-29 00:00:00+00:00,21.443055555555556,25.94027777777778,78.13194444444444,0.9368055555555556,27.6,37.7,95.7,3.38,17.9,18.7,48.1,0.09
30,2024-07-30 00:00:00+00:00,21.791666666666668,25.469444444444445,81.97361111111111,0.7780555555555556,29.1,35.9,97.4,2.84,17.7,18.4,51.8,0.06
31,2024-07-31 00:00:00+00:00,22.92816901408451,25.9056338028169,85.05492957746479,0.6607042253521126,29.7,35.2,98.4,2.71,17.9,18.2,49.7,0.03
32,2024-08-01 00:00:00+00:00,21.07183098591549,23.81830985915493,85.69154929577465,0.5305633802816901,28.8,34.3,97.5,2.19,17.4,18.3,56.2,0.06
33,2024-08-02 00:00:00+00:00,19.95138888888889,22.25,87.39861111111111,0.39666666666666667,27.6,31.6,95.8,1.62,16.1,16.9,61.3,0.08
34,2024-08-03 00:00:00+00:00,20.154166666666665,23.22361111111111,83.85,0.54625,29.4,34.5,96.7,2.13,15.9,16.5,56.7,0.06
35,2024-08-04 00:00:00+00:00,20.356944444444444,23.873611111111114,81.275,0.6131944444444444,26.4,32.9,92.4,1.81,16.2,17.8,60.7,0.16
36,2024-08-05 00:00:00+00:00,21.459722222222222,25.1625,81.2486111111111,0.7494444444444445,29.4,36.4,94.9,3.17,17.6,19.1,44.8,0.12
37,2024-08-06 00:00:00+00:00,21.093055555555555,25.859722222222224,77.12777777777778,1.0084722222222222,28.3,37.8,95.3,3.42,17.7,18.5,46.7,0.1
38,2024-08-07 00:00:00+00:00,18.876388888888886,21.90138888888889,84.63194444444444,0.5641666666666666,27.8,36.0,96.8,2.58,16.1,16.6,52.2,0.06
39,2024-08-08 00:00:00+00:00,19.91304347826087,24.085507246376814,80.23768115942029,0.8560869565217392,29.6,35.8,98.0,2.93,15.3,15.7,45.8,0.04
40,2024-08-09 00:00:00+00:00,21.422222222222224,25.25,82.28611111111111,0.8852777777777778,28.7,37.6,99.2,3.48,16.0,16.1,45.2,0.01
41,2024-08-10 00:00:00+00:00,22.183561643835617,26.145205479452052,81.34246575342466,0.9315068493150684,28.1,37.9,99.2,3.24,17.5,17.6,50.8,0.02
42,2024-08-11 00:00:00+00:00,23.48857142857143,26.87,82.84571428571428,0.7785714285714286,31.8,37.2,97.3,2.23,17.8,18.3,58.4,0.06
43,2024-08-12 00:00:00+00:00,22.827777777777776,26.17361111111111,82.8736111111111,0.7286111111111111,31.2,36.9,97.3,2.68,18.0,18.5,56.6,0.06
44,2024-08-13 00:00:00+00:00,20.605555555555554,24.67361111111111,80.52777777777777,0.857361111111111,27.9,38.2,98.6,3.17,17.3,17.5,49.1,0.03
45,2024-08-14 00:00:00+00:00,19.479166666666668,20.720833333333335,92.90833333333333,0.20180555555555557,26.1,30.8,99.3,1.06,16.5,16.8,76.1,0.01
46,2024-08-15 00:00:00+00:00,20.086111111111112,22.769444444444446,85.99722222222222,0.5116666666666667,26.8,32.6,98.9,1.82,15.1,15.4,57.7,0.02
47,2024-08-16 00:00:00+00:00,21.158333333333335,24.158333333333335,85.15416666666667,0.6223611111111111,28.5,33.0,98.9,2.16,16.4,16.9,56.1,0.02
48,2024-08-17 00:00:00+00:00,20.648611111111112,23.3375,86.0638888888889,0.5251388888888889,28.4,33.7,99.7,2.17,16.5,16.6,57.7,0.01
49,2024-08-18 00:00:00+00:00,19.01111111111111,20.768055555555556,90.57916666666667,0.30930555555555556,26.8,33.0,98.9,1.97,15.7,16.2,60.9,0.02
50,2024-08-19 00:00:00+00:00,18.563888888888886,19.5375,94.35,0.1429166666666667,22.1,25.2,99.4,0.68,16.4,16.8,78.9,0.01
51,2024-08-20 00:00:00+00:00,19.3,22.046478873239437,85.59154929577464,0.4709859154929577,24.5,30.1,98.6,1.65,16.9,17.2,61.4,0.03
52,2024-08-21 00:00:00+00:00,21.811111111111114,25.424999999999997,81.39027777777778,0.7573611111111112,30.9,36.9,97.7,2.08,16.9,17.3,56.6,0.05
53,2024-08-22 00:00:00+00:00,20.631944444444443,24.193055555555556,81.40833333333333,0.6604166666666667,28.9,35.7,95.5,2.94,17.1,17.9,49.7,0.09
54,2024-08-23 00:00:00+00:00,21.367605633802814,24.591549295774648,83.55492957746479,0.676056338028169,29.2,36.3,98.0,2.52,15.8,16.2,55.6,0.04
55,2024-08-24 00:00:00+00:00,21.067605633802817,24.756338028169015,81.6774647887324,0.7752112676056337,28.4,37.0,98.0,3.23,16.5,16.9,48.6,0.04
56,2024-08-25 00:00:00+00:00,20.759722222222223,24.727777777777778,80.09861111111111,0.8091666666666666,31.0,38.0,97.5,3.65,15.5,15.9,44.9,0.05
57,2024-08-26 00:00:00+00:00,18.566666666666666,22.327777777777776,81.42638888888888,0.6627777777777778,25.1,33.8,99.2,2.8,15.6,16.6,46.7,0.02
58,2024-08-27 00:00:00+00:00,18.979166666666668,20.993055555555557,89.29861111111111,0.36347222222222225,25.2,33.9,100.0,2.31,15.0,15.0,56.3,0.0
59,2024-08-28 00:00:00+00:00,17.981944444444444,20.42638888888889,87.23611111111111,0.41625,25.0,31.5,98.6,1.95,14.9,15.2,57.8,0.02
60,2024-08-29 00:00:00+00:00,18.938028169014082,23.261971830985914,80.17042253521127,0.9059154929577464,26.8,36.1,99.5,2.95,13.5,13.6,46.1,0.01
61,2024-08-30 00:00:00+00:00,20.829166666666666,22.883333333333333,88.9,0.39125000000000004,29.3,33.4,100.0,1.32,14.9,14.9,65.8,0.0
62,2024-08-31 00:00:00+00:00,20.763380281690143,23.84225352112676,83.88450704225352,0.5656338028169013,28.6,33.2,97.1,1.51,17.8,18.3,64.3,0.06
63,2024-09-01 00:00:00+00:00,19.220000000000002,21.475714285714286,87.81714285714285,0.36842857142857144,26.1,29.4,96.9,1.79,14.9,15.5,56.3,0.06
64,2024-09-02 00:00:00+00:00,18.047222222222224,19.958333333333332,89.27638888888889,0.29680555555555554,25.6,29.2,98.6,0.96,13.1,13.3,71.4,0.02
65,2024-09-03 00:00:00+00:00,17.59027777777778,19.580555555555556,89.19722222222222,0.3209722222222222,22.3,29.1,98.5,1.42,13.1,13.3,63.5,0.02
66,2024-09-04 00:00:00+00:00,17.779166666666665,18.230555555555554,97.29722222222222,0.07069444444444445,24.7,26.6,100.0,0.42,13.1,13.3,87.5,0.0
67,2024-09-05 00:00:00+00:00,17.001388888888886,17.51388888888889,96.94861111111112,0.06791666666666667,20.0,22.6,100.0,0.4,15.8,15.8,84.9,0.0
68,2024-09-06 00:00:00+00:00,17.9887323943662,21.12394366197183,84.13943661971831,0.5452112676056338,22.8,33.2,99.7,2.32,15.3,15.9,54.4,0.01
69,2024-09-07 00:00:00+00:00,17.487499999999997,21.73611111111111,80.05972222222222,0.8061111111111111,22.9,34.0,99.2,2.81,13.0,13.1,45.6,0.01
70,2024-09-08 00:00:00+00:00,17.23913043478261,18.297101449275363,93.96376811594203,0.15173913043478263,20.7,25.7,99.0,0.87,14.1,14.4,72.7,0.02
71,2024-09-09 00:00:00+00:00,15.774647887323944,20.29718309859155,78.93098591549297,0.7209859154929578,19.8,31.8,99.2,2.71,11.0,11.6,40.5,0.02
72,2024-09-10 00:00:00+00:00,14.020588235294117,19.636764705882353,74.925,0.924264705882353,18.3,32.5,98.8,2.93,9.6,9.8,37.8,0.02
73,2024-09-11 00:00:00+00:00,16.10281690140845,19.1887323943662,84.61830985915492,0.49239436619718313,21.3,30.2,99.4,2.07,12.6,13.1,50.4,0.01
74,2024-09-12 00:00:00+00:00,11.139999999999999,11.36142857142857,98.52714285714285,0.01842857142857143,15.4,15.5,100.0,0.07,8.0,8.4,94.7,0.0
75,2024-09-13 00:00:00+00:00,5.922535211267606,13.667605633802816,62.249295774647884,0.6608450704225353,10.8,22.6,98.3,1.66,1.0,8.4,39.4,0.02
76,2024-09-14 00:00:00+00:00,4.036111111111111,14.811111111111112,49.045833333333334,0.87125,9.4,22.7,67.4,1.57,1.2,11.6,37.8,0.45
77,2024-09-15 00:00:00+00:00,6.183333333333334,15.426388888888889,55.25555555555556,0.8258333333333333,11.9,24.5,80.1,1.83,2.1,10.3,38.7,0.28
78,2024-09-16 00:00:00+00:00,7.943661971830986,14.284507042253521,66.76619718309858,0.5854929577464789,13.7,24.4,90.1,1.49,3.7,7.1,49.0,0.11
79,2024-09-17 00:00:00+00:00,11.263380281690141,14.608450704225353,82.01408450704226,0.39704225352112676,18.5,26.9,96.6,1.67,5.8,6.3,50.2,0.03
80,2024-09-18 00:00:00+00:00,9.585507246376812,12.120289855072462,86.11159420289854,0.2753623188405797,13.9,21.6,98.7,1.02,4.3,4.5,60.5,0.01
81,2024-09-19 00:00:00+00:00,11.307042253521127,13.466197183098592,87.90140845070422,0.24211267605633804,15.0,21.0,99.1,0.85,8.1,8.3,65.7,0.01
82,2024-09-20 00:00:00+00:00,12.464285714285714,14.154285714285713,90.27571428571429,0.19557142857142856,20.5,25.6,98.3,1.11,10.4,10.9,61.3,0.02
83,2024-09-21 00:00:00+00:00,13.291176470588235,14.711764705882352,92.13970588235294,0.18161764705882352,18.4,24.1,100.0,1.05,9.7,9.7,64.0,0.0
84,2024-09-22 00:00:00+00:00,13.322857142857144,14.59142857142857,92.71571428571428,0.16871428571428573,20.6,24.5,100.0,0.9,7.6,7.6,69.9,0.0
85,2024-09-23 00:00:00+00:00,12.991549295774648,14.381690140845071,92.1225352112676,0.17422535211267604,17.8,23.3,99.9,0.83,8.2,8.4,70.9,0.0
86,2024-09-24 00:00:00+00:00,14.332857142857142,16.76,87.13142857142857,0.3312857142857143,18.8,25.7,99.6,1.36,11.0,11.4,58.8,0.01
87,2024-09-25 00:00:00+00:00,13.719444444444443,15.981944444444444,87.50972222222222,0.2925,19.1,25.4,99.8,1.12,9.8,10.0,65.5,0.0
88,2024-09-26 00:00:00+00:00,13.804225352112676,14.898591549295775,93.31549295774647,0.11436619718309861,14.9,16.8,98.7,0.27,12.3,13.4,85.5,0.02
89,2024-09-27 00:00:00+00:00,16.57605633802817,18.61549295774648,89.2830985915493,0.3469014084507042,24.6,32.1,99.5,1.83,12.5,13.0,59.8,0.01
90,2024-09-28 00:00:00+00:00,11.20281690140845,15.983098591549295,77.35211267605634,0.6104225352112677,16.2,29.3,98.0,2.53,5.7,6.7,33.2,0.03
91,2024-09-29 00:00:00+00:00,8.695774647887324,13.749295774647887,76.75774647887324,0.6147887323943662,12.8,26.5,97.1,2.17,3.6,4.1,36.7,0.02
92,2024-09-30 00:00:00+00:00,10.136111111111111,12.727777777777778,85.22222222222223,0.2513888888888889,12.1,17.9,98.0,0.7,7.5,7.9,65.3,0.02
93,2024-10-01 00:00:00+00:00,11.390277777777778,13.294444444444444,89.03611111111111,0.20041666666666666,13.8,18.3,99.1,0.58,8.1,8.4,71.5,0.01
94,2024-10-02 00:00:00+00:00,13.747887323943662,15.156338028169014,92.09436619718309,0.18014084507042252,19.1,26.1,98.8,1.17,12.2,12.6,60.1,0.02
95,2024-10-03 00:00:00+00:00,10.883333333333333,11.575,95.60833333333333,0.06055555555555556,13.0,13.4,98.4,0.14,8.4,9.2,90.6,0.02
96,2024-10-04 00:00:00+00:00,9.097183098591549,10.228169014084507,93.02535211267606,0.09661971830985916,11.2,14.8,98.7,0.35,8.2,8.5,78.2,0.01
97,2024-10-05 00:00:00+00:00,9.866197183098592,11.325352112676057,91.53661971830986,0.14380281690140848,14.0,19.8,99.7,0.71,7.8,8.1,68.3,0.0
98,2024-10-06 00:00:00+00:00,9.259154929577464,11.14507042253521,89.36197183098591,0.18028169014084508,12.1,16.9,99.9,0.63,5.9,6.2,66.4,0.0
99,2024-10-07 00:00:00+00:00,11.104166666666666,12.18888888888889,94.0625,0.12333333333333335,14.8,23.2,100.0,1.19,7.4,7.4,58.3,0.0
100,2024-10-08 00:00:00+00:00,13.577464788732394,13.618309859154929,99.74366197183099,0.004084507042253521,15.1,15.5,100.0,0.04,12.1,12.1,97.6,0.0
101,2024-10-09 00:00:00+00:00,14.211111111111112,15.54027777777778,92.475,0.16333333333333333,17.0,22.7,100.0,0.95,12.4,12.4,65.6,0.0
102,2024-10-10 00:00:00+00:00,12.014084507042254,12.460563380281691,97.1887323943662,0.04422535211267606,15.1,16.2,100.0,0.15,6.6,6.6,92.0,0.0
103,2024-10-11 00:00:00+00:00,8.887323943661972,11.426760563380281,87.09718309859154,0.32028169014084507,16.1,26.3,100.0,1.59,4.7,4.7,53.1,0.0
104,2024-10-12 00:00:00+00:00,9.740277777777777,11.669444444444444,89.50833333333334,0.22208333333333333,16.3,23.7,100.0,1.17,5.3,5.4,60.2,0.0
105,2024-10-13 00:00:00+00:00,10.033802816901408,11.933802816901407,89.72676056338028,0.22,15.8,22.6,100.0,1.11,6.6,6.8,58.9,0.0
106,2024-10-14 00:00:00+00:00,10.523611111111112,12.116666666666667,91.26249999999999,0.18319444444444444,14.9,21.6,100.0,0.89,7.3,7.4,64.8,0.0
107,2024-10-15 00:00:00+00:00,10.132394366197182,11.259154929577464,93.59859154929578,0.1267605633802817,16.1,20.8,100.0,0.88,6.7,6.7,64.3,0.0
108,2024-10-16 00:00:00+00:00,11.508450704225352,11.592957746478874,99.45070422535211,0.008169014084507042,13.5,14.0,100.0,0.08,8.0,8.0,95.3,0.0
109,2024-10-17 00:00:00+00:00,14.335211267605633,14.414084507042253,99.48732394366198,0.009014084507042254,16.4,16.9,100.0,0.06,12.9,12.9,97.0,0.0
110,2024-10-18 00:00:00+00:00,13.625352112676056,13.709859154929577,99.5,0.011408450704225352,18.4,20.3,100.0,0.27,10.1,10.1,88.8,0.0
111,2024-10-19 00:00:00+00:00,12.256944444444445,12.269444444444444,99.91527777777777,0.00125,14.1,14.3,100.0,0.02,9.9,9.9,98.9,0.0
112,2024-10-20 00:00:00+00:00,14.663888888888888,14.869444444444444,98.75694444444444,0.02861111111111111,21.3,22.5,100.0,0.26,12.5,12.5,89.9,0.0
113,2024-10-21 00:00:00+00:00,14.990140845070423,16.992957746478872,89.96338028169014,0.3067605633802817,20.0,27.3,100.0,1.56,11.3,11.3,55.6,0.0
114,2024-10-22 00:00:00+00:00,13.364788732394366,14.949295774647888,91.7718309859155,0.2277464788732394,20.4,26.1,100.0,1.41,10.1,10.1,58.2,0.0
115,2024-10-23 00:00:00+00:00,13.415277777777778,13.694444444444445,98.29166666666667,0.03125,15.4,16.7,100.0,0.18,11.8,11.8,90.3,0.0
116,2024-10-24 00:00:00+00:00,13.934722222222222,14.180555555555555,98.45555555555556,0.02791666666666667,17.0,17.7,100.0,0.13,12.1,12.1,93.2,0.0
117,2024-10-25 00:00:00+00:00,13.845833333333333,15.319444444444445,91.69305555555555,0.1823611111111111,17.2,22.5,100.0,0.93,12.0,12.0,66.0,0.0
118,2024-10-26 00:00:00+00:00,13.918055555555556,13.976388888888888,99.62777777777778,0.007083333333333334,16.6,17.3,100.0,0.08,12.4,12.4,95.8,0.0
119,2024-10-27 00:00:00+00:00,14.636111111111111,15.779166666666665,93.85277777777777,0.1622222222222222,20.7,25.4,100.0,1.32,12.9,12.9,58.8,0.0
120,2024-10-28 00:00:00+00:00,13.261111111111111,14.737499999999999,92.05138888888888,0.19055555555555556,16.4,24.0,100.0,1.14,10.0,10.0,61.7,0.0
121,2024-10-29 00:00:00+00:00,10.99,11.967142857142857,94.8,0.13357142857142856,20.6,24.5,100.0,1.25,6.7,6.7,59.4,0.0
122,2024-10-30 00:00:00+00:00,9.89718309859155,11.322535211267605,92.80281690140845,0.19774647887323946,19.0,26.0,100.0,1.55,5.3,5.3,52.5,0.0
123,2024-10-31 00:00:00+00:00,8.966666666666667,10.634722222222223,91.67361111111111,0.22166666666666665,18.6,24.6,100.0,1.45,4.5,4.5,52.1,0.0
124,2024-11-01 00:00:00+00:00,8.115277777777777,9.890277777777778,91.12916666666666,0.22680555555555554,17.3,24.5,100.0,1.5,3.4,3.4,51.3,0.0
125,2024-11-02 00:00:00+00:00,7.176056338028169,8.914084507042253,91.33380281690141,0.21577464788732395,17.4,24.3,100.0,1.62,2.5,2.5,46.6,0.0
126,2024-11-03 00:00:00+00:00,6.104166666666667,7.7041666666666675,91.88611111111112,0.1840277777777778,17.5,22.5,100.0,1.29,1.5,1.5,50.3,0.0
127,2024-11-04 00:00:00+00:00,5.902816901408451,7.4873239436619725,91.94366197183099,0.18352112676056337,17.0,22.3,100.0,1.29,1.0,1.0,52.1,0.0
128,2024-11-05 00:00:00+00:00,4.241666666666666,5.384722222222222,93.78055555555555,0.11,14.3,18.8,100.0,0.95,-0.9,-0.9,54.5,0.0
129,2024-11-06 00:00:00+00:00,3.427777777777778,5.455555555555556,90.08194444444445,0.20763888888888887,13.7,21.0,100.0,1.4,-1.2,-1.2,43.5,0.0
130,2024-11-07 00:00:00+00:00,3.492957746478873,5.185915492957746,91.46338028169014,0.16901408450704225,15.6,20.3,100.0,1.33,-1.4,-1.4,44.1,0.0
131,2024-11-08 00:00:00+00:00,3.4402777777777778,4.345833333333333,94.80694444444445,0.07916666666666666,13.7,17.7,100.0,0.75,-1.9,-1.9,58.0,0.0
132,2024-11-09 00:00:00+00:00,3.990277777777778,4.872222222222223,95.24305555555556,0.08555555555555555,13.1,18.3,100.0,0.94,-0.1,-0.1,55.1,0.0
133,2024-11-10 00:00:00+00:00,2.7847222222222223,4.172222222222222,92.77083333333333,0.1313888888888889,15.2,19.4,100.0,1.13,-2.1,-2.1,47.1,0.0
134,2024-11-11 00:00:00+00:00,1.8763888888888889,3.2430555555555554,92.74305555555556,0.11694444444444445,13.4,18.0,100.0,1.04,-2.4,-2.4,49.5,0.0
135,2024-11-12 00:00:00+00:00,0.6930555555555555,2.3791666666666664,91.32499999999999,0.13972222222222222,11.4,17.9,100.0,1.13,-3.2,-3.2,44.7,0.0
136,2024-11-13 00:00:00+00:00,1.7309859154929577,3.252112676056338,91.39718309859154,0.10971830985915493,12.3,17.6,100.0,1.05,-4.0,-4.0,45.4,0.0
137,2024-11-14 00:00:00+00:00,1.4652777777777777,3.908333333333333,87.93333333333334,0.1902777777777778,7.4,19.3,100.0,1.35,-3.1,-3.1,37.7,0.0
138,2024-11-15 00:00:00+00:00,-0.6138888888888889,0.8305555555555556,92.18194444444445,0.09930555555555556,11.5,15.3,100.0,0.87,-4.5,-4.5,45.0,0.0
139,2024-11-16 00:00:00+00:00,-0.7319444444444445,0.9750000000000001,91.29444444444444,0.12763888888888889,11.7,16.4,100.0,1.01,-4.4,-4.4,44.3,0.0
140,2024-11-17 00:00:00+00:00,-0.8154929577464789,0.5915492957746479,92.36619718309859,0.0952112676056338,10.0,14.5,100.0,0.7,-4.5,-4.5,50.2,0.0
141,2024-11-18 00:00:00+00:00,0.6138888888888889,1.3736111111111111,95.27083333333333,0.04638888888888889,5.2,8.3,100.0,0.27,-2.6,-2.6,74.8,0.0
142,2024-11-19 00:00:00+00:00,1.7722222222222221,2.6527777777777777,94.89305555555556,0.06305555555555556,6.3,13.6,100.0,0.64,-2.0,-2.0,58.7,0.0
143,2024-11-20 00:00:00+00:00,0.42676056338028173,4.821126760563381,77.8112676056338,0.2043661971830986,11.0,14.6,100.0,1.09,-10.3,-3.1,28.9,0.0
144,2024-11-21 00:00:00+00:00,-5.108333333333333,-0.5388888888888889,74.16527777777777,0.1802777777777778,-0.1,6.3,100.0,0.54,-7.5,-6.4,43.2,0.0
145,2024-11-22 00:00:00+00:00,-5.767605633802817,2.205633802816901,63.48450704225352,0.3357746478873239,0.3,11.3,100.0,1.0,-13.8,-5.0,22.0,0.0
146,2024-11-23 00:00:00+00:00,-4.644444444444444,-0.8027777777777777,78.59305555555555,0.17458333333333334,-2.0,10.9,96.5,0.83,-6.9,-5.8,36.6,0.02
147,2024-11-24 00:00:00+00:00,-2.6694444444444443,-0.12500000000000006,85.5,0.12819444444444444,0.1,10.6,100.0,0.7,-4.9,-4.7,45.6,0.0
148,2024-11-25 00:00:00+00:00,-1.2458333333333333,0.18194444444444446,91.60416666666667,0.08041666666666666,2.4,11.8,100.0,0.66,-3.4,-3.4,52.6,0.0
149,2024-11-26 00:00:00+00:00,2.8219178082191783,3.820547945205479,93.67397260273972,0.061506849315068494,5.2,9.8,100.0,0.34,-2.7,-2.7,71.6,0.0
150,2024-11-27 00:00:00+00:00,5.643055555555556,6.495833333333334,94.95972222222223,0.06972222222222223,9.6,17.0,100.0,0.74,3.9,3.9,61.8,0.0
151,2024-11-28 00:00:00+00:00,4.965277777777778,6.080555555555556,93.44027777777778,0.08805555555555555,8.5,14.1,100.0,0.49,-0.4,-0.4,68.8,0.0
152,2024-11-29 00:00:00+00:00,-1.301388888888889,-0.32499999999999996,94.45277777777778,0.05777777777777778,9.9,11.9,100.0,0.67,-4.6,-4.6,49.0,0.0
153,2024-11-30 00:00:00+00:00,-2.7347222222222225,-1.4472222222222222,93.08888888888889,0.08125,6.9,11.8,100.0,0.69,-5.8,-5.8,50.0,0.0
154,2024-12-01 00:00:00+00:00,-3.115277777777778,-1.125,89.42500000000001,0.11777777777777779,4.8,11.8,100.0,0.75,-5.8,-5.8,44.9,0.0
155,2024-12-02 00:00:00+00:00,-3.0611111111111113,-1.3625,90.84305555555555,0.10152777777777779,5.0,12.0,100.0,0.74,-6.6,-6.5,47.2,0.0
156,2024-12-03 00:00:00+00:00,2.3900634557902677e-17,1.3208333333333333,91.61944444444445,0.06986111111111111,2.6,6.5,100.0,0.25,-4.1,-4.1,74.2,0.0
157,2024-12-04 00:00:00+00:00,1.7041666666666666,2.1624999999999996,97.01249999999999,0.0275,6.0,8.2,100.0,0.15,-3.3,-3.3,85.8,0.0
158,2024-12-05 00:00:00+00:00,-2.404166666666667,-1.9652777777777777,97.02638888888889,0.02263888888888889,8.7,9.8,100.0,0.27,-5.8,-5.8,71.4,0.0
159,2024-12-06 00:00:00+00:00,-2.2194444444444446,1.7930555555555554,78.99722222222222,0.20722222222222222,1.0,10.4,100.0,0.88,-7.4,-3.6,29.0,0.0
160,2024-12-07 00:00:00+00:00,-2.0277777777777777,0.12916666666666665,86.35138888888889,0.09819444444444445,0.2,5.4,100.0,0.3,-5.2,-5.1,65.2,0.0
161,2024-12-08 00:00:00+00:00,0.6291666666666667,0.6291666666666667,99.99583333333334,0.0,1.4,1.4,100.0,0.0,0.0,0.0,99.7,0.0
162,2024-12-09 00:00:00+00:00,1.4597222222222221,1.4597222222222221,100.0,0.0,5.0,5.0,100.0,0.0,0.0,0.0,100.0,0.0
163,2024-12-10 00:00:00+00:00,1.8816901408450704,1.8816901408450704,100.0,0.0,4.8,4.8,100.0,0.0,0.5,0.5,100.0,0.0
164,2024-12-11 00:00:00+00:00,-0.7084507042253521,-0.6183098591549295,99.39859154929577,0.006338028169014085,9.3,10.2,100.0,0.07,-5.4,-5.4,93.9,0.0
165,2024-12-12 00:00:00+00:00,-3.3569444444444443,-3.2777777777777777,99.475,0.005277777777777778,7.7,8.5,100.0,0.06,-7.0,-7.0,95.0,0.0
166,2024-12-13 00:00:00+00:00,-2.638888888888889,-2.5625,99.48333333333333,0.004722222222222221,7.3,7.9,100.0,0.06,-7.9,-7.9,93.7,0.0
167,2024-12-14 00:00:00+00:00,0.5305555555555554,0.5319444444444444,99.98888888888888,0.0001388888888888889,4.6,4.7,100.0,0.01,-1.9,-1.9,99.2,0.0
168,2024-12-15 00:00:00+00:00,-0.13611111111111113,0.041666666666666664,98.83472222222223,0.010277777777777778,8.9,9.8,100.0,0.13,-3.7,-3.7,82.5,0.0
169,2024-12-16 00:00:00+00:00,0.2732394366197183,2.408450704225352,87.50985915492957,0.1288732394366197,4.0,13.8,100.0,0.76,-2.8,-2.8,52.0,0.0
170,2024-12-17 00:00:00+00:00,-0.07500000000000001,0.5277777777777778,96.44583333333334,0.042916666666666665,7.1,13.5,100.0,0.58,-2.9,-2.9,62.2,0.0
171,2024-12-18 00:00:00+00:00,-0.5874999999999999,-0.1402777777777778,97.28194444444445,0.03027777777777778,6.8,11.2,100.0,0.35,-4.5,-4.5,73.7,0.0
172,2024-12-19 00:00:00+00:00,0.4225352112676056,0.4225352112676056,100.0,0.0,3.4,3.4,100.0,0.0,-4.9,-4.9,100.0,0.0
173,2024-12-20 00:00:00+00:00,-2.0788732394366196,4.405633802816902,67.16056338028169,0.3019718309859155,5.7,11.2,100.0,0.8,-7.2,-2.1,36.4,0.0
174,2024-12-21 00:00:00+00:00,-4.698591549295775,-1.556338028169014,81.80985915492958,0.13732394366197184,-1.6,10.3,99.6,0.7,-6.5,-6.2,43.9,0.0
175,2024-12-22 00:00:00+00:00,-2.45,-1.6555555555555557,94.75694444444444,0.03305555555555555,-0.2,1.7,100.0,0.15,-5.1,-5.1,78.3,0.0
176,2024-12-23 00:00:00+00:00,-7.429166666666666,4.265277777777778,46.1875,0.4965277777777778,-0.1,14.5,100.0,1.25,-12.0,-2.3,22.7,0.0
177,2024-12-24 00:00:00+00:00,-7.32361111111111,5.673611111111111,40.03333333333333,0.5801388888888889,-2.7,14.1,66.6,1.21,-9.7,-1.3,24.2,0.19
178,2024-12-25 00:00:00+00:00,-5.918055555555556,-2.3041666666666667,79.73750000000001,0.15888888888888889,-1.5,11.4,99.9,0.82,-8.3,-8.3,38.9,0.0
179,2024-12-26 00:00:00+00:00,-6.466666666666667,-4.238888888888889,88.01527777777778,0.10388888888888889,1.3,10.7,100.0,0.8,-9.0,-8.9,37.8,0.0
180,2024-12-27 00:00:00+00:00,-5.53943661971831,-3.790140845070423,90.33943661971831,0.0876056338028169,0.8,10.4,100.0,0.69,-9.0,-8.9,45.6,0.0
181,2024-12-28 00:00:00+00:00,-3.029166666666667,-1.3902777777777777,91.03611111111111,0.09916666666666667,2.8,12.3,100.0,0.71,-6.3,-6.3,50.2,0.0
182,2024-12-29 00:00:00+00:00,-2.3555555555555556,-1.338888888888889,94.31944444444444,0.06972222222222221,5.9,12.6,100.0,0.6,-6.0,-6.0,57.0,0.0
183,2024-12-30 00:00:00+00:00,-2.473611111111111,-1.7666666666666666,95.83888888888889,0.048749999999999995,6.2,12.1,100.0,0.47,-6.4,-6.4,65.2,0.0
184,2024-12-31 00:00:00+00:00,-3.3774647887323943,-2.750704225352113,96.28873239436619,0.04042253521126761,5.6,10.8,100.0,0.43,-7.0,-7.0,66.7,0.0
185,2025-01-01 00:00:00+00:00,-4.093055555555555,-3.408333333333333,95.82916666666667,0.03986111111111111,4.6,9.7,100.0,0.37,-7.9,-7.9,69.2,0.0
186,2025-01-02 00:00:00+00:00,-2.7625,-2.4027777777777777,97.59861111111111,0.016666666666666666,0.6,2.9,100.0,0.11,-7.0,-7.0,85.2,0.0
187,2025-01-03 00:00:00+00:00,-2.961111111111111,-0.08472222222222218,85.83888888888889,0.15847222222222224,2.6,14.5,100.0,1.13,-6.9,-6.9,29.0,0.0
188,2025-01-04 00:00:00+00:00,-6.184722222222223,-5.023611111111111,93.20972222222223,0.05194444444444444,1.8,6.4,100.0,0.44,-10.4,-10.3,53.1,0.0
189,2025-01-05 00:00:00+00:00,-2.0541666666666667,-0.8722222222222222,92.23333333333333,0.051111111111111114,-0.5,2.0,100.0,0.16,-7.0,-7.0,76.2,0.0
190,2025-01-06 00:00:00+00:00,0.43472222222222223,1.2430555555555556,94.48472222222222,0.03805555555555556,3.5,3.8,100.0,0.1,-3.2,-3.1,87.1,0.0
191,2025-01-07 00:00:00+00:00,3.7194444444444446,3.7194444444444446,100.0,0.0,7.1,7.1,100.0,0.0,2.0,2.0,100.0,0.0
192,2025-01-08 00:00:00+00:00,3.697222222222222,3.7916666666666665,99.37777777777778,0.006111111111111111,10.0,10.5,100.0,0.06,1.3,1.3,95.5,0.0
193,2025-01-09 00:00:00+00:00,4.302777777777778,4.302777777777778,100.0,0.0,5.9,5.9,100.0,0.0,3.6,3.6,100.0,0.0
194,2025-01-10 00:00:00+00:00,-0.49583333333333335,2.7666666666666666,82.98611111111111,0.15597222222222223,4.8,10.2,100.0,0.77,-5.7,-0.9,37.3,0.0
195,2025-01-11 00:00:00+00:00,-3.448611111111111,-1.3958333333333333,87.98333333333333,0.09930555555555556,-0.2,9.8,100.0,0.6,-6.2,-6.2,48.8,0.0
196,2025-01-12 00:00:00+00:00,-5.402816901408451,-2.147887323943662,81.71267605633804,0.14549295774647888,-1.0,11.3,100.0,0.81,-8.3,-7.3,39.6,0.0
197,2025-01-13 00:00:00+00:00,-6.358333333333333,-2.9055555555555554,80.9375,0.14944444444444444,-2.0,9.8,100.0,0.75,-8.4,-7.9,37.4,0.0
198,2025-01-14 00:00:00+00:00,-5.795774647887324,-3.852112676056338,89.40985915492958,0.0947887323943662,0.7,10.0,100.0,0.71,-9.0,-9.0,41.8,0.0
199,2025-01-15 00:00:00+00:00,-4.78169014084507,-1.9211267605633804,84.44084507042254,0.13633802816901408,-1.6,10.5,100.0,0.73,-8.0,-8.0,42.1,0.0
200,2025-01-16 00:00:00+00:00,-3.209722222222222,-0.33611111111111114,83.85972222222222,0.14805555555555555,0.3,11.0,100.0,0.72,-5.9,-5.7,44.0,0.0
201,2025-01-17 00:00:00+00:00,-3.7222222222222223,-2.529166666666667,93.31944444444444,0.07319444444444445,3.6,10.8,100.0,0.59,-7.5,-7.5,54.1,0.0
202,2025-01-18 00:00:00+00:00,-4.140845070422535,-2.335211267605634,90.12394366197184,0.0995774647887324,2.4,12.2,100.0,0.84,-7.8,-7.8,41.2,0.0
203,2025-01-19 00:00:00+00:00,0.3638888888888889,1.5027777777777778,92.54583333333333,0.05402777777777778,3.2,4.5,100.0,0.21,-3.4,-3.2,75.0,0.0
204,2025-01-20 00:00:00+00:00,1.9569444444444446,1.9569444444444446,100.0,0.0,4.8,4.8,100.0,0.0,-0.7,-0.7,100.0,0.0
205,2025-01-21 00:00:00+00:00,2.2986301369863016,2.3219178082191783,99.84657534246575,0.002191780821917808,12.8,13.4,100.0,0.06,-2.6,-2.6,96.3,0.0
206,2025-01-22 00:00:00+00:00,1.3652777777777778,1.3652777777777778,100.0,0.0,5.7,5.7,100.0,0.0,-3.3,-3.3,100.0,0.0
207,2025-01-23 00:00:00+00:00,2.72112676056338,2.72112676056338,100.0,0.0,5.3,5.3,100.0,0.0,0.0,0.0,100.0,0.0
208,2025-01-24 00:00:00+00:00,1.7402777777777778,1.7625000000000002,99.85,0.0016666666666666666,11.2,11.3,100.0,0.04,-1.3,-1.3,96.9,0.0
209,2025-01-25 00:00:00+00:00,4.172222222222222,4.815277777777777,96.11805555555556,0.04736111111111111,8.9,13.1,100.0,0.47,0.7,0.7,68.7,0.0
210,2025-01-26 00:00:00+00:00,5.670833333333333,5.673611111111111,99.97777777777777,0.0002777777777777778,12.5,12.7,100.0,0.02,4.0,4.0,98.6,0.0
211,2025-01-27 00:00:00+00:00,5.465277777777778,5.465277777777778,100.0,0.0,6.3,6.3,100.0,0.0,3.5,3.5,100.0,0.0
212,2025-01-28 00:00:00+00:00,7.002777777777777,7.002777777777777,100.0,0.0,11.7,11.7,100.0,0.0,1.4,1.4,100.0,0.0
213,2025-01-29 00:00:00+00:00,2.371830985915493,2.936619718309859,96.6887323943662,0.04450704225352113,11.7,13.5,100.0,0.48,-2.0,-2.0,68.7,0.0
214,2025-01-30 00:00:00+00:00,0.8791666666666667,1.6222222222222222,95.53472222222223,0.05291666666666667,7.4,12.3,100.0,0.41,-2.8,-2.8,70.0,0.0
215,2025-01-31 00:00:00+00:00,1.5013888888888889,1.6791666666666667,98.86250000000001,0.011666666666666665,7.0,9.1,100.0,0.15,-3.4,-3.4,87.1,0.0
216,2025-02-01 00:00:00+00:00,3.783333333333333,3.783333333333333,100.0,0.0,6.5,6.5,100.0,0.0,1.9,1.9,100.0,0.0
217,2025-02-02 00:00:00+00:00,2.6458333333333335,2.772222222222222,99.21805555555555,0.010138888888888888,13.5,13.8,100.0,0.26,-2.3,-2.3,80.1,0.0
218,2025-02-03 00:00:00+00:00,1.0625,2.2805555555555554,93.44722222222222,0.09958333333333333,11.9,16.0,100.0,0.82,-3.2,-3.2,49.1,0.0
219,2025-02-04 00:00:00+00:00,-0.06056338028169012,2.183098591549296,88.51267605633802,0.16647887323943664,5.8,15.5,100.0,0.95,-3.8,-3.8,45.8,0.0
220,2025-02-05 00:00:00+00:00,-0.836111111111111,1.8125,86.92361111111111,0.1934722222222222,5.9,16.4,100.0,1.12,-4.0,-4.0,39.6,0.0
221,2025-02-06 00:00:00+00:00,-1.4388888888888889,1.363888888888889,85.72083333333333,0.19041666666666665,3.9,15.7,100.0,1.07,-4.9,-4.9,39.9,0.0
222,2025-02-07 00:00:00+00:00,-1.4388888888888889,0.15000000000000002,90.6888888888889,0.09180555555555556,3.6,10.1,100.0,0.49,-5.1,-5.1,59.8,0.0
223,2025-02-08 00:00:00+00:00,0.9291666666666667,2.1375,92.29861111111111,0.06319444444444444,2.3,5.6,100.0,0.22,-0.9,-0.9,76.2,0.0
224,2025-02-09 00:00:00+00:00,2.9819444444444443,2.9819444444444443,100.0,0.0,5.0,5.0,100.0,0.0,1.3,1.3,100.0,0.0
225,2025-02-10 00:00:00+00:00,6.120833333333334,6.122222222222223,99.98750000000001,0.0001388888888888889,13.8,13.9,100.0,0.01,3.3,3.3,99.2,0.0
226,2025-02-11 00:00:00+00:00,6.654166666666667,6.979166666666667,97.94027777777778,0.025277777777777777,9.1,10.9,100.0,0.15,5.0,5.0,88.7,0.0
227,2025-02-12 00:00:00+00:00,6.741666666666666,6.940277777777777,98.74166666666666,0.01680555555555556,11.6,14.4,100.0,0.27,4.7,4.7,83.5,0.0
228,2025-02-13 00:00:00+00:00,6.5197183098591545,6.711267605633803,98.76197183098591,0.014084507042253521,8.4,9.6,100.0,0.11,5.5,5.5,90.8,0.0
229,2025-02-14 00:00:00+00:00,3.022222222222222,3.441666666666667,97.40833333333333,0.025277777777777777,5.7,7.3,100.0,0.27,-2.2,-2.2,71.7,0.0
230,2025-02-15 00:00:00+00:00,-2.047887323943662,1.7563380281690142,81.75352112676056,0.24211267605633804,2.8,14.4,100.0,1.02,-4.2,-4.2,35.2,0.0
231,2025-02-16 00:00:00+00:00,-0.36666666666666664,1.9749999999999999,87.36388888888888,0.15402777777777776,3.6,13.4,100.0,0.77,-3.9,-3.9,49.9,0.0
232,2025-02-17 00:00:00+00:00,0.3055555555555556,2.3694444444444445,87.80555555555556,0.11777777777777779,2.9,11.2,100.0,0.57,-3.7,-3.7,56.9,0.0
233,2025-02-18 00:00:00+00:00,-0.6929577464788733,2.591549295774648,81.12112676056339,0.18408450704225351,2.9,12.9,100.0,0.75,-4.0,-4.0,49.0,0.0
234,2025-02-19 00:00:00+00:00,-2.084722222222222,-0.27222222222222225,88.94583333333334,0.08791666666666667,-0.1,5.4,100.0,0.31,-4.4,-4.4,65.7,0.0
235,2025-02-20 00:00:00+00:00,-1.0,2.1305555555555555,84.20416666666667,0.21861111111111112,3.4,15.3,100.0,0.98,-4.9,-4.9,43.0,0.0
236,2025-02-21 00:00:00+00:00,0.045833333333333344,3.3444444444444446,83.48055555555555,0.25625,5.3,18.0,100.0,1.19,-4.5,-4.5,42.2,0.0
237,2025-02-22 00:00:00+00:00,1.2347222222222223,3.076388888888889,89.64444444444445,0.13444444444444445,6.3,14.3,100.0,0.68,-3.5,-3.5,58.1,0.0
238,2025-02-23 00:00:00+00:00,3.3208333333333333,5.527777777777778,88.05000000000001,0.18541666666666667,8.4,18.6,100.0,1.03,-1.4,-1.4,51.8,0.0
239,2025-02-24 00:00:00+00:00,4.273611111111111,6.154166666666667,89.74166666666666,0.1648611111111111,9.2,18.6,100.0,1.0,-0.9,-0.9,53.3,0.0
240,2025-02-25 00:00:00+00:00,6.641666666666667,7.51111111111111,94.97638888888889,0.07361111111111111,10.0,15.5,100.0,0.57,3.0,3.0,67.4,0.0
241,2025-02-26 00:00:00+00:00,6.542253521126761,6.542253521126761,100.0,0.0,8.5,8.5,100.0,0.0,5.2,5.2,100.0,0.0
242,2025-02-27 00:00:00+00:00,5.268055555555556,8.730555555555556,83.66388888888889,0.3116666666666667,11.9,19.8,100.0,1.4,3.5,3.5,38.7,0.0
243,2025-02-28 00:00:00+00:00,4.025352112676057,7.6352112676056345,80.68732394366198,0.27056338028169014,7.4,17.7,100.0,1.19,1.5,1.5,41.2,0.0
244,2025-03-01 00:00:00+00:00,3.0319444444444446,6.336111111111111,81.86250000000001,0.2352777777777778,6.4,16.4,100.0,0.97,-0.1,-0.1,46.1,0.0
245,2025-03-02 00:00:00+00:00,-0.013888888888888883,5.074999999999999,76.95416666666667,0.3898611111111111,6.2,20.0,100.0,1.62,-3.3,-3.3,25.8,0.0
246,2025-03-03 00:00:00+00:00,0.002777777777777765,5.523611111111111,75.80138888888888,0.44805555555555554,6.2,21.4,100.0,1.8,-3.9,-3.9,29.1,0.0
247,2025-03-04 00:00:00+00:00,0.5083333333333333,6.240277777777778,74.94305555555555,0.4977777777777778,5.7,23.1,100.0,2.09,-3.6,-3.6,26.1,0.0
248,2025-03-05 00:00:00+00:00,1.025,7.354166666666667,72.79861111111111,0.5766666666666667,5.7,24.6,100.0,2.29,-3.4,-3.4,25.9,0.0
249,2025-03-06 00:00:00+00:00,0.9591549295774647,7.350704225352112,72.55633802816901,0.5791549295774647,5.6,24.0,100.0,2.2,-3.4,-3.4,26.3,0.0
250,2025-03-07 00:00:00+00:00,0.7653061224489796,8.116326530612245,70.03469387755102,0.6757142857142857,5.4,22.7,100.0,2.01,-3.2,-3.2,26.6,0.0
